roi_id,2.0,6.0,10.0,14.0,18.0,22.0,26.0,30.0,34.0,38.0,42.0,46.0,50.0,54.0,58.0,62.0,66.0,70.0,74.0,78.0,82.0,86.0,90.0,94.0,98.0,102.0,106.0,110.0,114.0,118.0,122.0,126.0,130.0,134.0,138.0,142.0,146.0,150.0,154.0,158.0,162.0,166.0,170.0,174.0,178.0,182.0,186.0,190.0,194.0,198.0,202.0,206.0,210.0,214.0,218.0,222.0,226.0,230.0,234.0,238.0,242.0,246.0,250.0,254.0
welding_0001_17-38-12_p0,0.009903169014084508,0.014964788732394365,0.01111355633802817,0.00858274647887324,0.009022887323943662,0.009903169014084508,0.010783450704225352,0.01056338028169014,0.012764084507042254,0.014304577464788732,0.01386443661971831,0.01309419014084507,0.014524647887323943,0.015404929577464789,0.01661531690140845,0.01683538732394366,0.01639524647887324,0.013534330985915492,0.014964788732394365,0.023107394366197184,0.01914612676056338,0.015404929577464789,0.01210387323943662,0.01133362676056338,0.01056338028169014,0.0077024647887323945,0.007592429577464789,0.011443661971830986,0.011223591549295775,0.015514964788732395,0.01639524647887324,0.01991637323943662,0.02321742957746479,0.0390625,0.037852112676056336,0.03675176056338028,0.025638204225352113,0.030919894366197184,0.025308098591549297,0.02519806338028169,0.026518485915492957,0.02442781690140845,0.018265845070422535,0.01859595070422535,0.017495598591549297,0.015735035211267605,0.010783450704225352,0.01210387323943662,0.008472711267605635,0.009793133802816902,0.008802816901408451,0.009683098591549295,0.010893485915492957,0.010893485915492957,0.01309419014084507,0.013204225352112676,0.010673415492957746,0.010783450704225352,0.009463028169014084,0.008802816901408451,0.008362676056338027,0.007482394366197183,0.0062720070422535214,0.03686179577464789
welding_0001_17-38-12_p1,0.011978178368121442,0.013994307400379507,0.011859582542694497,0.010910815939278937,0.010792220113851992,0.013875711574952562,0.014468690702087287,0.014350094876660342,0.0176707779886148,0.017314990512333966,0.01624762808349146,0.015061669829222012,0.015180265654648957,0.013994307400379507,0.017314990512333966,0.01790796963946869,0.016840607210626187,0.013994307400379507,0.014943074003795066,0.023481973434535106,0.019924098671726755,0.016959203036053132,0.012571157495256167,0.011978178368121442,0.012452561669829222,0.009487666034155597,0.010673624288425047,0.013282732447817837,0.015891840607210626,0.016840607210626187,0.01719639468690702,0.01838235294117647,0.018500948766603416,0.02620967741935484,0.030953510436432637,0.03213946869070209,0.030597722960151803,0.036053130929791274,0.030834914611005692,0.028937381404174574,0.02905597722960152,0.02336337760910816,0.02075426944971537,0.020161290322580645,0.014705882352941176,0.013994307400379507,0.009131878557874763,0.010555028462998103,0.0072343453510436435,0.008420303605313094,0.007590132827324478,0.008776091081593928,0.008894686907020872,0.008183111954459203,0.006641366223908918,0.005811195445920303,0.007352941176470588,0.005929791271347249,0.006404174573055028,0.006048387096774193,0.006285578747628084,0.006285578747628084,0.005218216318785579,0.041152751423149905
welding_0001_17-38-12_p2,5.191029900332226e-05,0.0002595514950166113,0.00031146179401993354,0.0004152823920265781,0.0003633720930232558,0.0010901162790697674,0.0019206810631229236,0.003789451827242525,0.007111710963455149,0.008149916943521594,0.0070598006644518275,0.0048276578073089705,0.006073504983388704,0.006281146179401994,0.006904069767441861,0.008669019933554817,0.009032392026578073,0.009084302325581396,0.009707225913621262,0.008305647840531562,0.010070598006644518,0.011004983388704318,0.01287375415282392,0.01879152823920266,0.023359634551495017,0.024501661129568107,0.02091985049833887,0.020816029900332225,0.02299626245847176,0.024034468438538206,0.022892441860465115,0.023307724252491693,0.026785714285714284,0.0321843853820598,0.03363787375415282,0.031613372093023256,0.02294435215946844,0.019829734219269105,0.017286129568106313,0.021335132890365448,0.02528031561461794,0.021387043189368772,0.01905107973421927,0.02071220930232558,0.028602574750830563,0.04324127906976744,0.04843230897009967,0.016455564784053155,0.010485880398671096,0.015365448504983389,0.025851328903654484,0.025176495016611296,0.022009966777408636,0.03223629568106312,0.03576619601328904,0.032703488372093026,0.011212624584717609,0.005035299003322259,0.004516196013289037,0.0031665282392026577,0.002180232558139535,0.0020764119601328905,0.0008305647840531562,0.007630813953488372
welding_0001_17-38-12_p3,0.022033898305084745,0.01966101694915254,0.017966101694915255,0.01305084745762712,0.013220338983050847,0.013220338983050847,0.012542372881355932,0.012203389830508475,0.012711864406779662,0.014067796610169492,0.01423728813559322,0.011186440677966102,0.01423728813559322,0.013898305084745762,0.014915254237288136,0.01305084745762712,0.01694915254237288,0.015084745762711864,0.015084745762711864,0.014067796610169492,0.009491525423728813,0.01152542372881356,0.014915254237288136,0.012203389830508475,0.01,0.009322033898305085,0.010847457627118645,0.009661016949152543,0.008983050847457628,0.01152542372881356,0.012542372881355932,0.01576271186440678,0.02,0.029830508474576273,0.025423728813559324,0.01813559322033898,0.01135593220338983,0.016101694915254237,0.01440677966101695,0.017796610169491526,0.014745762711864407,0.01423728813559322,0.01423728813559322,0.015423728813559322,0.013898305084745762,0.01423728813559322,0.014915254237288136,0.013220338983050847,0.016271186440677966,0.01813559322033898,0.02,0.01966101694915254,0.017796610169491526,0.020508474576271186,0.03457627118644068,0.02694915254237288,0.023389830508474575,0.016271186440677966,0.016271186440677966,0.01305084745762712,0.011016949152542373,0.012711864406779662,0.00983050847457627,0.025423728813559324
welding_0001_17-38-12_p4,0.006287878787878788,0.007424242424242424,0.007651515151515151,0.009393939393939394,0.00946969696969697,0.011212121212121211,0.011363636363636364,0.012727272727272728,0.016363636363636365,0.01053030303030303,0.012272727272727272,0.012575757575757575,0.011136363636363637,0.010984848484848484,0.009318181818181817,0.010606060606060607,0.009545454545454546,0.00893939393939394,0.009772727272727273,0.009848484848484848,0.008106060606060606,0.008484848484848486,0.00946969696969697,0.009772727272727273,0.00803030303030303,0.006590909090909091,0.007803030303030303,0.008484848484848486,0.008712121212121213,0.009545454545454546,0.00946969696969697,0.010075757575757576,0.012727272727272728,0.01446969696969697,0.014393939393939395,0.015075757575757576,0.019696969696969695,0.019696969696969695,0.018636363636363635,0.021893939393939393,0.03143939393939394,0.037196969696969694,0.05757575757575758,0.05393939393939394,0.038636363636363635,0.0659090909090909,0.05621212121212121,0.034166666666666665,0.027954545454545454,0.023712121212121212,0.016742424242424243,0.015681818181818182,0.016136363636363636,0.013030303030303031,0.010454545454545454,0.009166666666666667,0.006287878787878788,0.005151515151515152,0.0048484848484848485,0.0036363636363636364,0.0035606060606060605,0.0030303030303030303,0.0024242424242424242,0.014545454545454545
welding_0001_17-38-12_p5,0.01939655172413793,0.021551724137931036,0.01810344827586207,0.015948275862068966,0.01163793103448276,0.01853448275862069,0.01810344827586207,0.015086206896551725,0.01939655172413793,0.013793103448275862,0.013362068965517242,0.015517241379310345,0.0125,0.014655172413793103,0.01163793103448276,0.013793103448275862,0.009051724137931035,0.010775862068965518,0.009482758620689655,0.009913793103448277,0.01206896551724138,0.009913793103448277,0.010775862068965518,0.011206896551724138,0.008189655172413794,0.00603448275862069,0.00646551724137931,0.009913793103448277,0.005172413793103448,0.007327586206896552,0.005172413793103448,0.007327586206896552,0.009482758620689655,0.005603448275862069,0.011206896551724138,0.0125,0.016810344827586206,0.014655172413793103,0.0125,0.013793103448275862,0.01810344827586207,0.02456896551724138,0.01293103448275862,0.021982758620689654,0.020689655172413793,0.015948275862068966,0.015948275862068966,0.021551724137931036,0.009913793103448277,0.01939655172413793,0.01163793103448276,0.015517241379310345,0.021120689655172414,0.01767241379310345,0.016810344827586206,0.021120689655172414,0.02413793103448276,0.015948275862068966,0.013362068965517242,0.01293103448275862,0.013362068965517242,0.01293103448275862,0.015517241379310345,0.11853448275862069
welding_0001_17-38-12_p6,0.0022836538461538463,0.005048076923076923,0.004086538461538462,0.004927884615384615,0.004206730769230769,0.004927884615384615,0.0046875,0.005528846153846154,0.005889423076923077,0.005408653846153846,0.006370192307692308,0.005408653846153846,0.005048076923076923,0.007211538461538462,0.00829326923076923,0.0069711538461538465,0.009495192307692307,0.012139423076923077,0.012740384615384615,0.014903846153846155,0.01670673076923077,0.01658653846153846,0.01610576923076923,0.017427884615384616,0.015504807692307693,0.014543269230769231,0.01766826923076923,0.01766826923076923,0.01875,0.01935096153846154,0.018149038461538463,0.022115384615384617,0.018028846153846152,0.01766826923076923,0.01766826923076923,0.015625,0.01658653846153846,0.01875,0.020552884615384615,0.01358173076923077,0.01875,0.025,0.028125,0.037259615384615384,0.0484375,0.04903846153846154,0.040625,0.02860576923076923,0.027884615384615386,0.049639423076923074,0.02439903846153846,0.018870192307692307,0.018149038461538463,0.015384615384615385,0.012980769230769231,0.013822115384615384,0.009735576923076923,0.009375,0.009975961538461538,0.006370192307692308,0.005889423076923077,0.004927884615384615,0.003605769230769231,0.008533653846153845
welding_0001_17-38-12_p7,0.013914728682170543,0.015930232558139534,0.01003875968992248,0.007868217054263566,0.008992248062015503,0.009961240310077519,0.00937984496124031,0.009806201550387597,0.011085271317829458,0.010813953488372092,0.01124031007751938,0.01,0.010697674418604652,0.010891472868217055,0.01003875968992248,0.010348837209302325,0.01003875968992248,0.009224806201550388,0.00934108527131783,0.009418604651162791,0.011279069767441861,0.011937984496124031,0.011434108527131783,0.013062015503875968,0.011046511627906977,0.012248062015503876,0.012945736434108528,0.01434108527131783,0.015968992248062017,0.017751937984496122,0.0174031007751938,0.02,0.020426356589147286,0.022829457364341086,0.028333333333333332,0.03054263565891473,0.033255813953488374,0.03569767441860465,0.03430232558139535,0.03662790697674419,0.03445736434108527,0.04496124031007752,0.037131782945736436,0.038604651162790694,0.03600775193798449,0.026589147286821706,0.024689922480620154,0.022713178294573644,0.018449612403100776,0.015697674418604653,0.013565891472868217,0.010193798449612403,0.009612403100775194,0.0077131782945736435,0.007054263565891473,0.007015503875968992,0.0057751937984496125,0.00437984496124031,0.004186046511627907,0.0029069767441860465,0.0017829457364341085,0.0012790697674418604,0.0015503875968992248,0.0032170542635658913
welding_0001_17-38-17_p0,0.06799259944495838,0.049867021276595744,0.026219935245143385,0.028648242368177614,0.035730804810360776,0.024543246993524514,0.017084875115633672,0.014367483811285846,0.014714384828862165,0.014049491211840888,0.014078399629972248,0.015003469010175763,0.014685476410730805,0.013297872340425532,0.014136216466234967,0.014540934320074006,0.01561054579093432,0.013962765957446808,0.014078399629972248,0.01370259019426457,0.01367368177613321,0.01358695652173913,0.01367368177613321,0.012690795559666975,0.011361008325624422,0.011129740980573543,0.010667206290471786,0.00988667900092507,0.010089037927844588,0.010204671600370028,0.009395235892691952,0.009221785383903792,0.00953977798334875,0.008470166512488437,0.008932701202590194,0.009077243293246993,0.008585800185013877,0.008556891766882516,0.008730342275670676,0.009077243293246993,0.008701433857539315,0.008817067530064756,0.00953977798334875,0.008903792784458834,0.009395235892691952,0.009221785383903792,0.009221785383903792,0.009337419056429232,0.010031221091581869,0.012083718778908419,0.014194033302497687,0.012864246068455135,0.014512025901942645,0.016911424606845513,0.019339731729879742,0.0192240980573543,0.020958603145235892,0.022461840888066607,0.01957099907493062,0.01552382053654024,0.012054810360777058,0.01170790934320074,0.009337419056429232,0.053220397779833485
welding_0001_17-38-17_p1,0.034759358288770054,0.03558696205755029,0.019862490450725745,0.01871657754010695,0.017188693659281894,0.016615737203972497,0.019162210338680926,0.01846193022663611,0.0213903743315508,0.021072065189712247,0.020499108734402853,0.021581359816653933,0.020053475935828877,0.020690094219505985,0.02024446142093201,0.01833460656990069,0.017061370002546473,0.015406162464985995,0.014514896867838044,0.01330532212885154,0.014005602240896359,0.01406926406926407,0.012859689330277566,0.013623631270690094,0.013687293099057805,0.013941940412528648,0.012859689330277566,0.010886172650878533,0.013368983957219251,0.011268143621084798,0.01330532212885154,0.015278838808250574,0.013687293099057805,0.011841100076394193,0.01241405653170359,0.013750954927425516,0.013114336643748408,0.01241405653170359,0.014705882352941176,0.013050674815380697,0.012286732874968169,0.012223071046600458,0.011013496307613954,0.015342500636618284,0.014705882352941176,0.015406162464985995,0.014833206009676598,0.016552075375604786,0.01674306086070792,0.020753756047873696,0.022472625413801885,0.021135727018079958,0.0196078431372549,0.015597147950089126,0.014578558696205755,0.014451235039470333,0.012796027501909855,0.009485612426788897,0.008148714031066972,0.007321110262286733,0.0053475935828877,0.005283931754519989,0.004965622612681436,0.02030812324929972
welding_0001_17-38-17_p2,0.011593816631130065,0.04757462686567164,0.026652452025586353,0.02412046908315565,0.024653518123667378,0.025053304904051173,0.026918976545842216,0.03025053304904051,0.03304904051172708,0.034781449893390194,0.030783582089552237,0.02931769722814499,0.024653518123667378,0.02398720682302772,0.02571961620469083,0.02332089552238806,0.023054371002132198,0.019856076759061835,0.016257995735607676,0.01745735607675906,0.014925373134328358,0.01732409381663113,0.017990405117270788,0.0142590618336887,0.0142590618336887,0.014525586353944563,0.012926439232409381,0.012926439232409381,0.0113272921108742,0.013726012793176973,0.012260127931769723,0.011593816631130065,0.009195095948827291,0.00972814498933902,0.008528784648187633,0.010394456289978678,0.008528784648187633,0.013592750533049041,0.01199360341151386,0.009195095948827291,0.010794243070362473,0.011460554371002133,0.011593816631130065,0.009994669509594883,0.012526652452025586,0.009328358208955223,0.008395522388059701,0.008795309168443496,0.007196162046908316,0.00599680170575693,0.007196162046908316,0.008928571428571428,0.00599680170575693,0.007196162046908316,0.004131130063965885,0.005197228144989339,0.0046641791044776115,0.0065298507462686565,0.0061300639658848615,0.0061300639658848615,0.005863539445628998,0.0065298507462686565,0.008795309168443496,0.05237206823027719
welding_0001_17-38-17_p3,0.0155,0.04783333333333333,0.0275,0.027333333333333334,0.028166666666666666,0.029833333333333333,0.028,0.025,0.0275,0.028,0.02666666666666667,0.0275,0.021333333333333333,0.02666666666666667,0.02666666666666667,0.022833333333333334,0.023166666666666665,0.017,0.017333333333333333,0.018333333333333333,0.016833333333333332,0.014833333333333334,0.018,0.013833333333333333,0.014666666666666666,0.0155,0.014166666666666666,0.014666666666666666,0.011833333333333333,0.015333333333333332,0.016166666666666666,0.013166666666666667,0.016,0.013333333333333334,0.009166666666666667,0.0115,0.0085,0.0135,0.011,0.009,0.011,0.010833333333333334,0.010666666666666666,0.008833333333333334,0.012166666666666666,0.01,0.012,0.010833333333333334,0.011333333333333334,0.009,0.009833333333333333,0.0085,0.004833333333333334,0.008333333333333333,0.006666666666666667,0.007166666666666667,0.008333333333333333,0.006666666666666667,0.005166666666666667,0.0045,0.0035,0.003833333333333333,0.005,0.027833333333333335
welding_0001_17-38-17_p4,0.016891891891891893,0.0499767008387698,0.031803355079217145,0.025396085740913326,0.021202236719478098,0.017357875116495808,0.018406337371854615,0.02364864864864865,0.024697110904007457,0.024813606710158434,0.02190121155638397,0.020619757688723206,0.018872320596458526,0.016425908667287978,0.019105312208760484,0.016425908667287978,0.016076421248835043,0.016658900279589935,0.013630009319664491,0.016425908667287978,0.014678471575023298,0.01782385834109972,0.016076421248835043,0.013979496738117428,0.01549394221808015,0.015260950605778192,0.013280521901211557,0.015027958993476235,0.014212488350419385,0.014212488350419385,0.014911463187325256,0.014678471575023298,0.011533084808946877,0.012814538676607642,0.011766076421248835,0.010601118359739049,0.011649580615097856,0.014445479962721343,0.01549394221808015,0.013863000931966449,0.015260950605778192,0.01700838769804287,0.014328984156570364,0.015027958993476235,0.01619291705498602,0.013164026095060578,0.011766076421248835,0.013164026095060578,0.011882572227399813,0.011416589002795898,0.013863000931966449,0.015027958993476235,0.01048462255358807,0.010251630941286114,0.010601118359739049,0.010018639328984157,0.009902143522833178,0.005125815470643057,0.0065237651444548,0.0065237651444548,0.005941286113699907,0.005708294501397949,0.004310344827586207,0.034366262814538674
welding_0001_17-38-17_p5,0.022010765090349865,0.05536332179930796,0.030757400999615533,0.02191464821222607,0.021241830065359478,0.01826220684352172,0.020761245674740483,0.025567089580930413,0.025951557093425604,0.0264321414840446,0.018742791234140715,0.019992310649750097,0.020376778162245292,0.017397154940407535,0.017589388696655134,0.014801999231064974,0.01441753171856978,0.01441753171856978,0.011630142252979623,0.01441753171856978,0.013456362937331795,0.016628219915417148,0.012687427912341407,0.013456362937331795,0.012110726643598616,0.014129181084198385,0.012399077277970011,0.013360246059207997,0.014225297962322183,0.012975778546712802,0.012975778546712802,0.013648596693579393,0.012399077277970011,0.012014609765474818,0.009515570934256055,0.012014609765474818,0.010765090349865437,0.010861207227989235,0.0132641291810842,0.011053440984236832,0.012206843521722414,0.012014609765474818,0.01114955786236063,0.014321414840445983,0.012302960399846213,0.01441753171856978,0.013936947327950788,0.015667051134179162,0.014129181084198385,0.015859284890426758,0.018742791234140715,0.017493271818531334,0.015090349865436371,0.01374471357170319,0.012687427912341407,0.014609765474817378,0.011918492887351018,0.009515570934256055,0.009419454056132258,0.009034986543637063,0.007112648981161092,0.0067281814686658975,0.005382545174932718,0.0265282583621684
welding_0001_17-38-17_p6,0.013397502601456815,0.05137877211238293,0.03446930280957336,0.029786680541103016,0.03043704474505723,0.03225806451612903,0.025754422476586887,0.02536420395421436,0.025104058272632675,0.026014568158168574,0.027705515088449532,0.0227627471383975,0.021462018730489075,0.024193548387096774,0.02497398543184183,0.023283038501560875,0.02133194588969823,0.018730489073881373,0.01495837669094693,0.015088449531737774,0.013787721123829344,0.013267429760665974,0.015608740894901144,0.011446409989594173,0.013267429760665974,0.012747138397502602,0.011576482830385015,0.013267429760665974,0.011836628511966702,0.01313735691987513,0.016259105098855357,0.012617065556711759,0.01313735691987513,0.012747138397502602,0.009885535900104058,0.010145681581685745,0.008714880332986473,0.013657648283038502,0.012356919875130074,0.010535900104058273,0.010926118626430802,0.011966701352757543,0.010926118626430802,0.010145681581685745,0.01313735691987513,0.009885535900104058,0.011446409989594173,0.011836628511966702,0.011576482830385015,0.010275754422476586,0.010665972944849115,0.010665972944849115,0.006373569198751301,0.009755463059313215,0.008064516129032258,0.009755463059313215,0.009755463059313215,0.007804370447450572,0.0053329864724245574,0.005853277835587929,0.004032258064516129,0.003902185223725286,0.005202913631633715,0.03225806451612903
welding_0001_17-38-17_p7,0.03319444444444444,0.06263888888888888,0.03125,0.022222222222222223,0.023333333333333334,0.01972222222222222,0.02,0.020694444444444446,0.024027777777777776,0.02375,0.02013888888888889,0.021944444444444444,0.02652777777777778,0.02652777777777778,0.02125,0.021805555555555557,0.020416666666666666,0.01611111111111111,0.012777777777777779,0.012777777777777779,0.013888888888888888,0.014166666666666666,0.012638888888888889,0.014166666666666666,0.012777777777777779,0.013333333333333334,0.013333333333333334,0.011944444444444445,0.01375,0.011666666666666667,0.015,0.013888888888888888,0.01513888888888889,0.0125,0.011527777777777777,0.012777777777777779,0.012361111111111111,0.0125,0.0125,0.0125,0.011666666666666667,0.014861111111111111,0.010555555555555556,0.014027777777777778,0.0125,0.013333333333333334,0.010694444444444444,0.012361111111111111,0.012361111111111111,0.011527777777777777,0.014305555555555556,0.012916666666666667,0.012638888888888889,0.00875,0.008888888888888889,0.010694444444444444,0.008472222222222223,0.008472222222222223,0.006666666666666667,0.006944444444444444,0.005,0.005138888888888889,0.005555555555555556,0.018194444444444444
welding_0001_17-38-17_p8,0.03741776315789474,0.07524671052631579,0.03632127192982456,0.02837171052631579,0.02563048245614035,0.025082236842105265,0.023574561403508772,0.02850877192982456,0.03042763157894737,0.034402412280701754,0.02563048245614035,0.024396929824561403,0.028782894736842105,0.027549342105263157,0.024396929824561403,0.02069627192982456,0.018229166666666668,0.015076754385964912,0.01206140350877193,0.013294956140350877,0.013157894736842105,0.014665570175438597,0.011650219298245614,0.012609649122807017,0.012335526315789474,0.011650219298245614,0.010416666666666666,0.012335526315789474,0.01206140350877193,0.010964912280701754,0.013843201754385965,0.01343201754385965,0.013706140350877192,0.013569078947368422,0.012472587719298246,0.011513157894736841,0.012472587719298246,0.010279605263157895,0.010964912280701754,0.012472587719298246,0.01069078947368421,0.013157894736842105,0.009457236842105263,0.011101973684210526,0.010827850877192983,0.010416666666666666,0.008771929824561403,0.009594298245614035,0.0069901315789473685,0.006578947368421052,0.006716008771929825,0.0069901315789473685,0.0078125,0.006030701754385965,0.006167763157894737,0.006853070175438596,0.005893640350877193,0.004660087719298245,0.005208333333333333,0.007401315789473684,0.005893640350877193,0.006167763157894737,0.005208333333333333,0.019736842105263157
welding_0001_17-38-17_p9,0.04147058823529412,0.03411764705882353,0.015,0.01088235294117647,0.012352941176470587,0.01088235294117647,0.012647058823529412,0.011176470588235295,0.01588235294117647,0.012352941176470587,0.013529411764705882,0.019705882352941177,0.01088235294117647,0.010294117647058823,0.008823529411764706,0.008823529411764706,0.007941176470588234,0.010588235294117647,0.009117647058823529,0.012058823529411764,0.01588235294117647,0.008529411764705883,0.008823529411764706,0.010588235294117647,0.011470588235294118,0.010294117647058823,0.012352941176470587,0.015588235294117648,0.014705882352941176,0.011470588235294118,0.011470588235294118,0.01647058823529412,0.012647058823529412,0.010588235294117647,0.011176470588235295,0.012647058823529412,0.01411764705882353,0.011764705882352941,0.01,0.011176470588235295,0.011470588235294118,0.011176470588235295,0.009705882352941177,0.011176470588235295,0.009705882352941177,0.011470588235294118,0.012647058823529412,0.015294117647058824,0.018823529411764704,0.01588235294117647,0.012647058823529412,0.025588235294117648,0.03294117647058824,0.025,0.022058823529411766,0.01735294117647059,0.018235294117647058,0.015,0.01764705882352941,0.011470588235294118,0.012647058823529412,0.01,0.010588235294117647,0.1111764705882353
welding_0001_18-06-25_p0,0.08524904214559387,0.04621647509578544,0.020474137931034482,0.012033045977011493,0.011613984674329503,0.009219348659003831,0.009159482758620689,0.010057471264367816,0.011973180076628353,0.010296934865900383,0.011015325670498084,0.010057471264367816,0.00951867816091954,0.009638409961685824,0.010835727969348658,0.011434386973180076,0.01622365900383142,0.019157088122605363,0.02143199233716475,0.01801963601532567,0.012691570881226053,0.011853448275862068,0.012392241379310345,0.012332375478927203,0.013170498084291188,0.014547413793103448,0.018857758620689655,0.01903735632183908,0.020234674329501916,0.022928639846743294,0.025742337164750956,0.028975095785440615,0.03190852490421456,0.033045977011494254,0.03585967432950191,0.03484195402298851,0.029873084291187738,0.027298850574712645,0.030112547892720307,0.024365421455938698,0.01969588122605364,0.018199233716475097,0.018318965517241378,0.016103927203065135,0.012751436781609195,0.012751436781609195,0.011135057471264368,0.01460727969348659,0.009039750957854406,0.00712404214559387,0.006585249042145594,0.003472222222222222,0.003352490421455939,0.002274904214559387,0.0021551724137931034,0.0016163793103448276,0.0016163793103448276,0.0009578544061302681,0.00041906130268199235,0.0007782567049808429,0.0005986590038314176,0.0007183908045977011,0.0011973180076628352,0.010835727969348658
welding_0001_18-06-25_p1,0.06194196428571429,0.04331752232142857,0.015834263392857144,0.010881696428571428,0.008719308035714286,0.007882254464285714,0.009347098214285714,0.008510044642857142,0.009765625,0.013811383928571428,0.010463169642857142,0.013113839285714286,0.01416015625,0.014508928571428572,0.013671875,0.016252790178571428,0.027413504464285716,0.014718191964285714,0.008440290178571428,0.008928571428571428,0.009207589285714286,0.008440290178571428,0.011648995535714286,0.009974888392857142,0.010811941964285714,0.013602120535714286,0.015904017857142856,0.015904017857142856,0.015415736607142858,0.019252232142857144,0.023088727678571428,0.027971540178571428,0.0302734375,0.03424944196428571,0.03515625,0.04045758928571429,0.03843470982142857,0.04038783482142857,0.035435267857142856,0.030064174107142856,0.027273995535714284,0.021065848214285716,0.016531808035714284,0.014997209821428572,0.014090401785714286,0.013113839285714286,0.012974330357142858,0.011509486607142858,0.011858258928571428,0.009347098214285714,0.006696428571428571,0.005301339285714286,0.006068638392857143,0.0027901785714285715,0.0025111607142857145,0.0018136160714285715,0.0020228794642857145,0.0016043526785714285,0.0011858258928571428,0.0013950892857142857,0.0011160714285714285,0.0017438616071428572,0.0016043526785714285,0.014020647321428572
welding_0001_18-06-25_p2,0.016666666666666666,0.042534722222222224,0.02230902777777778,0.01892361111111111,0.015364583333333333,0.015017361111111112,0.01640625,0.014496527777777778,0.015885416666666666,0.01597222222222222,0.014583333333333334,0.016927083333333332,0.015625,0.01623263888888889,0.014930555555555556,0.01423611111111111,0.014149305555555556,0.012673611111111111,0.013628472222222222,0.015625,0.013541666666666667,0.015017361111111112,0.015364583333333333,0.014409722222222223,0.016840277777777777,0.016145833333333335,0.01796875,0.021180555555555557,0.01840277777777778,0.020572916666666666,0.020833333333333332,0.024826388888888887,0.021354166666666667,0.025086805555555557,0.0265625,0.0234375,0.026822916666666665,0.02309027777777778,0.024131944444444445,0.023871527777777776,0.023350694444444445,0.020399305555555556,0.021875,0.02013888888888889,0.021006944444444446,0.020746527777777777,0.01875,0.01657986111111111,0.015885416666666666,0.012934027777777777,0.011805555555555555,0.009895833333333333,0.007378472222222222,0.0049479166666666664,0.004861111111111111,0.0030381944444444445,0.003125,0.0020833333333333333,0.0013020833333333333,0.0011284722222222221,0.0008680555555555555,0.0009548611111111111,0.0009548611111111111,0.004340277777777778
welding_0001_18-06-25_p3,0.00902355623100304,0.010733282674772037,0.00816869300911854,0.006268996960486322,0.007408814589665654,0.007218844984802432,0.006268996960486322,0.005414133738601824,0.005224164133738602,0.00816869300911854,0.006458966565349544,0.007978723404255319,0.009403495440729484,0.0077887537993920975,0.0076937689969604865,0.005889057750759878,0.006743920972644377,0.005794072948328267,0.006933890577507599,0.0056041033434650455,0.006553951367781155,0.005319148936170213,0.0055091185410334345,0.004749240121580547,0.004654255319148936,0.004749240121580547,0.003704407294832827,0.003989361702127659,0.004559270516717325,0.005414133738601824,0.005794072948328267,0.004939209726443769,0.005224164133738602,0.004654255319148936,0.006363981762917933,0.0056041033434650455,0.007503799392097265,0.008738601823708206,0.008453647416413374,0.011873100303951369,0.013582826747720364,0.012632978723404254,0.01690729483282675,0.0182370820668693,0.02118161094224924,0.031724924012158054,0.03856382978723404,0.04312310030395137,0.05319148936170213,0.0650645896656535,0.08928571428571429,0.09422492401215805,0.05661094224924012,0.03808890577507599,0.022321428571428572,0.014817629179331307,0.01804711246200608,0.013392857142857142,0.010828267477203647,0.01206306990881459,0.009213525835866262,0.008928571428571428,0.007218844984802432,0.02821048632218845
welding_0001_18-06-25_p4,0.01183535447761194,0.016761893656716417,0.014721315298507462,0.013030550373134329,0.01189365671641791,0.012301772388059701,0.013263759328358209,0.012797341417910448,0.01171875,0.010815065298507462,0.010873367537313433,0.010377798507462687,0.011747901119402986,0.010785914179104478,0.010844216417910448,0.010931669776119403,0.010727611940298507,0.011631296641791045,0.011456389925373135,0.009619869402985074,0.00964902052238806,0.008395522388059701,0.009124300373134329,0.008657882462686567,0.008512126865671642,0.007783348880597015,0.006413246268656717,0.006646455223880597,0.0065298507462686565,0.00787080223880597,0.007608442164179104,0.007171175373134328,0.008249766791044777,0.007783348880597015,0.00816231343283582,0.007725046641791045,0.00994053171641791,0.011806203358208955,0.011135727611940299,0.01338036380597015,0.014342350746268656,0.015770755597014924,0.01827775186567164,0.017869636194029852,0.02095965485074627,0.024749300373134327,0.02836403917910448,0.03250349813432836,0.04005363805970149,0.04602961753731343,0.058622901119402986,0.06585237873134328,0.04868236940298507,0.03920825559701493,0.0234375,0.015362639925373135,0.014808768656716417,0.013147154850746268,0.01011543843283582,0.008891091417910448,0.006850513059701493,0.006121735074626866,0.0051888992537313435,0.014109141791044777
welding_0001_18-19-52_p0,0.0019409937888198758,0.002484472049689441,0.002562111801242236,0.002717391304347826,0.005357142857142857,0.004037267080745342,0.004891304347826087,0.008462732919254659,0.010326086956521738,0.01001552795031056,0.009782608695652175,0.008773291925465838,0.009472049689440994,0.011490683229813664,0.011180124223602485,0.011335403726708075,0.0125,0.01436335403726708,0.01498447204968944,0.01374223602484472,0.015295031055900622,0.017624223602484473,0.01731366459627329,0.019487577639751553,0.019021739130434784,0.022593167701863353,0.023214285714285715,0.03012422360248447,0.03354037267080745,0.022282608695652174,0.0171583850931677,0.015527950310559006,0.017857142857142856,0.01343167701863354,0.01482919254658385,0.015217391304347827,0.012422360248447204,0.0125,0.01436335403726708,0.012888198757763975,0.01436335403726708,0.014906832298136646,0.011956521739130435,0.014673913043478261,0.01482919254658385,0.0140527950310559,0.015527950310559006,0.01436335403726708,0.017080745341614908,0.018788819875776398,0.022282608695652174,0.026009316770186336,0.029425465838509315,0.023680124223602484,0.020574534161490684,0.022437888198757763,0.020263975155279505,0.018944099378881987,0.01684782608695652,0.01972049689440994,0.01591614906832298,0.011335403726708075,0.013975155279503106,0.05093167701863354
welding_0001_18-19-52_p1,0.0004234417344173442,0.0008468834688346884,0.0007621951219512195,0.0012703252032520325,0.0011856368563685636,0.0011856368563685636,0.0021172086720867207,0.002625338753387534,0.003218157181571816,0.005165989159891599,0.0038109756097560975,0.005843495934959349,0.0072831978319783195,0.005758807588075881,0.008468834688346883,0.008892276422764227,0.011771680216802168,0.0130420054200542,0.01380420054200542,0.014651084010840108,0.020663956639566397,0.02108739837398374,0.018377371273712736,0.026676829268292682,0.028201219512195123,0.03836382113821138,0.04496951219512195,0.040904471544715444,0.03277439024390244,0.03412940379403794,0.033960027100271004,0.0337059620596206,0.032520325203252036,0.02676151761517615,0.02396680216802168,0.02396680216802168,0.023628048780487805,0.020579268292682928,0.017953929539295393,0.01888550135501355,0.019054878048780487,0.01888550135501355,0.02108739837398374,0.022357723577235773,0.026676829268292682,0.024305555555555556,0.02117208672086721,0.01973238482384824,0.017022357723577235,0.012957317073170731,0.013634823848238482,0.014227642276422764,0.010586043360433605,0.008130081300813009,0.0063516260162601625,0.005504742547425474,0.00508130081300813,0.004488482384823848,0.004403794037940379,0.0033875338753387536,0.0038956639566395663,0.003980352303523035,0.005589430894308943,0.03328252032520325
welding_0001_18-19-52_p2,0.0,0.00021939447125932427,0.0006581834137779728,0.001700307152259763,0.0013163668275559457,0.0012066695919262834,0.00153576129881527,0.0013163668275559457,0.0019745502413339184,0.0019745502413339184,0.0026327336551118913,0.003181219833260202,0.0037297060114085123,0.004168494953927161,0.004168494953927161,0.0052106186924089515,0.004442738043001316,0.00466213251426064,0.004881526985519965,0.005484861781483106,0.006417288284335234,0.006307591048705573,0.006910925844668714,0.006581834137779728,0.008501535761298815,0.007843352347520843,0.008391838525669153,0.012121544537077665,0.012505484861781484,0.013931548924967091,0.01596094778411584,0.016235190873189996,0.017770952172005264,0.01738701184730145,0.017880649407634928,0.020787626151820972,0.023365511189118036,0.027917946467749012,0.025504607283896447,0.03137340939008337,0.041465555068012284,0.04711496270293988,0.051777095217200524,0.04815708644142168,0.041959192628345764,0.036309784993418165,0.028521281263712155,0.028027643703378676,0.024791575252303643,0.02369460289600702,0.019251864853005705,0.021939447125932425,0.01996489688459851,0.01864853005704256,0.015851250548486177,0.013547608600263274,0.01338306274681878,0.012231241772707327,0.01338306274681878,0.011573058358929356,0.013273365511189118,0.012121544537077665,0.01546731022378236,0.0693835015357613
welding_0001_18-19-52_p3,0.007936507936507936,0.006349206349206349,0.003968253968253968,0.003968253968253968,0.005555555555555556,0.004761904761904762,0.005158730158730159,0.00753968253968254,0.007142857142857143,0.006349206349206349,0.009126984126984128,0.009126984126984128,0.008333333333333333,0.011111111111111112,0.009523809523809525,0.005952380952380952,0.007142857142857143,0.006349206349206349,0.008333333333333333,0.010317460317460317,0.012698412698412698,0.010317460317460317,0.013492063492063493,0.009523809523809525,0.007142857142857143,0.00753968253968254,0.008333333333333333,0.012698412698412698,0.007142857142857143,0.00873015873015873,0.007936507936507936,0.011507936507936509,0.011111111111111112,0.013492063492063493,0.00873015873015873,0.010317460317460317,0.007142857142857143,0.008333333333333333,0.00992063492063492,0.014682539682539682,0.009126984126984128,0.005952380952380952,0.007142857142857143,0.009126984126984128,0.013095238095238096,0.013888888888888888,0.012301587301587301,0.011904761904761904,0.01507936507936508,0.021825396825396824,0.023809523809523808,0.031746031746031744,0.03214285714285714,0.03968253968253968,0.039285714285714285,0.047619047619047616,0.07976190476190476,0.05238095238095238,0.027777777777777776,0.02857142857142857,0.028174603174603175,0.02023809523809524,0.015873015873015872,0.06865079365079366
welding_0001_18-19-52_p4,0.0001889644746787604,0.0002834467120181406,0.0002834467120181406,0.000472411186696901,0.000472411186696901,0.0007558578987150416,0.0005668934240362812,0.0010393046107331821,0.0007558578987150416,0.0017006802721088435,0.0015117157974300832,0.0020786092214663643,0.0036848072562358277,0.0035903250188964475,0.005385487528344671,0.004346182917611489,0.007558578987150416,0.008503401360544218,0.008314436885865457,0.008408919123204838,0.011810279667422525,0.011243386243386243,0.013983371126228269,0.017384731670445956,0.01899092970521542,0.022770219198790628,0.027966742252456538,0.027305366591080876,0.026266061980347696,0.026455026455026454,0.031084656084656083,0.031934996220710506,0.02919501133786848,0.028439153439153438,0.027210884353741496,0.027021919879062738,0.026643990929705215,0.02995086923658352,0.022770219198790628,0.0205026455026455,0.01917989417989418,0.017857142857142856,0.017762660619803475,0.01899092970521542,0.026549508692365834,0.023809523809523808,0.020691609977324263,0.01832955404383976,0.0200302343159486,0.019085411942554798,0.017573696145124718,0.017384731670445956,0.015306122448979591,0.015306122448979591,0.015306122448979591,0.012471655328798186,0.013605442176870748,0.011432350718065004,0.008881330309901738,0.008881330309901738,0.010487528344671202,0.00944822373393802,0.016156462585034014,0.08664021164021164
welding_0001_18-35-38_p0,0.009833916083916084,0.01995920745920746,0.013767482517482518,0.013694638694638694,0.013257575757575758,0.015807109557109556,0.01893939393939394,0.01791958041958042,0.017336829836829836,0.017992424242424244,0.017482517482517484,0.016244172494172496,0.01740967365967366,0.017773892773892772,0.020323426573426572,0.02556818181818182,0.02717074592074592,0.027389277389277388,0.02411130536130536,0.018648018648018648,0.022144522144522144,0.018283799533799532,0.015151515151515152,0.016098484848484848,0.016535547785547784,0.013913170163170164,0.017118298368298368,0.015952797202797204,0.012237762237762238,0.013257575757575758,0.012601981351981352,0.012966200466200466,0.014131701631701632,0.011946386946386946,0.013913170163170164,0.011946386946386946,0.01129079254079254,0.013257575757575758,0.015297202797202798,0.01303904428904429,0.01333041958041958,0.014277389277389278,0.014423076923076924,0.015078671328671328,0.014277389277389278,0.011873543123543124,0.01303904428904429,0.011655011655011656,0.0143502331002331,0.015297202797202798,0.014495920745920746,0.013767482517482518,0.010635198135198136,0.011655011655011656,0.01027097902097902,0.011436480186480186,0.011145104895104896,0.010343822843822844,0.008814102564102564,0.007721445221445221,0.007721445221445221,0.008231351981351982,0.008304195804195804,0.06614219114219114
welding_0001_18-35-38_p1,0.003425655976676385,0.007653061224489796,0.006559766763848397,0.00685131195335277,0.00706997084548105,0.010495626822157435,0.015306122448979591,0.011661807580174927,0.013629737609329446,0.011880466472303206,0.012099125364431487,0.013338192419825073,0.015306122448979591,0.01260932944606414,0.014723032069970846,0.017857142857142856,0.018950437317784258,0.023032069970845483,0.02033527696793003,0.01705539358600583,0.01989795918367347,0.018950437317784258,0.01924198250728863,0.017419825072886298,0.01698250728862974,0.0141399416909621,0.017419825072886298,0.013119533527696793,0.012973760932944606,0.014358600583090379,0.013921282798833819,0.016180758017492712,0.01610787172011662,0.01370262390670554,0.013921282798833819,0.0119533527696793,0.012317784256559767,0.015889212827988337,0.016763848396501458,0.01661807580174927,0.017857142857142856,0.01793002915451895,0.017784256559766762,0.01880466472303207,0.017784256559766762,0.01763848396501458,0.02106413994169096,0.01567055393586006,0.01975218658892128,0.022448979591836733,0.020189504373177843,0.020043731778425656,0.018294460641399418,0.01880466472303207,0.020189504373177843,0.016909620991253645,0.0163265306122449,0.014941690962099125,0.012536443148688046,0.013411078717201166,0.008673469387755102,0.008892128279883381,0.011224489795918367,0.041107871720116616
welding_0001_18-35-38_p2,0.021746575342465754,0.03428082191780822,0.023458904109589042,0.04089041095890411,0.032568493150684934,0.035924657534246576,0.032397260273972606,0.011643835616438357,0.011746575342465754,0.01571917808219178,0.01660958904109589,0.014246575342465753,0.01691780821917808,0.017397260273972603,0.018732876712328768,0.017054794520547947,0.014726027397260274,0.015753424657534248,0.014657534246575343,0.013321917808219178,0.013013698630136987,0.012397260273972604,0.011232876712328766,0.01208904109589041,0.011815068493150685,0.01154109589041096,0.010205479452054795,0.010445205479452055,0.011780821917808219,0.0125,0.010582191780821917,0.009863013698630137,0.010513698630136986,0.010616438356164383,0.010958904109589041,0.011506849315068493,0.011301369863013699,0.011849315068493151,0.011712328767123288,0.010445205479452055,0.012294520547945206,0.01226027397260274,0.012226027397260274,0.012602739726027398,0.013321917808219178,0.01386986301369863,0.013527397260273973,0.012671232876712329,0.013424657534246575,0.012568493150684932,0.014006849315068494,0.012671232876712329,0.012945205479452054,0.010787671232876713,0.011301369863013699,0.009897260273972603,0.009897260273972603,0.008972602739726027,0.009383561643835617,0.009417808219178082,0.008321917808219179,0.008047945205479452,0.008972602739726027,0.09044520547945205
welding_0001_18-35-38_p3,0.0003846153846153846,0.0021153846153846153,0.004807692307692308,0.00798076923076923,0.00971153846153846,0.008942307692307692,0.010961538461538462,0.012596153846153845,0.0125,0.014038461538461538,0.01673076923076923,0.01701923076923077,0.01653846153846154,0.01625,0.019134615384615385,0.01653846153846154,0.019903846153846154,0.023846153846153847,0.022596153846153846,0.024615384615384615,0.023846153846153847,0.022884615384615385,0.025096153846153844,0.02480769230769231,0.024134615384615386,0.021346153846153845,0.026826923076923078,0.026923076923076925,0.02653846153846154,0.022692307692307692,0.023365384615384614,0.0225,0.023365384615384614,0.025096153846153844,0.02298076923076923,0.019807692307692307,0.017596153846153845,0.015192307692307692,0.012980769230769231,0.011826923076923077,0.010192307692307691,0.00798076923076923,0.00875,0.008461538461538461,0.00826923076923077,0.010673076923076922,0.010384615384615384,0.009326923076923076,0.01173076923076923,0.013461538461538462,0.017884615384615384,0.016634615384615383,0.015576923076923077,0.016442307692307694,0.014423076923076924,0.012115384615384615,0.012692307692307692,0.010384615384615384,0.010288461538461538,0.007692307692307693,0.007788461538461538,0.006153846153846154,0.004519230769230769,0.031153846153846153
welding_0001_18-35-38_p4,0.00010339123242349049,0.002791563275434243,0.00641025641025641,0.009511993382961124,0.013027295285359801,0.011062861869313483,0.014267990074441687,0.015715467328370553,0.016749379652605458,0.017990074441687345,0.01902398676592225,0.019644334160463194,0.017886683209263853,0.0185070306038048,0.0206782464846981,0.022539288668320927,0.024607113316790736,0.02543424317617866,0.026778329197684036,0.028432588916459885,0.023986765922249794,0.023883374689826303,0.025847808105872623,0.022022332506203474,0.02098842018196857,0.018196856906534328,0.019230769230769232,0.020264681555004136,0.019230769230769232,0.019644334160463194,0.019644334160463194,0.019540942928039703,0.01892059553349876,0.02315963606286187,0.022642679900744415,0.019230769230769232,0.017886683209263853,0.016749379652605458,0.015198511166253101,0.013234077750206782,0.013337468982630272,0.01033912324234905,0.013751033912324235,0.012923904052936312,0.012200165425971878,0.013234077750206782,0.013647642679900745,0.01282051282051282,0.011786600496277916,0.014371381306865178,0.01271712158808933,0.01054590570719603,0.01064929693961952,0.009305210918114143,0.008271298593879239,0.009925558312655087,0.009511993382961124,0.00641025641025641,0.008064516129032258,0.007754342431761787,0.0063068651778329194,0.005272952853598015,0.003825475599669148,0.03236145574855252
welding_0001_18-35-38_p5,0.002507952043063372,0.00581110839246391,0.004526547589919256,0.004648886713971128,0.004343038903841448,0.006055786640567653,0.009358942989968191,0.006912160508930756,0.01027648642035723,0.008563738683631025,0.011561047222901884,0.009358942989968191,0.011744555908979692,0.011132860288720332,0.012723268901394667,0.01639344262295082,0.013396134083679961,0.016148764374847076,0.015170051382432102,0.01400782970393932,0.01712747736726205,0.017310986053339857,0.01639344262295082,0.01535356006850991,0.01474186444825055,0.01535356006850991,0.01627110349889895,0.014374847076094936,0.013885490579887447,0.013029116711524345,0.013029116711524345,0.01461952532419868,0.012723268901394667,0.011255199412772204,0.01205040371910937,0.01504771225838023,0.012967947149498409,0.01235625152923905,0.01266209933936873,0.014497186200146808,0.014558355762172744,0.014252507952043064,0.014925373134328358,0.01639344262295082,0.013090286273550281,0.01639344262295082,0.015598238316613652,0.015842916564717396,0.01608759481282114,0.018534377293858578,0.020614142402740395,0.020797651088818203,0.020614142402740395,0.022510398825544408,0.023183264007829704,0.025385368240763397,0.021531685833129435,0.022449229263518472,0.0214705162711035,0.022510398825544408,0.01627110349889895,0.01743332517739173,0.01627110349889895,0.09358942989968191
welding_0001_18-35-38_p6,0.02071377331420373,0.03326757532281205,0.02385222381635581,0.022058823529411766,0.018561692969870876,0.017664992826398853,0.018651362984218076,0.016140602582496413,0.01676829268292683,0.015333572453371592,0.012553802008608322,0.010850071736011479,0.012195121951219513,0.011477761836441894,0.012015781922525108,0.011836441893830704,0.011926111908177906,0.00977403156384505,0.009684361549497847,0.011657101865136299,0.010401721664275465,0.009146341463414634,0.012822812051649929,0.010401721664275465,0.010760401721664276,0.01129842180774749,0.011657101865136299,0.010581061692969872,0.011208751793400288,0.00941535150645624,0.011567431850789097,0.01291248206599713,0.01093974175035868,0.011388091822094692,0.01210545193687231,0.013091822094691535,0.01210545193687231,0.011388091822094692,0.01049139167862267,0.008428981348637015,0.010760401721664276,0.008159971305595409,0.0078012912482065995,0.009684361549497847,0.01210545193687231,0.009594691535150645,0.009863701578192252,0.008159971305595409,0.011388091822094692,0.011388091822094692,0.014167862266857963,0.013988522238163558,0.016588952654232426,0.017037302725968435,0.03084648493543759,0.03595767575322812,0.043041606886657105,0.026093974175035867,0.023224533715925394,0.02035509325681492,0.016140602582496413,0.016319942611190817,0.014257532281205165,0.07397776183644189
welding_0002_17-38-12_p0,0.0002527805864509606,0.0017273340074148971,0.0021065048870913382,0.0025278058645096056,0.0029069767441860465,0.0025278058645096056,0.00467644084934277,0.007204246713852376,0.01040613414223121,0.012049207954162453,0.012259858442871587,0.011290866194809571,0.009268621503201888,0.008131108864172565,0.007204246713852376,0.007794068082237951,0.008510279743849006,0.00754128749578699,0.008552409841590832,0.00977418267610381,0.01171216717222784,0.013060330299966295,0.01247050893158072,0.013860802157061005,0.014492753623188406,0.018537243006403775,0.019169194472531178,0.020601617795753285,0.024561846983485,0.026457701381867205,0.028185035389282104,0.02599427030670711,0.025825749915739805,0.02797438490057297,0.03947590158409168,0.025404448938321538,0.01937984496124031,0.01445062352544658,0.01807381193124368,0.017231209976407147,0.01596730704415234,0.01752612066059993,0.018242332322210987,0.017610380856083588,0.019801145938658577,0.024309066397034042,0.03505224132119986,0.026921132457027302,0.02043309740478598,0.020180316818335018,0.018663633299629254,0.022244691607684528,0.024140546006066733,0.03197674418604651,0.03357768790023593,0.03357768790023593,0.01832659251769464,0.011038085608358611,0.009268621503201888,0.007372767104819683,0.0037917087967644083,0.0035810583080552747,0.0025278058645096056,0.010237613751263903
welding_0002_17-38-12_p1,0.005072840790842872,0.006113423517169615,0.0065036420395421434,0.007804370447450572,0.008324661810613945,0.010015608740894901,0.010665972944849115,0.010015608740894901,0.007284079084287201,0.010535900104058273,0.012356919875130074,0.014698231009365244,0.02133194588969823,0.027575442247658687,0.02718522372528616,0.02432362122788762,0.02263267429760666,0.011966701352757543,0.011186264308012487,0.012096774193548387,0.011966701352757543,0.010015608740894901,0.01040582726326743,0.008454734651404786,0.011966701352757543,0.013787721123829344,0.01495837669094693,0.016909469302809572,0.02263267429760666,0.027705515088449532,0.027705515088449532,0.029786680541103016,0.028225806451612902,0.02679500520291363,0.03238813735691987,0.037330905306971904,0.03173777315296566,0.038761706555671176,0.03563995837669095,0.02666493236212279,0.02796566077003122,0.02445369406867846,0.023283038501560875,0.020681581685744018,0.021462018730489075,0.014828303850156087,0.012747138397502602,0.011186264308012487,0.0076742976066597295,0.008324661810613945,0.007934443288241414,0.006243496357960458,0.007023933402705515,0.005202913631633715,0.007023933402705515,0.005463059313215401,0.005202913631633715,0.007284079084287201,0.007023933402705515,0.005853277835587929,0.005202913631633715,0.0033818938605619147,0.0027315296566077004,0.02029136316337149
welding_0002_17-38-12_p2,0.02100840336134454,0.044642857142857144,0.020483193277310924,0.019432773109243698,0.011554621848739496,0.011554621848739496,0.014705882352941176,0.01523109243697479,0.01838235294117647,0.007878151260504201,0.014180672268907563,0.013130252100840336,0.01680672268907563,0.01207983193277311,0.005252100840336135,0.0063025210084033615,0.011554621848739496,0.014705882352941176,0.009978991596638655,0.009978991596638655,0.01050420168067227,0.01050420168067227,0.009453781512605041,0.01207983193277311,0.008928571428571428,0.009978991596638655,0.007878151260504201,0.008403361344537815,0.01050420168067227,0.004726890756302521,0.0063025210084033615,0.01050420168067227,0.005777310924369748,0.009453781512605041,0.014705882352941176,0.009978991596638655,0.009978991596638655,0.017857142857142856,0.016281512605042018,0.01523109243697479,0.022058823529411766,0.020483193277310924,0.020483193277310924,0.0273109243697479,0.02888655462184874,0.01995798319327731,0.012605042016806723,0.01365546218487395,0.013130252100840336,0.013130252100840336,0.011029411764705883,0.015756302521008403,0.020483193277310924,0.01838235294117647,0.013130252100840336,0.02100840336134454,0.025210084033613446,0.018907563025210083,0.014180672268907563,0.017857142857142856,0.013130252100840336,0.014705882352941176,0.01838235294117647,0.0782563025210084
welding_0002_17-38-12_p3,0.001913265306122449,0.005466472303206997,0.0059220116618075806,0.006650874635568513,0.0047376093294460644,0.006013119533527697,0.008017492711370262,0.009839650145772596,0.012846209912536443,0.016763848396501458,0.011479591836734694,0.010659620991253645,0.008746355685131196,0.009019679300291546,0.009110787172011662,0.008928571428571428,0.010750728862973761,0.008746355685131196,0.009293002915451895,0.010112973760932944,0.007288629737609329,0.006377551020408163,0.007106413994169096,0.008564139941690961,0.010021865889212828,0.007653061224489796,0.007197521865889213,0.006559766763848397,0.007379737609329446,0.00865524781341108,0.009475218658892129,0.010386297376093295,0.011661807580174927,0.011479591836734694,0.012026239067055394,0.01239067055393586,0.01731049562682216,0.02131924198250729,0.022776967930029153,0.022868075801749273,0.0296100583090379,0.035896501457725945,0.06459548104956268,0.06559766763848396,0.04081632653061224,0.0768039358600583,0.06222667638483965,0.026603498542274052,0.03389212827988338,0.023870262390670555,0.015397230320699708,0.016581632653061226,0.011935131195335277,0.014212827988338192,0.01321064139941691,0.01129737609329446,0.008017492711370262,0.006559766763848397,0.004919825072886298,0.005375364431486881,0.004555393586005831,0.004919825072886298,0.003735422740524781,0.015852769679300292
welding_0002_17-38-18_p0,0.0,0.0012315270935960591,0.0041871921182266006,0.003940886699507389,0.005788177339901478,0.006650246305418719,0.007142857142857143,0.007758620689655172,0.009113300492610837,0.013793103448275862,0.015147783251231527,0.014039408866995074,0.01834975369458128,0.016995073891625617,0.017364532019704434,0.01921182266009852,0.016133004926108373,0.01958128078817734,0.024507389162561576,0.02327586206896552,0.029433497536945814,0.034975369458128076,0.030049261083743842,0.027339901477832513,0.023645320197044337,0.02413793103448276,0.02401477832512315,0.0229064039408867,0.021551724137931036,0.019088669950738917,0.01810344827586207,0.017487684729064038,0.017364532019704434,0.014655172413793103,0.01687192118226601,0.015763546798029555,0.015517241379310345,0.014901477832512316,0.012807881773399015,0.013423645320197044,0.014408866995073892,0.013546798029556651,0.017241379310344827,0.019827586206896553,0.019704433497536946,0.017857142857142856,0.019088669950738917,0.018226600985221674,0.020443349753694582,0.017610837438423645,0.014901477832512316,0.013300492610837438,0.01416256157635468,0.011206896551724138,0.01293103448275862,0.008743842364532019,0.00960591133004926,0.008620689655172414,0.008866995073891626,0.008497536945812808,0.006650246305418719,0.005665024630541872,0.007142857142857143,0.033497536945812804
welding_0002_17-38-18_p1,0.003105590062111801,0.008850931677018633,0.005745341614906832,0.009472049689440994,0.010714285714285714,0.016459627329192546,0.016459627329192546,0.015838509316770187,0.021739130434782608,0.020652173913043477,0.01987577639751553,0.02360248447204969,0.0296583850931677,0.039285714285714285,0.03835403726708075,0.039285714285714285,0.03462732919254658,0.0374223602484472,0.032763975155279505,0.02996894409937888,0.03229813664596273,0.027950310559006212,0.021894409937888198,0.02282608695652174,0.019099378881987577,0.015372670807453416,0.012732919254658385,0.014285714285714285,0.013975155279503106,0.011801242236024845,0.010248447204968944,0.012267080745341614,0.009937888198757764,0.011645962732919254,0.010869565217391304,0.007919254658385094,0.008540372670807454,0.009627329192546583,0.010869565217391304,0.011645962732919254,0.009627329192546583,0.012422360248447204,0.011180124223602485,0.012577639751552796,0.014596273291925466,0.014285714285714285,0.015372670807453416,0.009937888198757764,0.012111801242236025,0.011335403726708075,0.009472049689440994,0.008229813664596273,0.005900621118012423,0.008074534161490683,0.007298136645962733,0.006366459627329193,0.004813664596273292,0.0055900621118012426,0.007763975155279503,0.009937888198757764,0.007608695652173913,0.005279503105590062,0.007453416149068323,0.033074534161490685
welding_0002_17-38-18_p2,0.0,0.004064039408866995,0.00960591133004926,0.013423645320197044,0.016379310344827588,0.02019704433497537,0.019950738916256157,0.01921182266009852,0.025492610837438423,0.021551724137931036,0.022167487684729065,0.023029556650246304,0.024261083743842365,0.02229064039408867,0.020073891625615764,0.02229064039408867,0.03165024630541872,0.027093596059113302,0.029556650246305417,0.031773399014778325,0.0395320197044335,0.033497536945812804,0.02376847290640394,0.0208128078817734,0.01650246305418719,0.018596059113300492,0.019334975369458128,0.01600985221674877,0.019334975369458128,0.0187192118226601,0.018226600985221674,0.013054187192118226,0.01600985221674877,0.012438423645320197,0.011822660098522168,0.01293103448275862,0.014778325123152709,0.01539408866995074,0.015270935960591134,0.01539408866995074,0.01625615763546798,0.016748768472906402,0.013300492610837438,0.013300492610837438,0.01625615763546798,0.014039408866995074,0.012807881773399015,0.01083743842364532,0.013423645320197044,0.009852216748768473,0.009482758620689655,0.00935960591133005,0.009113300492610837,0.008251231527093596,0.0067733990147783255,0.005172413793103448,0.004679802955665025,0.0035714285714285713,0.0032019704433497538,0.004310344827586207,0.0032019704433497538,0.005049261083743843,0.003940886699507389,0.011576354679802956
welding_0002_17-38-18_p3,0.0033422459893048127,0.009525401069518716,0.006350267379679145,0.009358288770053475,0.010862299465240642,0.013870320855614973,0.016544117647058824,0.01270053475935829,0.021557486631016042,0.01838235294117647,0.020053475935828877,0.02623663101604278,0.03392379679144385,0.04862967914438503,0.04679144385026738,0.03910427807486631,0.030581550802139038,0.03074866310160428,0.02606951871657754,0.022225935828877004,0.02072192513368984,0.02038770053475936,0.016377005347593582,0.017212566844919786,0.016377005347593582,0.012032085561497326,0.012533422459893048,0.012032085561497326,0.011363636363636364,0.01270053475935829,0.009358288770053475,0.012366310160427808,0.010026737967914439,0.012032085561497326,0.009692513368983958,0.009692513368983958,0.01036096256684492,0.01019385026737968,0.014872994652406418,0.012533422459893048,0.009859625668449197,0.014705882352941176,0.013201871657754011,0.016878342245989306,0.01771390374331551,0.019886363636363636,0.01888368983957219,0.014705882352941176,0.019886363636363636,0.01570855614973262,0.016377005347593582,0.011697860962566845,0.009024064171122994,0.01019385026737968,0.00768716577540107,0.007185828877005348,0.0055147058823529415,0.006183155080213904,0.0055147058823529415,0.00518048128342246,0.0031751336898395723,0.002840909090909091,0.004010695187165776,0.03425802139037433
welding_0002_17-38-18_p4,0.0007716049382716049,0.005864197530864198,0.004475308641975309,0.005709876543209876,0.00787037037037037,0.008641975308641974,0.011265432098765432,0.011265432098765432,0.01743827160493827,0.016049382716049384,0.020679012345679013,0.024074074074074074,0.033796296296296297,0.046141975308641975,0.04058641975308642,0.033950617283950615,0.026851851851851852,0.02330246913580247,0.023148148148148147,0.01589506172839506,0.019290123456790122,0.016512345679012344,0.013271604938271606,0.013425925925925926,0.01574074074074074,0.014351851851851852,0.019135802469135803,0.014969135802469136,0.011111111111111112,0.014660493827160493,0.0125,0.014969135802469136,0.0125,0.013271604938271606,0.009567901234567902,0.011574074074074073,0.010648148148148148,0.009413580246913581,0.01682098765432099,0.012191358024691358,0.011265432098765432,0.01404320987654321,0.013117283950617283,0.016512345679012344,0.01712962962962963,0.021913580246913582,0.02947530864197531,0.03410493827160494,0.03410493827160494,0.02052469135802469,0.023765432098765433,0.021604938271604937,0.013425925925925926,0.011882716049382716,0.007561728395061728,0.0060185185185185185,0.005555555555555556,0.005864197530864198,0.002932098765432099,0.003703703703703704,0.0030864197530864196,0.0030864197530864196,0.0030864197530864196,0.022530864197530864
welding_0002_17-38-18_p5,0.002144607843137255,0.012867647058823529,0.009191176470588236,0.011029411764705883,0.013786764705882353,0.007352941176470588,0.011642156862745098,0.011029411764705883,0.00980392156862745,0.011642156862745098,0.011948529411764705,0.018995098039215685,0.01991421568627451,0.019301470588235295,0.022058823529411766,0.01685049019607843,0.021139705882352942,0.015931372549019607,0.013480392156862746,0.010416666666666666,0.01133578431372549,0.013786764705882353,0.008272058823529412,0.01133578431372549,0.016237745098039217,0.01838235294117647,0.015625,0.014399509803921568,0.013786764705882353,0.016237745098039217,0.01838235294117647,0.015318627450980392,0.016544117647058824,0.014705882352941176,0.014399509803921568,0.019301470588235295,0.008884803921568627,0.009191176470588236,0.012254901960784314,0.010723039215686275,0.013480392156862746,0.00980392156862745,0.010416666666666666,0.009497549019607842,0.012561274509803922,0.010416666666666666,0.01133578431372549,0.012561274509803922,0.01715686274509804,0.01685049019607843,0.01715686274509804,0.02971813725490196,0.04350490196078431,0.03155637254901961,0.01838235294117647,0.01715686274509804,0.017769607843137254,0.021752450980392156,0.012867647058823529,0.008884803921568627,0.008884803921568627,0.009497549019607842,0.010416666666666666,0.07873774509803921
welding_0002_17-38-18_p6,0.005670611439842209,0.007766272189349112,0.015409270216962525,0.015532544378698224,0.020340236686390532,0.021326429980276135,0.019847140039447733,0.021079881656804734,0.016888560157790927,0.015779092702169626,0.01787475345167653,0.017504930966469427,0.01343688362919132,0.013683431952662722,0.015532544378698224,0.021942800788954636,0.027613412228796843,0.026503944773175542,0.021572978303747534,0.026134122287968443,0.023668639053254437,0.02329881656804734,0.01972386587771203,0.021942800788954636,0.01972386587771203,0.019230769230769232,0.019230769230769232,0.016272189349112426,0.01861439842209073,0.01787475345167653,0.013929980276134122,0.015409270216962525,0.013806706114398421,0.016025641025641024,0.016518737672583828,0.015532544378698224,0.015902366863905327,0.015162721893491124,0.011217948717948718,0.013806706114398421,0.012697238658777121,0.01849112426035503,0.015532544378698224,0.01799802761341223,0.015532544378698224,0.01960059171597633,0.016272189349112426,0.018121301775147928,0.01873767258382643,0.023545364891518736,0.021449704142011833,0.021326429980276135,0.014299802761341223,0.011464497041420118,0.009492110453648915,0.006533530571992111,0.005054240631163708,0.003821499013806706,0.003821499013806706,0.0036982248520710057,0.0027120315581854043,0.0028353057199211047,0.0014792899408284023,0.0071499013806706115
welding_0002_17-38-18_p7,0.0,0.0,0.00027412280701754384,0.0003654970760233918,0.0005025584795321637,0.0014619883040935672,0.0012335526315789473,0.001827485380116959,0.00333516081871345,0.003654970760233918,0.004614400584795322,0.004979897660818714,0.005985014619883041,0.007447002923976608,0.008360745614035088,0.00804093567251462,0.00872624269005848,0.006944444444444444,0.007172880116959064,0.0078125,0.006441885964912281,0.007401315789473684,0.0062134502923976605,0.007218567251461988,0.007492690058479532,0.007949561403508772,0.008406432748538011,0.01137609649122807,0.011421783625730994,0.014756944444444444,0.017635233918128657,0.017269736842105265,0.018137792397660817,0.01800073099415205,0.019554093567251463,0.019508406432748537,0.020330774853801168,0.020285087719298246,0.020970394736842105,0.019097222222222224,0.02320906432748538,0.022797880116959063,0.023802997076023392,0.025539108187134504,0.023483187134502925,0.02042214912280702,0.02069627192982456,0.020285087719298246,0.018548976608187134,0.019371345029239765,0.022158260233918127,0.020970394736842105,0.02298062865497076,0.021290204678362575,0.021747076023391813,0.019142909356725146,0.020376461988304093,0.0200109649122807,0.01758954678362573,0.019508406432748537,0.019142909356725146,0.018411915204678362,0.02046783625730994,0.15583881578947367
welding_0002_17-38-18_p8,0.00039308176100628933,0.0033411949685534592,0.00845125786163522,0.011202830188679245,0.01061320754716981,0.011988993710691825,0.01434748427672956,0.01434748427672956,0.015330188679245283,0.011202830188679245,0.017885220125786163,0.01474056603773585,0.020440251572327043,0.016705974842767295,0.020833333333333332,0.023388364779874212,0.022602201257861634,0.02613993710691824,0.030267295597484277,0.038325471698113206,0.041273584905660375,0.0422562893081761,0.028105345911949686,0.029677672955974843,0.023191823899371068,0.024174528301886794,0.024764150943396228,0.021029874213836477,0.02161949685534591,0.018474842767295597,0.018081761006289308,0.017885220125786163,0.015330188679245283,0.01395440251572327,0.016312893081761006,0.014150943396226415,0.015919811320754717,0.015330188679245283,0.013757861635220126,0.013757861635220126,0.012382075471698114,0.011988993710691825,0.012382075471698114,0.011988993710691825,0.011202830188679245,0.008647798742138365,0.00884433962264151,0.006878930817610063,0.009630503144654088,0.009827044025157232,0.010220125786163521,0.007272012578616352,0.010220125786163521,0.0066823899371069185,0.009630503144654088,0.007075471698113208,0.00845125786163522,0.005699685534591195,0.0066823899371069185,0.007468553459119497,0.004913522012578616,0.006289308176100629,0.006878930817610063,0.03714622641509434
welding_0002_17-38-18_p9,0.0037220843672456576,0.005583126550868486,0.003101736972704715,0.006823821339950372,0.006513647642679901,0.010856079404466501,0.011476426799007445,0.014267990074441687,0.013647642679900745,0.012096774193548387,0.011786600496277916,0.013027295285359801,0.007133995037220843,0.008064516129032258,0.010856079404466501,0.010856079404466501,0.013957816377171216,0.011166253101736972,0.008374689826302729,0.008995037220843672,0.015818858560794045,0.013647642679900745,0.016439205955334987,0.01240694789081886,0.015818858560794045,0.01271712158808933,0.015198511166253101,0.01240694789081886,0.015508684863523574,0.01271712158808933,0.020471464019851116,0.024193548387096774,0.032568238213399506,0.05179900744416874,0.05303970223325062,0.04838709677419355,0.052109181141439205,0.05241935483870968,0.06358560794044665,0.03722084367245657,0.02295285359801489,0.016749379652605458,0.007133995037220843,0.009305210918114143,0.007444168734491315,0.007133995037220843,0.008684863523573201,0.005583126550868486,0.007133995037220843,0.008684863523573201,0.010235732009925558,0.014267990074441687,0.008374689826302729,0.008064516129032258,0.008995037220843672,0.005893300248138958,0.008064516129032258,0.007444168734491315,0.008995037220843672,0.007754342431761787,0.006513647642679901,0.007133995037220843,0.005893300248138958,0.020781637717121586
welding_0002_17-38-18_p10,0.0023939808481532147,0.008549931600547196,0.003761969904240766,0.008207934336525308,0.011285909712722298,0.006497948016415869,0.01094391244870041,0.014363885088919288,0.013679890560875513,0.0140218878248974,0.014363885088919288,0.019493844049247606,0.021545827633378933,0.021545827633378933,0.021545827633378933,0.01880984952120383,0.024623803009575923,0.01880984952120383,0.012311901504787962,0.011285909712722298,0.010259917920656635,0.01573187414500684,0.008207934336525308,0.011627906976744186,0.02017783857729138,0.014363885088919288,0.0140218878248974,0.013679890560875513,0.013679890560875513,0.0140218878248974,0.017783857729138167,0.0140218878248974,0.016757865937072503,0.014363885088919288,0.016073871409028728,0.018125854993160054,0.01094391244870041,0.010259917920656635,0.014363885088919288,0.009233926128590971,0.01265389876880985,0.013337893296853625,0.008891928864569083,0.01265389876880985,0.014363885088919288,0.016415868673050615,0.02017783857729138,0.023255813953488372,0.022571819425444596,0.0140218878248974,0.016073871409028728,0.018125854993160054,0.022913816689466484,0.01744186046511628,0.012311901504787962,0.01094391244870041,0.01573187414500684,0.016757865937072503,0.01094391244870041,0.006497948016415869,0.006155950752393981,0.0047879616963064295,0.006497948016415869,0.1207250341997264
welding_0002_17-38-18_p11,0.0038461538461538464,0.0032967032967032967,0.001098901098901099,0.0027472527472527475,0.0016483516483516484,0.002197802197802198,0.0032967032967032967,0.004945054945054945,0.002197802197802198,0.006593406593406593,0.0027472527472527475,0.008241758241758242,0.002197802197802198,0.006593406593406593,0.008791208791208791,0.013736263736263736,0.00934065934065934,0.013186813186813187,0.014285714285714285,0.010439560439560439,0.01868131868131868,0.016483516483516484,0.01868131868131868,0.013736263736263736,0.01098901098901099,0.012087912087912088,0.00989010989010989,0.011538461538461539,0.013186813186813187,0.00934065934065934,0.012087912087912088,0.012087912087912088,0.011538461538461539,0.01868131868131868,0.02142857142857143,0.03131868131868132,0.03406593406593406,0.035164835164835165,0.05824175824175824,0.054945054945054944,0.07472527472527472,0.08901098901098901,0.06153846153846154,0.020879120879120878,0.01978021978021978,0.017582417582417582,0.017582417582417582,0.012637362637362638,0.008241758241758242,0.006043956043956044,0.00989010989010989,0.01098901098901099,0.00934065934065934,0.007692307692307693,0.008791208791208791,0.0032967032967032967,0.008791208791208791,0.0038461538461538464,0.005494505494505495,0.0038461538461538464,0.006593406593406593,0.004945054945054945,0.008791208791208791,0.03406593406593406
welding_0002_18-06-26_p0,0.09753694581280788,0.04926108374384237,0.016748768472906402,0.010899014778325123,0.007881773399014778,0.010221674876847291,0.00917487684729064,0.010221674876847291,0.012007389162561576,0.010344827586206896,0.00935960591133005,0.008990147783251232,0.008066502463054187,0.011022167487684729,0.011145320197044334,0.0125,0.01730295566502463,0.019704433497536946,0.021798029556650247,0.018288177339901478,0.012561576354679803,0.010036945812807882,0.011391625615763547,0.009913793103448277,0.01163793103448276,0.014532019704433498,0.013485221674876847,0.016687192118226602,0.02105911330049261,0.028201970443349753,0.027463054187192117,0.029556650246305417,0.029433497536945814,0.03263546798029557,0.03503694581280788,0.035591133004926105,0.03423645320197044,0.028263546798029556,0.026970443349753695,0.021551724137931036,0.02062807881773399,0.016317733990147784,0.013423645320197044,0.01625615763546798,0.014532019704433498,0.013916256157635467,0.01607142857142857,0.014224137931034483,0.011206896551724138,0.006711822660098522,0.004495073891625616,0.0031403940886699506,0.0034482758620689655,0.0026477832512315272,0.001539408866995074,0.001477832512315271,0.0011699507389162562,0.0006773399014778325,0.0005541871921182266,0.0008004926108374384,0.0007389162561576355,0.0004926108374384236,0.0010467980295566501,0.011761083743842365
welding_0002_18-06-26_p1,0.016666666666666666,0.04192546583850932,0.02525879917184265,0.02308488612836439,0.020289855072463767,0.019979296066252587,0.018219461697722567,0.014389233954451346,0.013561076604554866,0.015010351966873706,0.012318840579710146,0.013043478260869565,0.014078674948240166,0.013768115942028985,0.017598343685300208,0.015631469979296066,0.014182194616977225,0.014699792960662527,0.013975155279503106,0.015320910973084885,0.014078674948240166,0.014699792960662527,0.012525879917184264,0.013975155279503106,0.016252587991718425,0.017908902691511387,0.018633540372670808,0.02008281573498965,0.015942028985507246,0.01935817805383023,0.017908902691511387,0.01935817805383023,0.019979296066252587,0.02732919254658385,0.02339544513457557,0.02349896480331263,0.02349896480331263,0.020496894409937887,0.02308488612836439,0.022049689440993787,0.021532091097308487,0.01904761904761905,0.02298136645962733,0.02505175983436853,0.022567287784679087,0.017908902691511387,0.01884057971014493,0.017598343685300208,0.015217391304347827,0.016666666666666666,0.012111801242236025,0.010455486542443064,0.009834368530020704,0.007246376811594203,0.004451345755693582,0.004347826086956522,0.005175983436853002,0.002587991718426501,0.0017598343685300208,0.0016563146997929607,0.0008281573498964803,0.0008281573498964803,0.0009316770186335404,0.0033126293995859213
welding_0002_18-06-26_p2,0.07711693548387097,0.04205069124423963,0.013464861751152074,0.007992511520737327,0.010152649769585253,0.010008640552995392,0.007632488479262673,0.009072580645161291,0.013608870967741936,0.010224654377880185,0.012600806451612902,0.013824884792626729,0.015192972350230415,0.013536866359447005,0.011088709677419355,0.021169354838709676,0.024553571428571428,0.011232718894009217,0.007848502304147466,0.008856566820276498,0.009720622119815668,0.008064516129032258,0.009792626728110598,0.009072580645161291,0.010080645161290322,0.0107286866359447,0.01238479262672811,0.015913018433179722,0.016993087557603686,0.02462557603686636,0.026641705069124423,0.027721774193548387,0.028441820276497696,0.03571428571428571,0.036002304147465435,0.03794642857142857,0.04435483870967742,0.038018433179723504,0.031826036866359445,0.02779377880184332,0.02311347926267281,0.017857142857142856,0.01238479262672811,0.012960829493087557,0.015625,0.01720910138248848,0.015120967741935484,0.012816820276497696,0.012024769585253456,0.009576612903225807,0.006120391705069125,0.005616359447004608,0.004824308755760369,0.0029521889400921657,0.0020161290322580645,0.002304147465437788,0.0025201612903225806,0.0015120967741935483,0.0012240783410138248,0.0006480414746543779,0.0010080645161290322,0.0015120967741935483,0.0017281105990783411,0.014256912442396314
welding_0002_18-06-26_p3,0.009866163349347975,0.009351407000686342,0.012096774193548387,0.008922443376801648,0.01029512697323267,0.006691832532601236,0.006691832532601236,0.006434454358270419,0.007035003431708991,0.006777625257378174,0.007035003431708991,0.005919698009608785,0.006091283459162663,0.009179821551132464,0.011238846945778999,0.008493479752916953,0.006606039807824296,0.006606039807824296,0.008236101578586136,0.006520247083047358,0.006606039807824296,0.004289636238846946,0.005662319835277968,0.004975978037062457,0.004461221688400824,0.004032258064516129,0.0037748798901853123,0.0037748798901853123,0.0043754289636238845,0.004804392587508579,0.004975978037062457,0.005233356211393274,0.005919698009608785,0.005919698009608785,0.006005490734385724,0.006005490734385724,0.005662319835277968,0.00712079615648593,0.006606039807824296,0.009866163349347975,0.011667810569663692,0.012182566918325326,0.014584763212079615,0.019474948524365134,0.023078242964996568,0.03508922443376802,0.03912148249828414,0.04830130404941661,0.05610844200411805,0.06606039807824296,0.08622168840082362,0.1038091969800961,0.050875085792724775,0.024965682910089226,0.02367879203843514,0.018702814001372685,0.013984214138641043,0.011667810569663692,0.008665065202470831,0.009694577899794098,0.007378174330816747,0.008836650652024708,0.007721345229924502,0.027968428277282086
welding_0002_18-06-26_p4,0.011133603238866396,0.015182186234817813,0.00708502024291498,0.005566801619433198,0.013157894736842105,0.006072874493927126,0.008097165991902834,0.006578947368421052,0.006072874493927126,0.011639676113360324,0.010121457489878543,0.01062753036437247,0.010121457489878543,0.01062753036437247,0.01720647773279352,0.008097165991902834,0.010121457489878543,0.013663967611336033,0.009615384615384616,0.011639676113360324,0.009109311740890687,0.011639676113360324,0.013663967611336033,0.011639676113360324,0.01771255060728745,0.01568825910931174,0.012145748987854251,0.014676113360323886,0.00860323886639676,0.0075910931174089065,0.01720647773279352,0.013157894736842105,0.012145748987854251,0.010121457489878543,0.013663967611336033,0.012145748987854251,0.020242914979757085,0.01062753036437247,0.01771255060728745,0.014676113360323886,0.01417004048582996,0.019736842105263157,0.025303643724696356,0.012651821862348178,0.009615384615384616,0.012145748987854251,0.019736842105263157,0.018218623481781375,0.01417004048582996,0.013663967611336033,0.009109311740890687,0.01062753036437247,0.011133603238866396,0.01417004048582996,0.018724696356275303,0.02125506072874494,0.02327935222672065,0.020748987854251014,0.01720647773279352,0.0298582995951417,0.02125506072874494,0.027327935222672066,0.02631578947368421,0.12297570850202429
welding_0002_18-19-53_p0,0.001864346590909091,0.004172585227272727,0.004616477272727273,0.006392045454545455,0.007457386363636364,0.008522727272727272,0.012961647727272728,0.013316761363636364,0.0107421875,0.010919744318181818,0.011008522727272728,0.015181107954545454,0.014293323863636364,0.014914772727272728,0.011452414772727272,0.012961647727272728,0.01376065340909091,0.01642400568181818,0.013050426136363636,0.015003551136363636,0.018110795454545456,0.017311789772727272,0.01837713068181818,0.017933238636363636,0.01473721590909091,0.011541193181818182,0.012073863636363636,0.012073863636363636,0.010919744318181818,0.009588068181818182,0.010564630681818182,0.009232954545454546,0.009321732954545454,0.010120738636363636,0.010031960227272728,0.007990056818181818,0.00985440340909091,0.009765625,0.009943181818181818,0.009055397727272728,0.00887784090909091,0.009410511363636364,0.011541193181818182,0.012428977272727272,0.01162997159090909,0.013938210227272728,0.013849431818181818,0.015092329545454546,0.015358664772727272,0.01970880681818182,0.023970170454545456,0.0263671875,0.03515625,0.04820667613636364,0.03675426136363636,0.03506747159090909,0.03524502840909091,0.026012073863636364,0.029651988636363636,0.024502840909090908,0.017489346590909092,0.00967684659090909,0.011274857954545454,0.051225142045454544
welding_0002_18-19-53_p1,0.00013440860215053763,0.0008736559139784947,0.0009408602150537635,0.0012768817204301076,0.003360215053763441,0.00450268817204301,0.005846774193548387,0.007190860215053763,0.008602150537634409,0.009946236559139785,0.009744623655913979,0.010349462365591398,0.01028225806451613,0.011760752688172043,0.013373655913978495,0.0135752688172043,0.012903225806451613,0.015860215053763442,0.016733870967741937,0.02029569892473118,0.020967741935483872,0.020833333333333332,0.025,0.025201612903225805,0.020967741935483872,0.013978494623655914,0.013172043010752688,0.009543010752688172,0.012163978494623655,0.013172043010752688,0.014314516129032258,0.01303763440860215,0.013306451612903225,0.015053763440860216,0.016935483870967744,0.015188172043010753,0.017674731182795698,0.018413978494623656,0.019153225806451613,0.02211021505376344,0.025067204301075268,0.023588709677419356,0.02842741935483871,0.029301075268817204,0.031586021505376344,0.03313172043010753,0.034543010752688175,0.03192204301075269,0.02956989247311828,0.029704301075268818,0.02674731182795699,0.024260752688172044,0.020094086021505378,0.021841397849462367,0.014381720430107527,0.013709677419354839,0.01014784946236559,0.007930107526881721,0.009274193548387096,0.007190860215053763,0.0035618279569892474,0.003360215053763441,0.002889784946236559,0.020026881720430108
welding_0002_18-19-53_p2,0.0,0.000417641162712997,0.0001670564650851988,0.0006682258603407952,0.001085867023053792,0.0018376211159371867,0.0030905446040761777,0.0035081857667891747,0.005429335115268961,0.005512863347811561,0.006431673905780154,0.006682258603407952,0.009271633812228534,0.011861009021049114,0.01252923488138991,0.01261276311393251,0.0136986301369863,0.01670564650851988,0.020380888740394253,0.022970263949214833,0.024223187437353827,0.024557300367524224,0.02522552622786502,0.02931840962245239,0.03357834948212496,0.03040427664550618,0.03374540594721016,0.03190778483127297,0.029903107250250586,0.031657200133645175,0.028984296692281992,0.024390243902439025,0.02614433678583361,0.02522552622786502,0.02213498162378884,0.02104911460073505,0.022803207484129635,0.023053792181757436,0.020046775810223856,0.027480788506515204,0.02505846976277982,0.024223187437353827,0.024390243902439025,0.022636151019044436,0.02221850985633144,0.022636151019044436,0.02071500167056465,0.014951553625125293,0.013615101904443701,0.011276311393250919,0.011443367858336117,0.010357500835282325,0.009772803207484129,0.008269295021717341,0.007266956231206148,0.0045105245573003674,0.004259939859672569,0.004092883394587371,0.004092883394587371,0.0024223187437353824,0.003925826929502172,0.00417641162712997,0.005262278650183762,0.027731373204143
welding_0002_18-19-53_p3,0.0003380662609871535,0.0003380662609871535,0.0005070993914807302,0.0005070993914807302,0.001126887536623845,0.001352265043948614,0.002028397565922921,0.0030425963488843813,0.00400045075501465,0.005409060175794456,0.004958305161144917,0.005183682668469687,0.005634437683119224,0.005916159567275186,0.008226279017354067,0.0074374577417173765,0.0080009015100293,0.009071444669821951,0.010761775974757718,0.011775974757719179,0.0138043723236421,0.013917061077304485,0.015494703628577867,0.01605814739688979,0.016677935542032906,0.016283524904214558,0.01757944557133198,0.017917511832319134,0.020171286905566823,0.02135451881902186,0.02490421455938697,0.02389001577642551,0.02636916835699797,0.025974757719179627,0.028284877169258506,0.029806175343700697,0.03532792427315754,0.037694388100067616,0.05645706558485463,0.05555555555555555,0.042483660130718956,0.03882127563669146,0.03329952670723462,0.029918864097363083,0.02580572458868605,0.024115393283750283,0.01803020058598152,0.01707234617985125,0.01481857110660356,0.014987604237097137,0.013466306062654946,0.009465855307640297,0.010367365336939374,0.009409510930809105,0.010592742844264142,0.009972954699121028,0.010761775974757718,0.008113590263691683,0.007324768988054992,0.009353166553977913,0.006254225828262339,0.005578093306288032,0.00501464953797611,0.015832769889565022
welding_0002_18-19-53_p4,0.0,0.00010741138560687433,0.00037593984962406017,0.0007518796992481203,0.0015037593984962407,0.0018259935553168636,0.002255639097744361,0.0028464017185821696,0.00397422126745435,0.005692803437164339,0.005639097744360902,0.0051557465091299675,0.0057465091299677765,0.007250268528464017,0.007733619763694952,0.009076262083780881,0.007303974221267454,0.009129967776584319,0.009613319011815252,0.009505907626208378,0.009989258861439313,0.007142857142857143,0.009505907626208378,0.008485499462943072,0.007787325456498389,0.008968850698174007,0.008968850698174007,0.010311493018259935,0.011976369495166488,0.012191192266380236,0.012781954887218045,0.01498388829215897,0.014070891514500536,0.011117078410311494,0.011815252416756176,0.011654135338345865,0.013372717508055854,0.013265306122448979,0.013104189044038667,0.014232008592910848,0.014232008592910848,0.015682062298603652,0.021052631578947368,0.021858216970998927,0.022234156820622988,0.022126745435016113,0.025671321160042965,0.023791621911922665,0.024543501611170783,0.02411385606874329,0.021482277121374866,0.020945220193340493,0.0200859291084855,0.020461868958109558,0.01992481203007519,0.019065520945220193,0.015413533834586466,0.01573576799140709,0.015628356605800215,0.014285714285714285,0.013694951664876477,0.015252416756176154,0.020461868958109558,0.23104189044038667
welding_0002_18-19-53_p5,0.0,0.0,8.35282325425994e-05,0.0010023387905111927,0.001252923488138991,0.0007517540928833945,0.0011693952555963916,0.001670564650851988,0.0028399599064483794,0.003424657534246575,0.004343468092215168,0.004009355162044771,0.005178750417641162,0.006765786835950551,0.00960574674239893,0.012946876044102907,0.014450384229869696,0.015536251252923489,0.01812562646174407,0.018543267624457068,0.01962913464751086,0.024557300367524224,0.021299699298362847,0.020380888740394253,0.021299699298362847,0.021299699298362847,0.02221850985633144,0.022552622786501837,0.02489141329769462,0.023972602739726026,0.02347143334447043,0.023053792181757436,0.021633812228533243,0.01795856999665887,0.02104911460073505,0.021466755763448045,0.021216171065820248,0.02113264283327765,0.021967925158703643,0.021967925158703643,0.02180086869361844,0.02088205813564985,0.024473772134981624,0.023387905111927832,0.024557300367524224,0.02606080855329101,0.024557300367524224,0.018960908787170064,0.016371533578349484,0.015703307718008687,0.018209154694286668,0.014951553625125293,0.014450384229869696,0.012946876044102907,0.012779819579017708,0.014199799532241897,0.013448045439358503,0.013197460741730706,0.0138656866020715,0.0138656866020715,0.012195121951219513,0.011443367858336117,0.012362178416304711,0.046608753758770466
welding_0002_18-19-53_p6,0.012681159420289856,0.009420289855072464,0.009420289855072464,0.007246376811594203,0.009420289855072464,0.011231884057971014,0.009420289855072464,0.008695652173913044,0.009782608695652175,0.006521739130434782,0.003985507246376811,0.006159420289855073,0.007971014492753623,0.002898550724637681,0.005072463768115942,0.010144927536231883,0.009420289855072464,0.009057971014492754,0.010869565217391304,0.009782608695652175,0.007246376811594203,0.013768115942028985,0.014855072463768116,0.010869565217391304,0.005434782608695652,0.005797101449275362,0.006884057971014493,0.018115942028985508,0.009420289855072464,0.008333333333333333,0.009057971014492754,0.007971014492753623,0.007608695652173913,0.005797101449275362,0.0036231884057971015,0.006159420289855073,0.007246376811594203,0.007971014492753623,0.009782608695652175,0.007608695652173913,0.006884057971014493,0.008695652173913044,0.006159420289855073,0.004710144927536232,0.005434782608695652,0.008333333333333333,0.014130434782608696,0.007971014492753623,0.011956521739130435,0.02681159420289855,0.025362318840579712,0.020289855072463767,0.02608695652173913,0.043478260869565216,0.058695652173913045,0.059057971014492755,0.07572463768115942,0.03333333333333333,0.02717391304347826,0.0286231884057971,0.03804347826086957,0.03152173913043478,0.028985507246376812,0.059782608695652176
welding_0002_18-35-39_p0,0.011736425339366516,0.021846719457013573,0.01838235294117647,0.016756221719457013,0.016190610859728508,0.016968325791855202,0.018311651583710408,0.01732183257918552,0.018240950226244345,0.015271493212669683,0.01965497737556561,0.01965497737556561,0.02368495475113122,0.030684389140271492,0.02552319004524887,0.028421945701357466,0.025240384615384616,0.019301470588235295,0.017039027149321265,0.01541289592760181,0.011453619909502262,0.011524321266968326,0.013009049773755657,0.01392816742081448,0.017887443438914026,0.015342194570135746,0.013857466063348416,0.015695701357466063,0.01477658371040724,0.014281674208144796,0.01201923076923077,0.011312217194570135,0.012796945701357466,0.014069570135746607,0.014352375565610859,0.014635180995475113,0.013857466063348416,0.011807126696832579,0.011100113122171946,0.012443438914027148,0.012796945701357466,0.01541289592760181,0.012726244343891403,0.014069570135746607,0.015625,0.013221153846153846,0.013150452488687783,0.011312217194570135,0.012938348416289592,0.011665723981900453,0.01477658371040724,0.012443438914027148,0.010817307692307692,0.010463800904977375,0.009261877828054299,0.011100113122171946,0.011100113122171946,0.009120475113122173,0.010817307692307692,0.008979072398190045,0.008130656108597286,0.007070135746606335,0.008342760180995475,0.0688631221719457
welding_0002_18-35-39_p1,0.006064497716894977,0.009988584474885844,0.009560502283105022,0.008276255707762557,0.009631849315068493,0.00891837899543379,0.009917237442922375,0.010273972602739725,0.012842465753424657,0.011486872146118722,0.015625,0.014055365296803653,0.01748002283105023,0.01990582191780822,0.01790810502283105,0.023045091324200913,0.023687214611872145,0.016837899543378994,0.015339611872146119,0.013984018264840182,0.010987442922374429,0.011629566210045662,0.013769977168949772,0.014412100456621004,0.016124429223744293,0.016338470319634705,0.016695205479452056,0.016623858447488586,0.016552511415525113,0.017051940639269406,0.014626141552511416,0.01348458904109589,0.01748002283105023,0.01990582191780822,0.019192351598173518,0.018550228310502282,0.01990582191780822,0.0175513698630137,0.018978310502283106,0.01976312785388128,0.018550228310502282,0.0201912100456621,0.01748002283105023,0.018407534246575343,0.020333904109589043,0.02240296803652968,0.021261415525114156,0.02233162100456621,0.023401826484018264,0.02204623287671233,0.023901255707762557,0.024900114155251143,0.01997716894977169,0.01819349315068493,0.01819349315068493,0.019549086757990868,0.013627283105022831,0.00884703196347032,0.007634132420091324,0.007063356164383561,0.005065639269406392,0.0029965753424657533,0.00228310502283105,0.016909246575342467
welding_0002_18-35-39_p2,0.006705729166666666,0.0076171875,0.006119791666666667,0.0064453125,0.0068359375,0.007552083333333333,0.008658854166666667,0.0107421875,0.0115234375,0.009440104166666666,0.012109375,0.012174479166666667,0.012239583333333333,0.013932291666666667,0.016080729166666665,0.014778645833333333,0.015690104166666666,0.016666666666666666,0.018619791666666666,0.016796875,0.016015625,0.0140625,0.015169270833333333,0.016145833333333335,0.0162109375,0.014453125,0.012760416666666666,0.010807291666666666,0.012760416666666666,0.011328125,0.0119140625,0.011588541666666667,0.012044270833333334,0.0150390625,0.014453125,0.015625,0.014322916666666666,0.014778645833333333,0.016015625,0.0158203125,0.015169270833333333,0.017252604166666668,0.013606770833333334,0.015234375,0.015104166666666667,0.015950520833333332,0.014453125,0.015885416666666666,0.017578125,0.017838541666666666,0.020703125,0.024479166666666666,0.022591145833333333,0.029947916666666668,0.025455729166666666,0.024609375,0.025,0.022265625,0.020182291666666668,0.018880208333333332,0.014192708333333333,0.0087890625,0.008723958333333334,0.0640625
welding_0003_17-38-13_p0,0.0008006126427179058,0.0029935950988582566,0.003132832080200501,0.004246727930938457,0.004768866610971874,0.006161236424394319,0.007727652464494569,0.00835421888053467,0.009468114731272625,0.015072403230297966,0.014445836814257866,0.010164299637983848,0.009085213032581453,0.010407964355332776,0.008771929824561403,0.009398496240601503,0.01086048454469507,0.011104149262043998,0.011208576998050682,0.01086048454469507,0.011347813979392926,0.012461709830130882,0.012287663603453076,0.015246449456975772,0.01270537454747981,0.014306599832915622,0.0142369813422445,0.017160957950431634,0.020676691729323307,0.022243107769423558,0.026420217209690892,0.029831523252575882,0.02760373155109997,0.022382344750765802,0.02513227513227513,0.019040657198551934,0.013053467000835421,0.015420495683653578,0.013749651907546644,0.01517683096630465,0.020850737956001113,0.020607073238652185,0.022869674185463658,0.021581732108047896,0.02081592871066555,0.02137287663603453,0.02266081871345029,0.027151211361737676,0.020920356446672235,0.016812865497076022,0.020676691729323307,0.029344193817878027,0.03467000835421888,0.03157198551935394,0.03010999721526037,0.026594263436368698,0.023113338902812586,0.01702172096908939,0.010442773600668337,0.006787802840434419,0.005012531328320802,0.0038290169869117235,0.002854358117516012,0.012809802283486493
welding_0003_17-38-13_p1,0.008039579468150896,0.008348794063079777,0.007111935683364255,0.0030921459492888066,0.005875077303648732,0.007730364873222016,0.0063388991960420535,0.005875077303648732,0.008039579468150896,0.00927643784786642,0.013760049474335189,0.016079158936301793,0.01886209029066172,0.02458256029684601,0.031076066790352505,0.027520098948670378,0.016233766233766232,0.012059369202226345,0.013141620284477427,0.008812615955473098,0.008503401360544218,0.0066481137909709335,0.0095856524427953,0.0095856524427953,0.015306122448979591,0.019789734075448363,0.02040816326530612,0.026283240568954855,0.026592455163883734,0.02411873840445269,0.027829313543599257,0.032158317872603585,0.026437847866419294,0.02427334570191713,0.03447742733457019,0.05210265924551639,0.04220779220779221,0.03571428571428571,0.025974025974025976,0.02411873840445269,0.020717377860235003,0.020871985157699443,0.021645021645021644,0.02025355596784168,0.016852195423623994,0.02040816326530612,0.015769944341372914,0.012987012987012988,0.010513296227581941,0.00943104514533086,0.007575757575757576,0.006493506493506494,0.008039579468150896,0.008194186765615338,0.007111935683364255,0.010977118119975263,0.007730364873222016,0.007575757575757576,0.004019789734075448,0.0035559678416821274,0.0035559678416821274,0.0021645021645021645,0.0018552875695732839,0.007730364873222016
welding_0003_17-38-13_p2,0.0007878151260504202,0.00428921568627451,0.004901960784313725,0.006477591036414566,0.0063900560224089634,0.006127450980392157,0.006827731092436975,0.00901610644257703,0.012429971988795517,0.017331932773109245,0.016281512605042018,0.012692577030812325,0.009891456582633053,0.012692577030812325,0.011029411764705883,0.010329131652661064,0.011817226890756302,0.013830532212885153,0.014005602240896359,0.013918067226890757,0.013830532212885153,0.015493697478991597,0.01523109243697479,0.016193977591036416,0.014705882352941176,0.01803221288515406,0.01680672268907563,0.021183473389355743,0.023546918767507002,0.024509803921568627,0.02652310924369748,0.02853641456582633,0.018119747899159665,0.01207983193277311,0.011116946778711485,0.010679271708683474,0.01050420168067227,0.013918067226890757,0.014793417366946778,0.015756302521008403,0.03046218487394958,0.02494747899159664,0.015931372549019607,0.0156687675070028,0.022408963585434174,0.019782913165266106,0.019870448179271707,0.018995098039215685,0.01882002801120448,0.01803221288515406,0.025210084033613446,0.04105392156862745,0.0391281512605042,0.030199579831932773,0.02809873949579832,0.02468487394957983,0.01601890756302521,0.013392857142857142,0.008665966386554622,0.005952380952380952,0.004551820728291317,0.0030637254901960784,0.0017507002801120449,0.010679271708683474
welding_0003_17-38-13_p3,0.0,0.0,0.0,0.0,0.0,0.0,0.0,0.0001201923076923077,0.0007211538461538462,0.0013221153846153847,0.0015625,0.0021634615384615386,0.0014423076923076924,0.0028846153846153848,0.0034855769230769233,0.002403846153846154,0.0028846153846153848,0.0038461538461538464,0.004447115384615384,0.004086538461538462,0.003966346153846154,0.00625,0.012620192307692308,0.014903846153846155,0.014663461538461538,0.013100961538461539,0.010576923076923078,0.010336538461538461,0.015504807692307693,0.015384615384615385,0.009495192307692307,0.010096153846153847,0.010216346153846154,0.009254807692307692,0.009975961538461538,0.008173076923076924,0.011298076923076923,0.007932692307692307,0.010456730769230769,0.014182692307692308,0.013461538461538462,0.014182692307692308,0.01766826923076923,0.023197115384615385,0.024639423076923076,0.03569711538461538,0.04038461538461539,0.06778846153846153,0.05576923076923077,0.060697115384615384,0.050721153846153846,0.04639423076923077,0.03942307692307692,0.03497596153846154,0.03257211538461539,0.023677884615384615,0.01706730769230769,0.011538461538461539,0.01141826923076923,0.008774038461538462,0.005528846153846154,0.005889423076923077,0.005528846153846154,0.1032451923076923
welding_0003_17-38-18_p0,0.0016162851651231871,0.0018347020793290233,0.0034946706272933775,0.004149921369910886,0.0041936047527520535,0.004280971518434387,0.004674121964004892,0.004674121964004892,0.006071990214922243,0.006508824043333916,0.006814607723222087,0.007426175082998428,0.008387209505504107,0.006639874191857418,0.009173510396645115,0.00991612790494496,0.008256159356980604,0.008605626419709942,0.010178228201991962,0.010920845710291805,0.012362397344050324,0.012100297047003319,0.012406080726891491,0.012930281320985497,0.014153416040538179,0.017517036519308055,0.02245325878035995,0.026515813384588503,0.03097151843438756,0.03376725493622226,0.03455355582736327,0.02752053118993535,0.025336362047876988,0.02123012406080727,0.020705923466713263,0.021929058186265945,0.021142757295124933,0.020006989341254586,0.020487506552507428,0.017997553730560896,0.01633758518259654,0.014240782806220514,0.013585532063603006,0.014721300017473352,0.013410798532238337,0.013541848680761838,0.013934999126332344,0.015158133845885026,0.016206535034073037,0.017822820199196225,0.018827538004543072,0.019657522278525248,0.018914904770225408,0.0186528044731784,0.01834702079329023,0.014896033548838021,0.015507600908614362,0.013236065000873667,0.013454481915079504,0.012668181023938494,0.012187663812685655,0.014022365892014678,0.017342302987943387,0.0894198846758693
welding_0003_17-38-18_p1,0.007102272727272727,0.006036931818181818,0.006392045454545455,0.009943181818181818,0.009055397727272728,0.014204545454545454,0.01580255681818182,0.01935369318181818,0.020596590909090908,0.02521306818181818,0.028586647727272728,0.025035511363636364,0.03586647727272727,0.04261363636363636,0.041015625,0.04367897727272727,0.034623579545454544,0.024857954545454544,0.018821022727272728,0.018643465909090908,0.01740056818181818,0.015092329545454546,0.020774147727272728,0.020241477272727272,0.01775568181818182,0.011186079545454546,0.016335227272727272,0.015269886363636364,0.012073863636363636,0.012073863636363636,0.012073863636363636,0.015980113636363636,0.01455965909090909,0.009943181818181818,0.00870028409090909,0.01171875,0.011896306818181818,0.010120738636363636,0.009943181818181818,0.007634943181818182,0.008167613636363636,0.009055397727272728,0.012251420454545454,0.012961647727272728,0.012961647727272728,0.013849431818181818,0.011541193181818182,0.01455965909090909,0.017578125,0.02361505681818182,0.024325284090909092,0.018110795454545456,0.016512784090909092,0.013316761363636364,0.011363636363636364,0.008167613636363636,0.00870028409090909,0.004261363636363636,0.003728693181818182,0.004971590909090909,0.002130681818181818,0.0031960227272727275,0.002840909090909091,0.02361505681818182
welding_0003_17-38-18_p2,0.0036458333333333334,0.004166666666666667,0.0048177083333333336,0.0069010416666666664,0.009635416666666667,0.009244791666666667,0.008854166666666666,0.011979166666666667,0.013671875,0.014322916666666666,0.019140625,0.017708333333333333,0.02265625,0.023567708333333333,0.029947916666666668,0.034375,0.03515625,0.037760416666666664,0.040625,0.03802083333333333,0.0359375,0.03606770833333333,0.029296875,0.028776041666666665,0.030859375,0.02890625,0.02578125,0.028515625,0.020833333333333332,0.016796875,0.018229166666666668,0.01796875,0.013020833333333334,0.012630208333333334,0.009244791666666667,0.009375,0.011588541666666667,0.009635416666666667,0.007942708333333333,0.01015625,0.00859375,0.010416666666666666,0.009375,0.008723958333333334,0.008984375,0.005859375,0.009375,0.0109375,0.008854166666666666,0.009765625,0.011197916666666667,0.010416666666666666,0.011067708333333334,0.009505208333333333,0.010677083333333334,0.008203125,0.009375,0.007161458333333333,0.005989583333333334,0.005078125,0.00546875,0.005208333333333333,0.003125,0.018880208333333332
welding_0003_17-38-18_p3,0.00687458081824279,0.008215962441314555,0.0102280348759222,0.015425888665325285,0.012910798122065728,0.015761234071093227,0.019282360831656607,0.021462105969148222,0.021462105969148222,0.025989268947015427,0.026324614352783368,0.025989268947015427,0.031857813547954396,0.03571428571428571,0.04124748490945674,0.04074446680080483,0.03755868544600939,0.027833668678739102,0.02649228705566734,0.025318578135479546,0.023138832997987926,0.019114688128772636,0.01609657947686117,0.017940979208584843,0.01626425217974514,0.013078470824949699,0.009389671361502348,0.012407780013413815,0.011066398390342052,0.012575452716297788,0.012240107310529845,0.012240107310529845,0.011234071093226022,0.009892689470154259,0.009221998658618377,0.0102280348759222,0.009054325955734407,0.009557344064386318,0.009557344064386318,0.01006036217303823,0.012407780013413815,0.0102280348759222,0.009054325955734407,0.011066398390342052,0.012240107310529845,0.012407780013413815,0.01324614352783367,0.015090543259557344,0.014084507042253521,0.01358148893360161,0.0204560697518444,0.013916834339369551,0.017773306505700873,0.01358148893360161,0.012910798122065728,0.009389671361502348,0.009054325955734407,0.008048289738430584,0.004862508383635144,0.006036217303822937,0.00335345405767941,0.0031857813547954395,0.0031857813547954395,0.019785378940308518
welding_0003_17-38-18_p4,0.0018783542039355994,0.007960644007155635,0.009123434704830053,0.012075134168157423,0.014221824686940965,0.015295169946332737,0.017978533094812163,0.01967799642218247,0.017173524150268335,0.016815742397137744,0.019230769230769232,0.017173524150268335,0.014937388193202146,0.018425760286225404,0.02066189624329159,0.017978533094812163,0.01967799642218247,0.02039355992844365,0.020930232558139535,0.022361359570661897,0.016815742397137744,0.018962432915921288,0.01914132379248658,0.022361359570661897,0.019051878354203935,0.0148479427549195,0.012880143112701253,0.013148479427549195,0.01261180679785331,0.011985688729874776,0.010912343470483005,0.013953488372093023,0.014311270125223614,0.017262969588550985,0.018067978533094813,0.020125223613595707,0.02066189624329159,0.019767441860465116,0.019588550983899822,0.02110912343470483,0.02119856887298748,0.022093023255813953,0.022450805008944544,0.02066189624329159,0.023255813953488372,0.019856887298747763,0.02289803220035778,0.022450805008944544,0.020214669051878353,0.022450805008944544,0.021377459749552772,0.016547406082289804,0.01699463327370304,0.012880143112701253,0.009391771019677997,0.009749552772808586,0.006618962432915921,0.005635062611806798,0.004919499105545617,0.0035778175313059034,0.004651162790697674,0.00259391771019678,0.0013416815742397137,0.004651162790697674
welding_0003_17-38-18_p5,0.0,0.004285714285714286,0.004107142857142857,0.012142857142857143,0.010714285714285714,0.011964285714285714,0.013571428571428571,0.01660714285714286,0.015535714285714286,0.01660714285714286,0.02107142857142857,0.014464285714285714,0.02035714285714286,0.018214285714285714,0.023035714285714284,0.029464285714285714,0.031071428571428573,0.04232142857142857,0.04267857142857143,0.03357142857142857,0.037142857142857144,0.038035714285714284,0.029464285714285714,0.02642857142857143,0.028392857142857143,0.02982142857142857,0.0325,0.027678571428571427,0.029285714285714286,0.019642857142857142,0.01982142857142857,0.019285714285714285,0.016964285714285713,0.01892857142857143,0.014285714285714285,0.011428571428571429,0.013035714285714286,0.010892857142857143,0.011785714285714287,0.010357142857142856,0.009642857142857142,0.011964285714285714,0.007857142857142858,0.006071428571428571,0.00875,0.005892857142857143,0.01017857142857143,0.0075,0.006071428571428571,0.0066071428571428574,0.0067857142857142855,0.006071428571428571,0.0075,0.0067857142857142855,0.0066071428571428574,0.007142857142857143,0.005714285714285714,0.005892857142857143,0.004642857142857143,0.0033928571428571428,0.00375,0.004107142857142857,0.002857142857142857,0.02125
welding_0003_17-38-18_p6,0.0012054001928640309,0.0034956605593056897,0.0037367405978784955,0.006027000964320154,0.007232401157184185,0.007473481195756991,0.009161041465766635,0.013862102217936354,0.012174541947926712,0.012777242044358728,0.017839922854387655,0.014585342333654773,0.016996142719382837,0.015067502410800385,0.018804243008678882,0.022782063645130184,0.023264223722275795,0.027483124397299902,0.028688524590163935,0.027483124397299902,0.030255544840887175,0.030617164898746385,0.026759884281581485,0.023987463837994213,0.0273625843780135,0.023264223722275795,0.02772420443587271,0.025675024108003857,0.025313404050144647,0.022299903567984572,0.019045323047251688,0.020130183220829316,0.018563162970106076,0.01808100289296046,0.01639344262295082,0.014946962391513982,0.016152362584378015,0.017116682738669238,0.013621022179363548,0.01253616200578592,0.012777242044358728,0.01639344262295082,0.014103182256509162,0.01639344262295082,0.013741562198649951,0.01253616200578592,0.014946962391513982,0.014223722275795565,0.012656702025072323,0.01289778206364513,0.010848601735776278,0.010004821600771456,0.010607521697203472,0.010004821600771456,0.008076181292189007,0.009402121504339441,0.008678881388621022,0.008558341369334619,0.008799421407907425,0.006870781099324976,0.006147540983606557,0.007955641272902604,0.005544840887174542,0.027844744455159113
welding_0003_17-38-18_p7,0.0,0.005208333333333333,0.004861111111111111,0.00798611111111111,0.008333333333333333,0.00798611111111111,0.006597222222222222,0.013194444444444444,0.009722222222222222,0.011111111111111112,0.014930555555555556,0.014930555555555556,0.02013888888888889,0.021875,0.03229166666666667,0.028819444444444446,0.03125,0.03715277777777778,0.03854166666666667,0.043055555555555555,0.036458333333333336,0.036458333333333336,0.02361111111111111,0.03194444444444444,0.0375,0.03298611111111111,0.022569444444444444,0.025347222222222222,0.025694444444444443,0.01840277777777778,0.016666666666666666,0.017361111111111112,0.013541666666666667,0.011805555555555555,0.010069444444444445,0.008333333333333333,0.009722222222222222,0.009375,0.010069444444444445,0.010069444444444445,0.009027777777777777,0.010416666666666666,0.010069444444444445,0.011111111111111112,0.012152777777777778,0.004861111111111111,0.005555555555555556,0.010069444444444445,0.005208333333333333,0.009027777777777777,0.011805555555555555,0.013888888888888888,0.015277777777777777,0.015277777777777777,0.015277777777777777,0.011111111111111112,0.010763888888888889,0.007291666666666667,0.006944444444444444,0.0045138888888888885,0.004166666666666667,0.006597222222222222,0.0038194444444444443,0.019791666666666666
welding_0003_17-38-18_p8,0.009219858156028368,0.013829787234042552,0.010638297872340425,0.011702127659574468,0.01276595744680851,0.013120567375886525,0.014893617021276596,0.016666666666666666,0.014893617021276596,0.014184397163120567,0.01879432624113475,0.01879432624113475,0.02517730496453901,0.019858156028368795,0.017375886524822696,0.01702127659574468,0.01524822695035461,0.01524822695035461,0.01276595744680851,0.01276595744680851,0.013120567375886525,0.013120567375886525,0.013829787234042552,0.011347517730496455,0.014893617021276596,0.01347517730496454,0.010638297872340425,0.015602836879432624,0.01276595744680851,0.015957446808510637,0.011702127659574468,0.012056737588652482,0.014539007092198582,0.01773049645390071,0.014539007092198582,0.014184397163120567,0.012056737588652482,0.011702127659574468,0.01099290780141844,0.007446808510638298,0.008865248226950355,0.015602836879432624,0.009929078014184398,0.01028368794326241,0.00851063829787234,0.012056737588652482,0.011702127659574468,0.016666666666666666,0.016312056737588652,0.022340425531914895,0.03226950354609929,0.022340425531914895,0.02375886524822695,0.02304964539007092,0.015602836879432624,0.018085106382978722,0.019858156028368795,0.015602836879432624,0.011702127659574468,0.009574468085106383,0.01276595744680851,0.009929078014184398,0.009574468085106383,0.07695035460992908
welding_0003_17-38-18_p9,0.002977553825011452,0.00847457627118644,0.010994044892349977,0.014658726523133303,0.01820888685295465,0.01580393953275309,0.02153000458085204,0.020041227668346314,0.024278515803939534,0.02588181401740724,0.024278515803939534,0.02439303710490151,0.023133302794319743,0.02439303710490151,0.02668346312414109,0.032409528172240035,0.03836463582226294,0.03412734768666972,0.03504351809436555,0.033554741181859825,0.02668346312414109,0.02485112230874943,0.019697663765460376,0.021071919377004124,0.016605588639486944,0.015231333027943198,0.01603298213467705,0.01500229042601924,0.016605588639486944,0.014200641319285386,0.012711864406779662,0.013513513513513514,0.013055428309665598,0.014200641319285386,0.015116811726981219,0.013169949610627577,0.014429683921209345,0.017865322950068714,0.014658726523133303,0.015689418231791114,0.014544205222171324,0.016491067338524967,0.015689418231791114,0.011910215300045808,0.012139257901969767,0.01065048098946404,0.012253779202931745,0.012597343105817681,0.012368300503893724,0.011452130096197893,0.012139257901969767,0.009390746678882272,0.00847457627118644,0.006756756756756757,0.004695373339441136,0.00744388456252863,0.0035501603298213466,0.0038937242327072834,0.004008245533669262,0.0021759047182775995,0.0026339899221255155,0.002061383417315621,0.0022904260192395786,0.01076500229042602
welding_0003_17-38-18_p10,0.0020739064856711916,0.005279034690799397,0.00641025641025641,0.00942684766214178,0.011783559577677225,0.010652337858220211,0.01583710407239819,0.0153657616892911,0.016214177978883863,0.017722473604826545,0.019796380090497737,0.016591251885369532,0.016025641025641024,0.017628205128205128,0.020079185520361992,0.024886877828054297,0.02696078431372549,0.026772247360482653,0.024698340874811462,0.021964555052790345,0.022812971342383106,0.023284313725490197,0.020079185520361992,0.020739064856711915,0.017628205128205128,0.014328808446455505,0.016496983408748115,0.016214177978883863,0.016214177978883863,0.014234539969834087,0.01159502262443439,0.01366892911010558,0.013386123680241327,0.013291855203619909,0.0153657616892911,0.014800150829562594,0.014611613876319759,0.015742835595776772,0.01715686274509804,0.01668552036199095,0.016779788838612367,0.021870286576168928,0.02017345399698341,0.022153092006033184,0.020644796380090497,0.019513574660633484,0.02139894419306184,0.01998491704374057,0.0222473604826546,0.018665158371040724,0.019230769230769232,0.016025641025641024,0.01668552036199095,0.013951734539969835,0.009521116138763197,0.010746606334841629,0.007635746606334841,0.006881598793363499,0.006033182503770739,0.004053544494720966,0.003676470588235294,0.0034879336349924587,0.0034879336349924587,0.020644796380090497
welding_0003_17-38-18_p11,0.0,0.004557291666666667,0.0068359375,0.005533854166666667,0.008463541666666666,0.006510416666666667,0.01171875,0.012369791666666666,0.009114583333333334,0.01171875,0.015625,0.016276041666666668,0.015299479166666666,0.015299479166666666,0.013997395833333334,0.014322916666666666,0.01171875,0.014322916666666666,0.017903645833333332,0.0146484375,0.0205078125,0.0185546875,0.019856770833333332,0.018229166666666668,0.017903645833333332,0.015299479166666666,0.017252604166666668,0.011067708333333334,0.015950520833333332,0.017252604166666668,0.022135416666666668,0.024088541666666668,0.0244140625,0.038736979166666664,0.049153645833333336,0.035481770833333336,0.035807291666666664,0.048502604166666664,0.054361979166666664,0.057942708333333336,0.029296875,0.01171875,0.013997395833333334,0.008463541666666666,0.013671875,0.0107421875,0.0068359375,0.005208333333333333,0.004231770833333333,0.0068359375,0.005533854166666667,0.007161458333333333,0.005859375,0.004557291666666667,0.0078125,0.007486979166666667,0.0078125,0.013020833333333334,0.005859375,0.0048828125,0.006184895833333333,0.006510416666666667,0.004557291666666667,0.013020833333333334
welding_0003_18-06-27_p0,0.08051963601532568,0.059027777777777776,0.01969588122605364,0.012691570881226053,0.008860153256704981,0.00951867816091954,0.009099616858237548,0.010835727969348658,0.010177203065134099,0.009458812260536398,0.009578544061302681,0.009398946360153256,0.009279214559386973,0.011075191570881226,0.012452107279693486,0.013769157088122605,0.022270114942528736,0.016882183908045977,0.01694204980842912,0.01394875478927203,0.01293103448275862,0.012751436781609195,0.012452107279693486,0.009997605363984674,0.010835727969348658,0.014846743295019157,0.017061781609195404,0.016522988505747127,0.019636015325670497,0.021671455938697317,0.029693486590038315,0.033045977011494254,0.03017241379310345,0.03579980842911877,0.033764367816091954,0.031070402298850573,0.02921455938697318,0.027358716475095784,0.027598180076628353,0.025323275862068964,0.021551724137931036,0.018558429118773947,0.01622365900383142,0.015026340996168583,0.015026340996168583,0.013170498084291188,0.011733716475095786,0.010596264367816091,0.013110632183908046,0.008441091954022989,0.007423371647509579,0.005926724137931034,0.003232758620689655,0.0020953065134099616,0.001257183908045977,0.0017959770114942528,0.0011374521072796935,0.0004789272030651341,0.0007782567049808429,0.0007782567049808429,0.0008381226053639847,0.0005986590038314176,0.0020354406130268198,0.010955459770114943
welding_0003_18-06-27_p1,0.03362637362637363,0.03395604395604396,0.024505494505494507,0.02076923076923077,0.021538461538461538,0.024615384615384615,0.016813186813186814,0.014505494505494506,0.013736263736263736,0.013956043956043955,0.014505494505494506,0.010439560439560439,0.008901098901098902,0.014945054945054945,0.015494505494505494,0.013956043956043955,0.011758241758241758,0.00967032967032967,0.013516483516483517,0.013956043956043955,0.013516483516483517,0.011318681318681318,0.015714285714285715,0.016043956043956045,0.018131868131868133,0.01945054945054945,0.01956043956043956,0.01945054945054945,0.01945054945054945,0.016703296703296705,0.01912087912087912,0.021208791208791208,0.023076923076923078,0.026263736263736265,0.0210989010989011,0.022637362637362636,0.022197802197802197,0.02175824175824176,0.02098901098901099,0.018901098901098902,0.018241758241758242,0.02021978021978022,0.02021978021978022,0.02043956043956044,0.020879120879120878,0.02098901098901099,0.023626373626373626,0.02164835164835165,0.02010989010989011,0.013076923076923076,0.012307692307692308,0.009450549450549451,0.00989010989010989,0.0062637362637362635,0.007142857142857143,0.003956043956043956,0.004615384615384616,0.003956043956043956,0.0027472527472527475,0.0016483516483516484,0.001978021978021978,0.0012087912087912088,0.0005494505494505495,0.003076923076923077
welding_0003_18-06-27_p2,0.06110142400464981,0.05056669572798605,0.014312699796570764,0.010970648067422262,0.01082534147050276,0.011333914559721011,0.00966288869514676,0.008791049113629759,0.00959023539668701,0.010752688172043012,0.011551874455100261,0.013440860215053764,0.013731473408892764,0.017582098227259518,0.02978785236849753,0.025210694565533275,0.011697181052019761,0.006611450159837257,0.007919209532112758,0.008355129322871259,0.0074106364428945075,0.008282476024411508,0.008064516129032258,0.00959023539668701,0.013513513513513514,0.014022086602731763,0.013731473408892764,0.016782911944202266,0.02012496367335077,0.01859924440569602,0.023249055507120024,0.02942458587619878,0.03080499854693403,0.03639930252833479,0.035600116245277535,0.03538215634989829,0.03792502179598954,0.034728276663760535,0.033856437082243535,0.03015111886079628,0.024266201685556526,0.022159256030223774,0.015983725661145014,0.012205754141238012,0.012205754141238012,0.013586166811973263,0.013368206916594013,0.013150247021214763,0.011915140947399011,0.006974716652136007,0.006756756756756757,0.007701249636733507,0.004577157802964254,0.004722464399883755,0.002688172043010753,0.0026155187445510027,0.0013077593722755014,0.000944492879976751,0.0013077593722755014,0.0015983725661145017,0.0013804126707352513,0.000944492879976751,0.0012351060738157512,0.014966579482708514
welding_0003_18-06-27_p3,0.009158615136876007,0.005233494363929146,0.005535426731078905,0.0053341384863124,0.006038647342995169,0.005233494363929146,0.006843800322061192,0.004629629629629629,0.004931561996779388,0.005837359098228663,0.007749597423510467,0.008252818035426731,0.010064412238325281,0.012379227053140096,0.009460547504025765,0.006843800322061192,0.007749597423510467,0.008051529790660225,0.006239935587761675,0.005636070853462158,0.00644122383252818,0.0053341384863124,0.004629629629629629,0.007045088566827697,0.005535426731078905,0.005434782608695652,0.004629629629629629,0.00392512077294686,0.00644122383252818,0.0053341384863124,0.004528985507246377,0.005132850241545894,0.006239935587761675,0.005736714975845411,0.00644122383252818,0.004025764895330112,0.007749597423510467,0.010869565217391304,0.011976650563607085,0.012781803542673107,0.012983091787439614,0.01177536231884058,0.011976650563607085,0.01861916264090177,0.023047504025764894,0.029589371980676328,0.03985507246376811,0.03814412238325282,0.05575684380032206,0.0767914653784219,0.08433977455716586,0.10114734299516909,0.06642512077294686,0.025161030595813205,0.019726247987117553,0.017512077294685992,0.015901771336553946,0.009963768115942028,0.008756038647342996,0.007447665056360709,0.008051529790660225,0.00785024154589372,0.007347020933977455,0.03039452495974235
welding_0003_18-19-54_p0,0.0031746031746031746,0.003273809523809524,0.004662698412698413,0.006349206349206349,0.008234126984126984,0.007638888888888889,0.01001984126984127,0.012202380952380952,0.009722222222222222,0.011011904761904763,0.010912698412698412,0.010317460317460317,0.013293650793650793,0.013293650793650793,0.012103174603174604,0.015476190476190477,0.015873015873015872,0.018055555555555554,0.015674603174603174,0.015575396825396826,0.01507936507936508,0.014781746031746031,0.0185515873015873,0.020337301587301588,0.015674603174603174,0.01378968253968254,0.013492063492063493,0.011507936507936509,0.010615079365079366,0.010714285714285714,0.009027777777777777,0.008333333333333333,0.008432539682539682,0.008134920634920636,0.007837301587301587,0.008432539682539682,0.010218253968253968,0.010515873015873017,0.009623015873015874,0.007738095238095238,0.00873015873015873,0.009226190476190476,0.009226190476190476,0.01121031746031746,0.011706349206349206,0.01121031746031746,0.01130952380952381,0.012797619047619047,0.015178571428571428,0.018253968253968255,0.019246031746031747,0.024107142857142858,0.02847222222222222,0.0375,0.04255952380952381,0.0556547619047619,0.04851190476190476,0.036210317460317464,0.028373015873015873,0.020634920634920634,0.017857142857142856,0.015773809523809523,0.01369047619047619,0.04285714285714286
welding_0003_18-19-54_p1,0.00022197558268590456,5.549389567147614e-05,0.0006659267480577136,0.000832408435072142,0.0006659267480577136,0.0013873473917869034,0.0013318534961154272,0.0022752497225305215,0.003329633740288568,0.0025527192008879024,0.004217536071032186,0.004106548279689234,0.0047169811320754715,0.005216426193118757,0.004994450610432853,0.005438401775804662,0.005826859045504994,0.006048834628190899,0.0058823529411764705,0.007491675915649278,0.00804661487236404,0.008213096559378468,0.010099889012208657,0.011986681465038845,0.01392896781354051,0.01564927857935627,0.0183684794672586,0.017314095449500556,0.017758046614872364,0.018146503884572698,0.019922308546059933,0.018923418423973364,0.021920088790233074,0.020865704772475027,0.021920088790233074,0.025804661487236404,0.02802441731409545,0.033407325194228635,0.04189789123196448,0.04944506104328524,0.060599334073251944,0.041675915649278576,0.03618201997780244,0.030244173140954494,0.026914539400665925,0.023751387347391788,0.023473917869034407,0.021753607103218647,0.022253052164261933,0.016648168701442843,0.016370699223085462,0.013984461709211986,0.012486126526082131,0.012930077691453941,0.012319644839067702,0.011376248612652608,0.0097669256381798,0.010266370699223086,0.008712541620421753,0.00904550499445061,0.00904550499445061,0.009322974472807992,0.011431742508324084,0.060543840177580466
welding_0003_18-19-54_p2,0.0001670564650851988,0.000835282325425994,0.0006682258603407952,0.0018376211159371867,0.0015870364183093886,0.0018376211159371867,0.002505846976277982,0.0035081857667891747,0.005011693952555964,0.005512863347811561,0.005262278650183762,0.006097560975609756,0.006014032743067156,0.008018710324089542,0.00843635148680254,0.00960574674239893,0.011944537253591713,0.01528566655529569,0.01937854994988306,0.023220848646842634,0.030153691947878383,0.027230203808887403,0.027146675576344804,0.03190778483127297,0.029485466087537587,0.03190778483127297,0.028149014366855997,0.03032074841296358,0.030738389575676577,0.03257601069161377,0.032659538924156364,0.031156030738389576,0.028733711994654194,0.028566655529568993,0.0273972602739726,0.02656197794854661,0.021550283995990644,0.021550283995990644,0.019545606414968258,0.020213832275309054,0.022719679251587035,0.024473772134981624,0.02505846976277982,0.018710324089542266,0.020464416972936852,0.022051453391246242,0.02238556632141664,0.019044437019712663,0.015870364183093885,0.012779819579017708,0.009522218509856331,0.007851653859004343,0.005763448045439359,0.005679919812896759,0.0036752422318743734,0.004426996324757768,0.003758770464416973,0.0035081857667891747,0.004092883394587371,0.004259939859672569,0.005011693952555964,0.006682258603407952,0.008770464416972937,0.02915135315736719
welding_0003_18-19-54_p3,0.0,0.0012922932330827067,0.0012922932330827067,0.0018796992481203006,0.003289473684210526,0.0017622180451127819,0.0037593984962406013,0.004111842105263158,0.004346804511278195,0.005169172932330827,0.007283834586466165,0.009868421052631578,0.010220864661654136,0.01268796992481203,0.013980263157894737,0.013275375939849624,0.0137453007518797,0.01668233082706767,0.01856203007518797,0.01738721804511278,0.020089285714285716,0.026903195488721804,0.025140977443609023,0.03101503759398496,0.03665413533834586,0.03923872180451128,0.03700657894736842,0.035596804511278196,0.02760808270676692,0.02549342105263158,0.026198308270676693,0.024906015037593984,0.021616541353383457,0.026080827067669173,0.021734022556390977,0.022086466165413533,0.017152255639097745,0.01867951127819549,0.01644736842105263,0.01926691729323308,0.01585996240601504,0.014097744360902255,0.015977443609022556,0.015272556390977443,0.015037593984962405,0.01456766917293233,0.014215225563909775,0.01738721804511278,0.01585996240601504,0.015625,0.013980263157894737,0.016094924812030075,0.019736842105263157,0.016094924812030075,0.013510338345864662,0.011278195488721804,0.008341165413533835,0.008223684210526315,0.007518796992481203,0.005639097744360902,0.00481672932330827,0.004581766917293233,0.006578947368421052,0.03019266917293233
welding_0003_18-19-54_p4,0.0,5.600358422939068e-05,0.0008400537634408602,0.0011760752688172043,0.0019041218637992831,0.002128136200716846,0.002856182795698925,0.0031362007168458782,0.0041442652329749105,0.003864247311827957,0.005656362007168458,0.00492831541218638,0.005264336917562724,0.006496415770609319,0.008064516129032258,0.0072244623655913975,0.008624551971326165,0.009688620071684587,0.010360663082437277,0.0090165770609319,0.01069668458781362,0.011928763440860215,0.010864695340501792,0.01310483870967742,0.012880824372759857,0.013832885304659499,0.013776881720430107,0.013328853046594981,0.011032706093189964,0.010864695340501792,0.011200716845878136,0.012824820788530466,0.011816756272401434,0.01220878136200717,0.012488799283154122,0.012880824372759857,0.013720878136200716,0.015456989247311828,0.014560931899641577,0.01724910394265233,0.019377240143369175,0.02245743727598566,0.0264336917562724,0.02632168458781362,0.025369623655913977,0.024921594982078854,0.025369623655913977,0.024249551971326166,0.02144937275985663,0.0180331541218638,0.018425179211469533,0.017081093189964158,0.016577060931899642,0.018425179211469533,0.016129032258064516,0.01551299283154122,0.014952956989247312,0.013776881720430107,0.012656810035842294,0.011592741935483871,0.011256720430107527,0.012544802867383513,0.018313172043010754,0.21662186379928317
welding_0003_18-19-54_p5,0.017857142857142856,0.013798701298701298,0.005681818181818182,0.006087662337662338,0.008928571428571428,0.007305194805194805,0.009334415584415584,0.005681818181818182,0.005681818181818182,0.007305194805194805,0.00974025974025974,0.00974025974025974,0.007305194805194805,0.006493506493506494,0.006493506493506494,0.007711038961038961,0.013392857142857142,0.016639610389610388,0.01176948051948052,0.009334415584415584,0.007711038961038961,0.009334415584415584,0.008928571428571428,0.010146103896103896,0.008522727272727272,0.008116883116883116,0.004058441558441558,0.005681818181818182,0.008116883116883116,0.00974025974025974,0.012987012987012988,0.010146103896103896,0.007711038961038961,0.006493506493506494,0.012581168831168832,0.012581168831168832,0.003246753246753247,0.00974025974025974,0.007711038961038961,0.006087662337662338,0.004464285714285714,0.005681818181818182,0.006493506493506494,0.00974025974025974,0.008928571428571428,0.008928571428571428,0.009334415584415584,0.012581168831168832,0.014204545454545454,0.02556818181818182,0.020292207792207792,0.021103896103896104,0.03409090909090909,0.0349025974025974,0.03409090909090909,0.049512987012987016,0.08685064935064934,0.0633116883116883,0.032467532467532464,0.030438311688311688,0.026785714285714284,0.03206168831168831,0.021915584415584416,0.05032467532467533
welding_0003_18-19-54_p6,0.0008884636413340623,0.0010251503553854566,0.0017085839256424276,0.003348824494259158,0.0036905412793876435,0.004784034991798797,0.005399125205030071,0.006219245489338436,0.008132859486057955,0.0065609622744669215,0.008952979770366321,0.010183160196828868,0.010661563696008748,0.011003280481137233,0.013805358119190815,0.015513942044833242,0.018179332968835428,0.020366320393657735,0.01742755604155276,0.01667577911427009,0.01954620010934937,0.01981957353745216,0.024671951886276654,0.0211864406779661,0.015445598687807545,0.01298523783488245,0.013395297977036633,0.01626571897211591,0.015855658829961726,0.013600328048113723,0.01250683433570257,0.015377255330781847,0.014557135046473484,0.015513942044833242,0.017564242755604156,0.019751230180426464,0.021528157463094586,0.02310005467468562,0.024125205030071078,0.02644887916894478,0.035196828868234005,0.03902405686167305,0.03840896664844177,0.037110442864953526,0.035470202296336795,0.03362493165664297,0.026517222525970476,0.023851831601968288,0.020913067249863315,0.019272826681246583,0.016197375615090215,0.01667577911427009,0.014420448332422089,0.013121924548933843,0.010046473482777474,0.010729907053034445,0.00826954620010935,0.008747949699289229,0.0064242755604155275,0.006492618917441225,0.005809185347184253,0.004168944778567523,0.004168944778567523,0.017564242755604156
welding_0003_18-35-40_p0,0.03407361284073613,0.03780960287809603,0.05181956551819566,0.06693648816936489,0.022588902725889027,0.012245745122457451,0.013871592638715926,0.014217517642175177,0.015255292652552927,0.014494257644942577,0.012522485125224851,0.015047737650477377,0.019648540196485403,0.01764217517642175,0.017192472671924728,0.0139753701397537,0.012245745122457451,0.0106544901065449,0.012591670125916702,0.012799225127992251,0.011934412619344126,0.011796042617960426,0.010896637608966376,0.01044693510446935,0.010965822609658227,0.010135602601356026,0.0091324200913242,0.009582122595821226,0.010239380102393801,0.011484710114847101,0.011069600110696002,0.011865227618652276,0.011346340113463402,0.009858862598588626,0.0106544901065449,0.0109312301093123,0.010827452608274526,0.011830635118306352,0.013664037636640376,0.014079147640791476,0.011346340113463402,0.01196900511969005,0.010516120105161201,0.011588487615884876,0.012038190120381901,0.011553895115538951,0.008890272588902726,0.009305382593053826,0.0091324200913242,0.00933997509339975,0.0106544901065449,0.010412342604123426,0.011450117614501177,0.010481527604815277,0.011104192611041926,0.010689082606890827,0.010792860107928601,0.01113878511138785,0.013352705133527052,0.012903002629030026,0.015289885152898851,0.013456482634564827,0.0167427701674277,0.08547806835478068
welding_0003_18-35-40_p1,0.008373205741626795,0.020391888812941444,0.015778081567555252,0.015664160401002505,0.016803372066529963,0.01281613123718387,0.016461608566871726,0.01885395306447938,0.01737297789929369,0.022328548644338118,0.023581681476418318,0.024948735475051265,0.02711323763955343,0.024891774891774892,0.017657780815675553,0.017942583732057416,0.015493278651173389,0.012702210070631123,0.012474367737525633,0.013385737069947596,0.012702210070631123,0.011107313738892685,0.011562998405103669,0.014012303485987697,0.013841421736158578,0.012645249487354751,0.012930052403736614,0.013727500569605833,0.013898382319434952,0.013385737069947596,0.013784461152882205,0.01611984506721349,0.014467988152198678,0.01657552973342447,0.014240145819093188,0.01344269765322397,0.01218956482114377,0.011733880154932786,0.011562998405103669,0.015436318067897015,0.014638869902027797,0.01429710640236956,0.01367053998632946,0.014638869902027797,0.017316017316017316,0.01634768740031898,0.012645249487354751,0.01594896331738437,0.013613579403053088,0.014411027568922305,0.014866712235133289,0.016005923900660742,0.016860332649806332,0.016404647983595352,0.015094554568238779,0.018512189564821143,0.013784461152882205,0.010936431989063569,0.011107313738892685,0.010082023239917977,0.00974025974025974,0.007006151742993848,0.007347915242652085,0.06032125768967874
welding_0003_18-35-40_p2,0.011097820308346624,0.012892078681552366,0.009635832004253057,0.007642211589580011,0.010300372142477405,0.009968102073365232,0.008838383838383838,0.010832004253056885,0.011164274322169059,0.011430090377458799,0.011031366294524189,0.010964912280701754,0.010433280170122275,0.011496544391281234,0.01362307283359915,0.014021796916533758,0.01687931951089846,0.01701222753854333,0.014486975013290803,0.014553429027113238,0.013157894736842105,0.012028176501860713,0.011961722488038277,0.010898458266879319,0.011097820308346624,0.012293992557150453,0.012094630515683148,0.011762360446570972,0.012227538543328018,0.012493354598617756,0.011496544391281234,0.012227538543328018,0.011496544391281234,0.01375598086124402,0.01322434875066454,0.015151515151515152,0.015616693248272195,0.013091440723019671,0.013822434875066455,0.015284423179160022,0.014752791068580542,0.014686337054758107,0.014088250930356193,0.017743221690590113,0.018075491759702286,0.017676767676767676,0.017344497607655503,0.019936204146730464,0.020933014354066987,0.023790536948431685,0.02113237639553429,0.02266081871345029,0.021331738437001594,0.02345826687931951,0.02345826687931951,0.022262094630515684,0.022328548644338118,0.0243886230728336,0.023790536948431685,0.01907230196703881,0.013822434875066455,0.011828814460393407,0.01049973418394471,0.0674508240297714
welding_0003_18-35-40_p3,0.007352941176470588,0.014552696078431373,0.012408088235294117,0.011642156862745098,0.015548406862745098,0.012714460784313725,0.014705882352941176,0.016161151960784315,0.017233455882352942,0.022058823529411766,0.022824754901960783,0.02305453431372549,0.022594975490196078,0.022824754901960783,0.016544117647058824,0.017080269607843136,0.014935661764705883,0.013403799019607842,0.012791053921568627,0.014246323529411764,0.015625,0.013020833333333334,0.011259191176470588,0.012791053921568627,0.014935661764705883,0.01485906862745098,0.014322916666666666,0.015395220588235295,0.0157015931372549,0.01600796568627451,0.017463235294117647,0.018612132352941176,0.017769607843137254,0.0196078431372549,0.015778186274509803,0.015778186274509803,0.01401654411764706,0.012331495098039215,0.012254901960784314,0.016544117647058824,0.018995098039215685,0.017463235294117647,0.01914828431372549,0.017310049019607844,0.019301470588235295,0.0194546568627451,0.017080269607843136,0.019761029411764705,0.021139705882352942,0.020833333333333332,0.021292892156862746,0.023131127450980393,0.022518382352941176,0.0196078431372549,0.018229166666666668,0.019378063725490197,0.013480392156862746,0.009037990196078432,0.007123161764705882,0.005361519607843137,0.003753063725490196,0.0024509803921568627,0.0016850490196078432,0.01371017156862745
welding_0003_18-35-40_p4,0.004395604395604396,0.024587912087912087,0.01771978021978022,0.018818681318681318,0.023214285714285715,0.016895604395604395,0.02074175824175824,0.020192307692307693,0.02486263736263736,0.03214285714285714,0.03832417582417583,0.04230769230769231,0.0385989010989011,0.03983516483516483,0.026648351648351647,0.02706043956043956,0.02403846153846154,0.02184065934065934,0.01662087912087912,0.018131868131868133,0.01771978021978022,0.016346153846153847,0.011538461538461539,0.012912087912087911,0.014697802197802198,0.012912087912087911,0.012225274725274725,0.01304945054945055,0.014972527472527473,0.013324175824175824,0.01730769230769231,0.01730769230769231,0.017445054945054946,0.017582417582417582,0.013873626373626373,0.01304945054945055,0.012912087912087911,0.014835164835164835,0.011538461538461539,0.013324175824175824,0.01936813186813187,0.01565934065934066,0.018406593406593407,0.012225274725274725,0.01456043956043956,0.014972527472527473,0.012774725274725274,0.012637362637362638,0.014697802197802198,0.009478021978021977,0.008104395604395605,0.008104395604395605,0.006730769230769231,0.005906593406593406,0.0052197802197802195,0.0031593406593406594,0.0037087912087912086,0.0026098901098901097,0.0027472527472527475,0.002197802197802198,0.0019230769230769232,0.001510989010989011,0.0020604395604395605,0.015384615384615385
welding_0004_17-38-14_p0,0.0011904761904761906,0.0052827380952380956,0.004761904761904762,0.005505952380952381,0.00587797619047619,0.006398809523809524,0.006398809523809524,0.00818452380952381,0.009077380952380953,0.015401785714285715,0.013988095238095239,0.01130952380952381,0.010416666666666666,0.009970238095238095,0.010639880952380953,0.014285714285714285,0.013020833333333334,0.010044642857142858,0.009375,0.006398809523809524,0.007217261904761905,0.006398809523809524,0.006845238095238095,0.005357142857142857,0.006919642857142857,0.006101190476190476,0.007068452380952381,0.005357142857142857,0.005803571428571429,0.005654761904761905,0.004613095238095238,0.004985119047619047,0.0060267857142857146,0.006622023809523809,0.0060267857142857146,0.0060267857142857146,0.00587797619047619,0.00587797619047619,0.007514880952380953,0.006994047619047619,0.010714285714285714,0.01830357142857143,0.04211309523809524,0.045089285714285714,0.04501488095238095,0.04732142857142857,0.07671130952380953,0.05915178571428571,0.024404761904761905,0.01949404761904762,0.021205357142857144,0.02581845238095238,0.02730654761904762,0.04985119047619048,0.038839285714285715,0.03229166666666667,0.03697916666666667,0.02068452380952381,0.010491071428571428,0.008407738095238095,0.007961309523809523,0.006473214285714286,0.0052827380952380956,0.019270833333333334
welding_0004_17-38-14_p1,0.003273809523809524,0.01607142857142857,0.017261904761904763,0.01755952380952381,0.026488095238095238,0.027083333333333334,0.027678571428571427,0.02351190476190476,0.02470238095238095,0.016666666666666666,0.018452380952380953,0.01755952380952381,0.012797619047619047,0.012797619047619047,0.011607142857142858,0.014583333333333334,0.012797619047619047,0.01994047619047619,0.02142857142857143,0.017261904761904763,0.014285714285714285,0.011607142857142858,0.016964285714285713,0.013392857142857142,0.01369047619047619,0.008630952380952382,0.009523809523809525,0.01369047619047619,0.015476190476190477,0.012202380952380952,0.010714285714285714,0.008928571428571428,0.01488095238095238,0.014583333333333334,0.01994047619047619,0.021130952380952382,0.01994047619047619,0.018154761904761906,0.013988095238095239,0.01994047619047619,0.022321428571428572,0.027976190476190477,0.03333333333333333,0.03273809523809524,0.02738095238095238,0.015773809523809523,0.02351190476190476,0.025595238095238095,0.026488095238095238,0.021130952380952382,0.017857142857142856,0.017261904761904763,0.012797619047619047,0.01607142857142857,0.008333333333333333,0.007142857142857143,0.003273809523809524,0.004166666666666667,0.002976190476190476,0.0008928571428571428,0.0005952380952380953,0.0005952380952380953,0.00029761904761904765,0.00029761904761904765
welding_0004_17-38-14_p2,0.0017389525368248773,0.002352700490998363,0.0016366612111292963,0.0022504091653027824,0.0025572831423895256,0.0035801963993453353,0.004398527004909984,0.004705400981996726,0.004807692307692308,0.004705400981996726,0.005319148936170213,0.0050122749590834695,0.005523731587561375,0.007262684124386252,0.007262684124386252,0.006955810147299509,0.01012684124386252,0.011252045826513912,0.014423076923076924,0.018514729950900165,0.017287234042553192,0.01800327332242226,0.015241407528641572,0.011661211129296236,0.01207037643207856,0.01411620294599018,0.015957446808510637,0.019435351882160393,0.020355973813420622,0.013604746317512274,0.018617021276595744,0.015445990180032733,0.013604746317512274,0.01421849427168576,0.01411620294599018,0.017491816693944354,0.01800327332242226,0.017594108019639936,0.021583469721767595,0.02516366612111293,0.021378887070376433,0.02720949263502455,0.033449263502454994,0.036722585924713586,0.04480360065466448,0.05840834697217676,0.052782324058919805,0.04050736497545008,0.04224631751227496,0.02905073649754501,0.020969721767594107,0.020765139116202945,0.01820785597381342,0.015445990180032733,0.013707037643207857,0.013502454991816694,0.013195581014729951,0.008797054009819968,0.008387888707037643,0.006955810147299509,0.004398527004909984,0.002352700490998363,0.0022504091653027824,0.006546644844517185
welding_0004_17-38-14_p3,0.005574614065180103,0.010827615780445969,0.011042024013722127,0.007611492281303602,0.008469125214408233,0.008254716981132075,0.009112349914236706,0.00782590051457976,0.00879073756432247,0.009969982847341338,0.007397084048027444,0.011256432246998285,0.010184391080617496,0.011578044596912522,0.011578044596912522,0.013078902229845627,0.012542881646655232,0.011363636363636364,0.010077186963979417,0.008040308747855917,0.006217838765008576,0.005467409948542024,0.006968267581475129,0.006753859348198971,0.008254716981132075,0.006539451114922813,0.007182675814751287,0.005681818181818182,0.005574614065180103,0.007182675814751287,0.005253001715265866,0.00686106346483705,0.00782590051457976,0.006539451114922813,0.005574614065180103,0.0047169811320754715,0.009969982847341338,0.010827615780445969,0.0157590051457976,0.020904802744425386,0.032482847341337905,0.04009433962264151,0.05789022298456261,0.08479845626072041,0.04556174957118354,0.058104631217838765,0.0736492281303602,0.030445969125214408,0.04202401372212693,0.028087478559176673,0.019939965694682676,0.017259862778730702,0.015866209262435677,0.015330188679245283,0.012221269296740995,0.011149228130360206,0.008147512864493996,0.0066466552315608916,0.007289879931389366,0.005360205831903945,0.004395368782161235,0.003216123499142367,0.0048241852487135506,0.02058319039451115
welding_0004_17-38-19_p0,0.0058576480990274096,0.009725906277630416,0.013041556145004421,0.010057471264367816,0.014146772767462422,0.015915119363395226,0.01856763925729443,0.02508841732979664,0.028293545534924844,0.03437223695844385,0.034482758620689655,0.03603006189213086,0.03028293545534925,0.028514588859416445,0.020114942528735632,0.021330680813439435,0.01834659593280283,0.016246684350132625,0.019783377541998232,0.017020335985853226,0.01867816091954023,0.015694076038903625,0.014809902740937225,0.013483642793987621,0.011383731211317418,0.011604774535809019,0.010057471264367816,0.013704686118479222,0.013704686118479222,0.013815207780725022,0.010499557913351016,0.012046861184792219,0.01237842617152962,0.011494252873563218,0.01293103448275862,0.011052166224580018,0.009836427939876215,0.01270999115826702,0.01282051282051282,0.011052166224580018,0.010831122900088417,0.01215738284703802,0.015915119363395226,0.015915119363395226,0.01801503094606543,0.013483642793987621,0.014809902740937225,0.01934129089301503,0.023209549071618037,0.027630415561450045,0.02442528735632184,0.01834659593280283,0.020667550839964632,0.01293103448275862,0.009946949602122016,0.009836427939876215,0.007736516357206013,0.007404951370468612,0.00607869142351901,0.003205128205128205,0.004752431476569408,0.0029840848806366046,0.0029840848806366046,0.02641467727674624
welding_0004_17-38-19_p1,0.0035236396074933094,0.0048171275646743976,0.004950936663693131,0.0075379125780553075,0.008340767172167708,0.009277430865298841,0.008742194469223908,0.00807314897413024,0.00785013380909902,0.00785013380909902,0.006868867082961642,0.008340767172167708,0.007270294380017841,0.008206958073148973,0.010704727921498661,0.01048171275646744,0.012756467439785906,0.013470115967885816,0.01462979482604817,0.016681534344335416,0.018822479928635148,0.020115967885816235,0.02265834076717217,0.026360392506690453,0.02850133809099019,0.02925958965209634,0.02752007136485281,0.022346119536128455,0.021008028545941124,0.021052631578947368,0.021364852809991078,0.023505798394290813,0.021409455842997322,0.020026761819803746,0.016458519179304194,0.01614629794826048,0.014495985727029438,0.013291703835860839,0.011061552185548617,0.011953612845673506,0.011685994647636038,0.011552185548617306,0.011507582515611061,0.012176628010704727,0.012756467439785906,0.013737734165923284,0.01650312221231044,0.01672613737734166,0.015432649420160571,0.020294380017841212,0.02256913470115968,0.02056199821587868,0.016057091882247992,0.014451382694023194,0.01512042818911686,0.013291703835860839,0.01431757359500446,0.01480820695807315,0.014585191793041926,0.011552185548617306,0.012488849241748439,0.01119536128456735,0.015655664585191794,0.07323818019625335
welding_0004_17-38-19_p2,0.0013911620294599018,0.005237315875613748,0.007201309328968904,0.008592471358428805,0.010310965630114566,0.012684124386252046,0.012438625204582651,0.01579378068739771,0.018739770867430443,0.01890343698854337,0.021931260229132568,0.026268412438625204,0.02995090016366612,0.03265139116202946,0.031423895253682485,0.03060556464811784,0.024058919803600656,0.025286415711947625,0.02364975450081833,0.023895253682487724,0.020949263502454993,0.01783960720130933,0.01890343698854337,0.017430441898527004,0.01939443535188216,0.018085106382978722,0.018739770867430443,0.019230769230769232,0.020867430441898527,0.019148936170212766,0.01857610474631751,0.017103109656301147,0.0190671031096563,0.01546644844517185,0.015057283142389525,0.015957446808510637,0.015957446808510637,0.016366612111292964,0.017430441898527004,0.016612111292962358,0.016366612111292964,0.01579378068739771,0.01669394435351882,0.01546644844517185,0.01497545008183306,0.012602291325695581,0.01309328968903437,0.012438625204582651,0.009819967266775777,0.011374795417348609,0.00900163666121113,0.008428805237315876,0.007610474631751228,0.008428805237315876,0.009574468085106383,0.0066284779050736495,0.007610474631751228,0.009165302782324058,0.007692307692307693,0.005973813420621931,0.005400981996726678,0.004664484451718494,0.0057283142389525366,0.026268412438625204
welding_0004_17-38-19_p3,0.002728174603174603,0.006200396825396825,0.007068452380952381,0.008060515873015874,0.012152777777777778,0.014508928571428572,0.015004960317460318,0.017981150793650792,0.023933531746031748,0.023809523809523808,0.03149801587301587,0.03571428571428571,0.03881448412698413,0.04079861111111111,0.03931051587301587,0.03757440476190476,0.02976190476190476,0.025049603174603176,0.02554563492063492,0.025297619047619048,0.024677579365079364,0.022817460317460316,0.02492559523809524,0.02132936507936508,0.022569444444444444,0.02058531746031746,0.021453373015873016,0.020089285714285716,0.018725198412698412,0.01847718253968254,0.01847718253968254,0.017609126984126984,0.016617063492063492,0.012028769841269842,0.009796626984126984,0.009300595238095238,0.0078125,0.009796626984126984,0.007688492063492063,0.007936507936507936,0.0078125,0.006696428571428571,0.006696428571428571,0.00855654761904762,0.006200396825396825,0.006820436507936508,0.00855654761904762,0.012524801587301588,0.00855654761904762,0.00818452380952381,0.006572420634920635,0.009176587301587302,0.008804563492063492,0.012028769841269842,0.012524801587301588,0.008804563492063492,0.008432539682539682,0.010168650793650794,0.007564484126984127,0.00496031746031746,0.004464285714285714,0.0026041666666666665,0.005580357142857143,0.02418154761904762
welding_0004_17-38-19_p4,0.008585858585858586,0.015404040404040404,0.011616161616161616,0.005555555555555556,0.014646464646464647,0.01919191919191919,0.027777777777777776,0.0345959595959596,0.03434343434343434,0.048484848484848485,0.048484848484848485,0.05101010101010101,0.03838383838383838,0.031818181818181815,0.022474747474747474,0.01893939393939394,0.018434343434343435,0.01717171717171717,0.023737373737373738,0.018434343434343435,0.019696969696969695,0.015909090909090907,0.011616161616161616,0.017424242424242425,0.015151515151515152,0.014141414141414142,0.009343434343434343,0.011868686868686869,0.010606060606060607,0.012626262626262626,0.006818181818181818,0.008333333333333333,0.008585858585858586,0.009848484848484848,0.007575757575757576,0.010101010101010102,0.009343434343434343,0.011868686868686869,0.008838383838383838,0.008838383838383838,0.005808080808080808,0.00808080808080808,0.016414141414141416,0.013888888888888888,0.015151515151515152,0.012121212121212121,0.009848484848484848,0.00909090909090909,0.015656565656565657,0.012373737373737374,0.016666666666666666,0.01792929292929293,0.02196969696969697,0.011111111111111112,0.012626262626262626,0.010606060606060607,0.0073232323232323236,0.0065656565656565654,0.005808080808080808,0.0030303030303030303,0.004545454545454545,0.0030303030303030303,0.002777777777777778,0.01994949494949495
welding_0004_17-38-19_p5,0.009805623047552933,0.013363415480735856,0.014404720583130857,0.01796251301631378,0.022127733425893786,0.019871572370704617,0.019350919819507116,0.01622700451232211,0.017788962165914614,0.018049288441513364,0.014838597709128775,0.014665046858729608,0.016313779937521693,0.021259979173897953,0.01900381811870878,0.018656716417910446,0.020739326622700453,0.01917736896910795,0.0194376952447067,0.017528635890315863,0.015446025685525859,0.014838597709128775,0.013884068031933356,0.016140229087122527,0.014404720583130857,0.012842762929538355,0.011020479000347102,0.01449149600833044,0.013797292606733774,0.010933703575147518,0.013103089205137105,0.013536966331135023,0.015098923984727525,0.01796251301631378,0.020218674071502952,0.021259979173897953,0.02091287747309962,0.027247483512669212,0.025078097882679624,0.023342589378687956,0.023602915654286707,0.020218674071502952,0.016921207913918778,0.01969802152030545,0.020652551197500868,0.019524470669906282,0.019350919819507116,0.020305449496702533,0.019350919819507116,0.021520305449496704,0.022821936827490456,0.01926414439430753,0.016660881638320028,0.012755987504338772,0.0076362374175633465,0.005813953488372093,0.005380076362374176,0.004251995834779591,0.0030371398819854217,0.003471017007983339,0.004165220409580007,0.001822283929191253,0.0008677542519958348,0.004772648385977091
welding_0004_17-38-19_p6,0.003003003003003003,0.004129129129129129,0.0045045045045045045,0.004129129129129129,0.0075075075075075074,0.006756756756756757,0.00975975975975976,0.007882882882882882,0.007882882882882882,0.010135135135135136,0.010885885885885885,0.01539039039039039,0.011636636636636636,0.012012012012012012,0.01539039039039039,0.011636636636636636,0.01463963963963964,0.016516516516516516,0.01614114114114114,0.02177177177177177,0.0228978978978979,0.016891891891891893,0.01614114114114114,0.012762762762762763,0.018018018018018018,0.017267267267267267,0.010135135135135136,0.013513513513513514,0.010885885885885885,0.011636636636636636,0.01463963963963964,0.012012012012012012,0.015015015015015015,0.01876876876876877,0.027777777777777776,0.03453453453453453,0.05518018018018018,0.07207207207207207,0.06156156156156156,0.057057057057057055,0.04241741741741742,0.019894894894894894,0.01876876876876877,0.019144144144144143,0.015765765765765764,0.01539039039039039,0.015765765765765764,0.008258258258258258,0.0063813813813813815,0.00975975975975976,0.008633633633633633,0.0075075075075075074,0.006756756756756757,0.00563063063063063,0.008258258258258258,0.009009009009009009,0.005255255255255256,0.00563063063063063,0.00563063063063063,0.008258258258258258,0.006006006006006006,0.0063813813813813815,0.0033783783783783786,0.011636636636636636
welding_0004_17-38-19_p7,0.013786764705882353,0.01685049019607843,0.018075980392156864,0.011642156862745098,0.015625,0.012561274509803922,0.013786764705882353,0.015012254901960785,0.013174019607843137,0.014399509803921568,0.012867647058823529,0.013174019607843137,0.018995098039215685,0.025735294117647058,0.013174019607843137,0.0055147058823529415,0.011948529411764705,0.01011029411764706,0.01715686274509804,0.016237745098039217,0.012867647058823529,0.015318627450980392,0.014093137254901961,0.014705882352941176,0.010416666666666666,0.013480392156862746,0.015012254901960785,0.014705882352941176,0.011948529411764705,0.014399509803921568,0.016544117647058824,0.011948529411764705,0.016237745098039217,0.00857843137254902,0.01011029411764706,0.014093137254901961,0.015931372549019607,0.014399509803921568,0.0070465686274509805,0.006433823529411764,0.0070465686274509805,0.010723039215686275,0.009497549019607842,0.011029411764705883,0.011642156862745098,0.01715686274509804,0.011948529411764705,0.010416666666666666,0.0196078431372549,0.024816176470588234,0.03002450980392157,0.023590686274509803,0.017463235294117647,0.027573529411764705,0.01991421568627451,0.021139705882352942,0.021752450980392156,0.018688725490196078,0.013174019607843137,0.011029411764705883,0.009191176470588236,0.011029411764705883,0.010723039215686275,0.08272058823529412
welding_0004_17-38-19_p8,0.0013227513227513227,0.003968253968253968,0.006283068783068783,0.00958994708994709,0.00958994708994709,0.013558201058201057,0.013723544973544973,0.018022486772486773,0.02628968253968254,0.024305555555555556,0.028108465608465607,0.03488756613756614,0.03439153439153439,0.036210317460317464,0.040674603174603176,0.04282407407407408,0.036210317460317464,0.030257936507936508,0.028439153439153438,0.029265873015873016,0.03125,0.027116402116402115,0.03257275132275132,0.025297619047619048,0.024636243386243387,0.022652116402116403,0.022652116402116403,0.0205026455026455,0.020006613756613757,0.01636904761904762,0.019345238095238096,0.01951058201058201,0.01917989417989418,0.01488095238095238,0.011574074074074073,0.007936507936507936,0.006779100529100529,0.009259259259259259,0.007771164021164021,0.005787037037037037,0.008101851851851851,0.00496031746031746,0.004298941798941799,0.006117724867724867,0.005291005291005291,0.003968253968253968,0.005787037037037037,0.008267195767195767,0.006613756613756613,0.005952380952380952,0.005125661375661375,0.008267195767195767,0.005952380952380952,0.010747354497354497,0.011408730158730158,0.006448412698412698,0.006283068783068783,0.008101851851851851,0.006613756613756613,0.005952380952380952,0.00496031746031746,0.001984126984126984,0.004629629629629629,0.021164021164021163
welding_0004_17-38-19_p9,0.0048125633232016215,0.0070921985815602835,0.015197568389057751,0.0265113137453563,0.029972982100641674,0.028368794326241134,0.028622087132725432,0.02575143532590341,0.02507598784194529,0.025329280648429583,0.023556231003039513,0.025160418777440054,0.03183046268152651,0.028959810874704492,0.026933468422830124,0.026933468422830124,0.02794663964876731,0.026426882809861534,0.023893954745018573,0.01950354609929078,0.017646065518405946,0.01612630867950017,0.015704154002026342,0.015366430260047281,0.013593380614657211,0.01376224248564674,0.014268828098615332,0.015197568389057751,0.015619723066531577,0.015366430260047281,0.015704154002026342,0.012833502195204323,0.013508949679162444,0.014437689969604863,0.015535292131036813,0.016041877744005402,0.01789935832489024,0.01950354609929078,0.017646065518405946,0.015619723066531577,0.014437689969604863,0.015619723066531577,0.012664640324214792,0.014606551840594393,0.014437689969604863,0.012580209388720027,0.014437689969604863,0.010469436001350895,0.008611955420466059,0.01038500506585613,0.009793988517392773,0.008611955420466059,0.009202971968929415,0.008189800742992233,0.005656872678149274,0.004981425194191151,0.005150287065180682,0.003968253968253968,0.004137115839243499,0.00303951367781155,0.0037149611617696724,0.002701789935832489,0.0028706518068220195,0.010469436001350895
welding_0004_17-38-19_p10,0.010044642857142858,0.016741071428571428,0.018601190476190476,0.011904761904761904,0.019717261904761904,0.012648809523809524,0.017485119047619048,0.018601190476190476,0.01488095238095238,0.017857142857142856,0.015625,0.014508928571428572,0.018229166666666668,0.02492559523809524,0.013764880952380952,0.00855654761904762,0.013020833333333334,0.013392857142857142,0.016741071428571428,0.015997023809523808,0.018601190476190476,0.01525297619047619,0.014136904761904762,0.01488095238095238,0.01488095238095238,0.014136904761904762,0.01488095238095238,0.010416666666666666,0.008928571428571428,0.014508928571428572,0.013764880952380952,0.008928571428571428,0.013764880952380952,0.0078125,0.012276785714285714,0.014136904761904762,0.016741071428571428,0.011532738095238096,0.005952380952380952,0.00818452380952381,0.00818452380952381,0.011532738095238096,0.01525297619047619,0.009300595238095238,0.01636904761904762,0.015997023809523808,0.01525297619047619,0.012648809523809524,0.023065476190476192,0.023065476190476192,0.019717261904761904,0.01525297619047619,0.015625,0.01636904761904762,0.013392857142857142,0.018229166666666668,0.013764880952380952,0.014136904761904762,0.011532738095238096,0.00855654761904762,0.007068452380952381,0.010788690476190476,0.009672619047619048,0.10825892857142858
welding_0004_18-06-28_p0,0.08665716999050332,0.05478395061728395,0.017153371320037986,0.012701804368471036,0.009556030389363722,0.007894112060778728,0.00949667616334283,0.01169278252611586,0.009971509971509971,0.0097340930674264,0.008843779677113011,0.009852801519468187,0.009556030389363722,0.011455365622032289,0.01282051282051282,0.01572886989553656,0.020714624881291548,0.0178656220322887,0.01655982905982906,0.013176638176638177,0.01323599240265907,0.012286324786324786,0.01103988603988604,0.009556030389363722,0.011752136752136752,0.014660493827160493,0.01655982905982906,0.016441120607787275,0.01875593542260209,0.022376543209876542,0.03068613485280152,0.029677113010446343,0.0300332383665717,0.03454415954415954,0.035256410256410256,0.031042260208926874,0.029973884140550806,0.02736229819563153,0.03133903133903134,0.02558167141500475,0.020655270655270654,0.018043684710351376,0.018043684710351376,0.013948243114909782,0.014541785375118708,0.013770180436847104,0.011574074074074073,0.01193019943019943,0.011455365622032289,0.009437321937321937,0.007597340930674264,0.005045109211775879,0.0030864197530864196,0.001899335232668566,0.001899335232668566,0.001899335232668566,0.0007122507122507123,0.0007716049382716049,0.0006528964862298196,0.0005935422602089269,0.0005341880341880342,0.0006528964862298196,0.001721272554605888,0.011158594491927826
welding_0004_18-06-28_p1,0.04230769230769231,0.023931623931623933,0.019515669515669517,0.01581196581196581,0.023076923076923078,0.025783475783475784,0.021082621082621083,0.015954415954415956,0.011823361823361824,0.014387464387464388,0.014814814814814815,0.015242165242165243,0.01809116809116809,0.010968660968660969,0.009544159544159544,0.011396011396011397,0.012535612535612535,0.012962962962962963,0.014102564102564103,0.015384615384615385,0.014387464387464388,0.01623931623931624,0.013105413105413105,0.01752136752136752,0.017378917378917377,0.017663817663817662,0.021082621082621083,0.020370370370370372,0.020655270655270654,0.020512820512820513,0.02564102564102564,0.022507122507122508,0.02792022792022792,0.02321937321937322,0.02094017094017094,0.021794871794871794,0.019373219373219373,0.02150997150997151,0.022222222222222223,0.022792022792022793,0.023504273504273504,0.01752136752136752,0.02264957264957265,0.023504273504273504,0.02364672364672365,0.02094017094017094,0.017948717948717947,0.0150997150997151,0.015527065527065526,0.011538461538461539,0.009116809116809116,0.010398860398860399,0.007122507122507123,0.004700854700854701,0.002564102564102564,0.002279202279202279,0.002564102564102564,0.002564102564102564,0.001282051282051282,0.0008547008547008547,0.0014245014245014246,0.0008547008547008547,0.0011396011396011395,0.005698005698005698
welding_0004_18-06-28_p2,0.06165540540540541,0.047438063063063064,0.013724662162162162,0.012387387387387387,0.01126126126126126,0.009923986486486486,0.009220157657657657,0.007460585585585586,0.009712837837837838,0.010909346846846846,0.010838963963963964,0.01344313063063063,0.014287725225225225,0.01928490990990991,0.02927927927927928,0.021607545045045046,0.010275900900900902,0.0059121621621621625,0.008164414414414414,0.007530968468468469,0.008586711711711712,0.007530968468468469,0.007953265765765766,0.010205518018018018,0.012598536036036036,0.014710022522522523,0.014076576576576577,0.015976914414414414,0.020833333333333332,0.019636824324324325,0.02435247747747748,0.029138513513513514,0.030405405405405407,0.03786599099099099,0.037162162162162164,0.035613738738738736,0.041385135135135136,0.03814752252252252,0.03505067567567568,0.029068130630630632,0.02519707207207207,0.020903716216216218,0.015343468468468468,0.013231981981981982,0.013091216216216216,0.012105855855855855,0.014146959459459459,0.013091216216216216,0.010838963963963964,0.007671734234234234,0.007038288288288288,0.005771396396396396,0.005067567567567568,0.003800675675675676,0.003096846846846847,0.0019707207207207205,0.0010557432432432433,0.0014076576576576576,0.001196509009009009,0.0016891891891891893,0.001196509009009009,0.0005630630630630631,0.001759572072072072,0.014146959459459459
welding_0004_18-06-28_p3,0.010694249649368864,0.010606591865357643,0.0086781206171108,0.009554698457223001,0.006924964936886395,0.005434782608695652,0.007976858345021038,0.007275596072931276,0.006924964936886395,0.006837307152875175,0.0074509116409537165,0.010957223001402524,0.010255960729312763,0.008327489481065918,0.00937938288920056,0.010168302945301542,0.006486676016830294,0.008152173913043478,0.008152173913043478,0.0070126227208976155,0.006749649368863955,0.0065743338008415145,0.006048387096774193,0.005259467040673212,0.004032258064516129,0.0034186535764375876,0.0024544179523141654,0.00447054698457223,0.004032258064516129,0.004119915848527349,0.005522440392706872,0.005610098176718092,0.005873071528751753,0.003243338008415147,0.006136044880785414,0.006399018232819074,0.005960729312762973,0.009817671809256662,0.011132538569424965,0.010080645161290322,0.011132538569424965,0.012184431977559607,0.01349929873772791,0.014375876577840112,0.019810659186535764,0.028839410939691446,0.037868162692847124,0.049964936886395514,0.0546984572230014,0.0789796633941094,0.0845897615708275,0.09782608695652174,0.05846774193548387,0.02165147265077139,0.023930575035063115,0.016392005610098178,0.014200561009817671,0.010781907433380084,0.008502805049088359,0.0091164095371669,0.0091164095371669,0.007100280504908836,0.007713884992987377,0.025070126227208975
welding_0004_18-06-28_p4,0.004290876242095754,0.006775067750677507,0.007339656729900632,0.011178861788617886,0.01084010840108401,0.011743450767841012,0.013775971093044263,0.013663053297199638,0.01592140921409214,0.017276422764227643,0.018066847335140017,0.017276422764227643,0.018631436314363144,0.019308943089430895,0.020663956639566397,0.020663956639566397,0.019760614272809396,0.02145438121047877,0.0247289972899729,0.022696476964769646,0.018970189701897018,0.022583559168925023,0.02055103884372177,0.016937669376693765,0.017276422764227643,0.017841011743450767,0.013550135501355014,0.009485094850948509,0.012985546522131889,0.013775971093044263,0.012082204155374887,0.01501806684733514,0.013775971093044263,0.014453477868112014,0.013888888888888888,0.013663053297199638,0.012985546522131889,0.012759710930442638,0.014227642276422764,0.014566395663956639,0.012533875338753388,0.013211382113821139,0.01524390243902439,0.017163504968383016,0.018292682926829267,0.01546973803071364,0.023373983739837397,0.02676151761517615,0.02710027100271003,0.03681120144534779,0.03568202348690153,0.02935862691960253,0.0265356820234869,0.01942186088527552,0.016034327009936768,0.011969286359530262,0.008468834688346883,0.007339656729900632,0.003952122854561879,0.0035004516711833783,0.0025971093044263776,0.0018066847335140017,0.001129177958446251,0.008807588075880758
welding_0004_18-19-55_p0,0.0016968325791855204,0.003733031674208145,0.005316742081447964,0.00418552036199095,0.006108597285067873,0.007126696832579185,0.011538461538461539,0.011764705882352941,0.010520361990950227,0.009954751131221719,0.013122171945701358,0.010746606334841629,0.01493212669683258,0.012104072398190046,0.013009049773755657,0.011990950226244345,0.013122171945701358,0.012217194570135747,0.012217194570135747,0.010294117647058823,0.013235294117647059,0.012556561085972851,0.012895927601809954,0.01764705882352941,0.0166289592760181,0.01821266968325792,0.011877828054298642,0.011199095022624435,0.007239819004524887,0.007805429864253394,0.009728506787330317,0.007692307692307693,0.008484162895927601,0.007013574660633484,0.008936651583710407,0.008823529411764706,0.008823529411764706,0.009389140271493212,0.008936651583710407,0.009615384615384616,0.008144796380090498,0.008936651583710407,0.007918552036199095,0.008710407239819005,0.0082579185520362,0.0083710407239819,0.007013574660633484,0.009615384615384616,0.009954751131221719,0.014366515837104072,0.019457013574660634,0.025,0.031334841628959276,0.03936651583710407,0.05407239819004525,0.0670814479638009,0.057692307692307696,0.042986425339366516,0.03212669683257918,0.021266968325791856,0.02183257918552036,0.014705882352941176,0.012782805429864253,0.05656108597285068
welding_0004_18-19-55_p1,0.0,0.0,0.00016087516087516087,0.0005630630630630631,0.00032175032175032174,0.0017696267696267697,0.0011261261261261261,0.0018500643500643501,0.0022522522522522522,0.0030566280566280564,0.003458815958815959,0.002815315315315315,0.0032175032175032173,0.004021879021879022,0.0044240669240669245,0.005308880308880309,0.007561132561132561,0.008204633204633204,0.010537323037323037,0.011904761904761904,0.012146074646074647,0.015363577863577864,0.015283140283140283,0.01817889317889318,0.01986808236808237,0.020672458172458174,0.02750965250965251,0.030646718146718148,0.03474903474903475,0.037805662805662804,0.03305984555984556,0.03346203346203346,0.03474903474903475,0.034668597168597166,0.03836872586872587,0.03209459459459459,0.02935971685971686,0.030083655083655084,0.028796653796653797,0.025016087516087516,0.02574002574002574,0.024774774774774775,0.024935649935649937,0.025498712998712997,0.029037966537966538,0.025981338481338483,0.03185328185328185,0.025016087516087516,0.02035070785070785,0.018581081081081082,0.015122265122265123,0.012387387387387387,0.009652509652509652,0.008365508365508366,0.006274131274131274,0.0037805662805662807,0.0045045045045045045,0.0033783783783783786,0.003137065637065637,0.002413127413127413,0.00361969111969112,0.004987129987129987,0.00723938223938224,0.03893178893178893
welding_0004_18-19-55_p2,0.0,0.0,0.0,5.9059768485707536e-05,0.00011811953697141507,5.9059768485707536e-05,0.00017717930545712261,0.00041341837939995273,0.0011221356012284431,0.0011811953697141507,0.0018308528230569336,0.002421450507914009,0.0031892274982282067,0.0037207654145995747,0.0037207654145995747,0.0039570044885424045,0.00431136309945665,0.0034845263406567445,0.004370422867942357,0.0044885424049137725,0.005374438932199386,0.006437514764942121,0.006260335459484999,0.006496574533427829,0.007087172218284904,0.00815024805102764,0.009508622726198913,0.009685802031656036,0.011457595086227262,0.013938105362626978,0.01387904559414127,0.013760926057169855,0.015768958185683912,0.018072289156626505,0.017658870777226554,0.021438695960311834,0.018308528230569335,0.020493739664540513,0.021438695960311834,0.019489723600283487,0.024982282069454288,0.029116465863453816,0.03661705646113867,0.050673281360737066,0.05415780770139381,0.04535790219702339,0.03590833923931018,0.03466808410111032,0.029057406094968107,0.022915190172454525,0.025395700448854242,0.02161587526576896,0.016595794944483818,0.014824001889912591,0.01387904559414127,0.015709898417198203,0.015650838648712497,0.014883061658398299,0.012343491613512876,0.01293408929836995,0.01340656744625561,0.015768958185683912,0.0227380108669974,0.11746987951807229
welding_0004_18-19-55_p3,0.0,0.00014492753623188405,0.0,0.0002173913043478261,0.0006521739130434783,0.0007971014492753623,0.0026811594202898552,0.004130434782608695,0.004855072463768116,0.00789855072463768,0.007608695652173913,0.00927536231884058,0.009927536231884058,0.008840579710144927,0.010144927536231883,0.009202898550724637,0.01108695652173913,0.009927536231884058,0.009347826086956522,0.01036231884057971,0.010797101449275362,0.013115942028985507,0.013840579710144928,0.013405797101449275,0.014492753623188406,0.016231884057971015,0.016739130434782607,0.021449275362318842,0.022028985507246378,0.01956521739130435,0.02282608695652174,0.024420289855072465,0.01884057971014493,0.019057971014492754,0.017971014492753623,0.016666666666666666,0.01579710144927536,0.016304347826086956,0.017753623188405798,0.015869565217391305,0.016231884057971015,0.01927536231884058,0.01891304347826087,0.01855072463768116,0.01920289855072464,0.01920289855072464,0.019782608695652175,0.02246376811594203,0.02398550724637681,0.023043478260869565,0.024057971014492755,0.02282608695652174,0.020144927536231885,0.01884057971014493,0.01956521739130435,0.015144927536231884,0.01536231884057971,0.014782608695652174,0.014565217391304348,0.014637681159420289,0.01391304347826087,0.016304347826086956,0.02572463768115942,0.09920289855072464
welding_0004_18-19-55_p4,0.005094043887147335,0.007836990595611285,0.004702194357366771,0.0066614420062695925,0.01018808777429467,0.011755485893416929,0.014890282131661442,0.016065830721003135,0.011755485893416929,0.003918495297805642,0.0054858934169279,0.004702194357366771,0.008228840125391849,0.0066614420062695925,0.014498432601880877,0.012147335423197491,0.012539184952978056,0.0109717868338558,0.007053291536050157,0.005094043887147335,0.008228840125391849,0.007445141065830721,0.003134796238244514,0.003134796238244514,0.009012539184952978,0.0109717868338558,0.013322884012539185,0.008228840125391849,0.007445141065830721,0.004310344827586207,0.01018808777429467,0.009012539184952978,0.008228840125391849,0.008228840125391849,0.007445141065830721,0.007836990595611285,0.005877742946708464,0.009796238244514107,0.009796238244514107,0.005877742946708464,0.007836990595611285,0.007836990595611285,0.009404388714733543,0.011363636363636364,0.009012539184952978,0.006269592476489028,0.009012539184952978,0.0066614420062695925,0.01293103448275862,0.01841692789968652,0.028996865203761754,0.03369905956112853,0.045454545454545456,0.05211598746081505,0.03526645768025078,0.04584639498432602,0.06778996865203762,0.051332288401253916,0.03213166144200627,0.02586206896551724,0.02860501567398119,0.02821316614420063,0.025078369905956112,0.06308777429467084
welding_0004_18-19-55_p5,0.0,0.00011439029970258523,0.0,0.00011439029970258523,0.00034317089910775565,0.0002859757492564631,0.0007435369480668039,0.0020018302447952414,0.0029741477922672157,0.002916952642415923,0.0039464653397391905,0.00549073438572409,0.005547929535575384,0.004975978037062457,0.005776710134980554,0.006920613132006406,0.00526195378631892,0.005891100434683139,0.007035003431708991,0.0070921985815602835,0.006405856783344772,0.007721345229924502,0.008750857927247769,0.00812171127888355,0.008178906428734842,0.00897963852665294,0.009036833676504232,0.011667810569663692,0.011324639670555936,0.009608785175017159,0.01229695721802791,0.010581102722489133,0.010009151223976206,0.010009151223976206,0.010638297872340425,0.011439029970258523,0.013040494166094716,0.01292610386639213,0.012983299016243422,0.013097689315946008,0.01183939601921757,0.013555250514756348,0.015385495309997712,0.015213909860443834,0.019217570350034317,0.021619766643788608,0.02373598718828643,0.025966598032486844,0.028311599176389843,0.024422328986501946,0.02499428048501487,0.026252573781743307,0.02499428048501487,0.024708304735758406,0.02722489132921528,0.023564401738732556,0.022420498741706704,0.01904598490048044,0.019160375200183023,0.01641500800732098,0.016357812857469685,0.020075497597803707,0.02648135438114848,0.23478609013955618
welding_0004_18-35-41_p0,0.012181818181818183,0.02115151515151515,0.01975757575757576,0.017575757575757574,0.017757575757575757,0.015636363636363636,0.016545454545454544,0.01975757575757576,0.023090909090909092,0.024242424242424242,0.027575757575757576,0.029757575757575757,0.02509090909090909,0.017575757575757574,0.017272727272727273,0.016,0.016303030303030302,0.016484848484848484,0.014242424242424242,0.014909090909090908,0.014,0.01309090909090909,0.013272727272727273,0.014484848484848484,0.013454545454545455,0.011333333333333334,0.015030303030303031,0.014363636363636363,0.012242424242424242,0.011757575757575758,0.012121212121212121,0.012666666666666666,0.014363636363636363,0.014848484848484849,0.015515151515151515,0.013333333333333334,0.015454545454545455,0.01206060606060606,0.013757575757575758,0.015515151515151515,0.015212121212121212,0.01309090909090909,0.013818181818181818,0.013151515151515152,0.015454545454545455,0.012787878787878787,0.013939393939393939,0.013575757575757576,0.014303030303030304,0.013454545454545455,0.012484848484848484,0.013696969696969697,0.012242424242424242,0.013333333333333334,0.013757575757575758,0.011454545454545455,0.012909090909090908,0.012363636363636363,0.010181818181818183,0.009757575757575758,0.009212121212121211,0.006666666666666667,0.006606060606060606,0.06096969696969697
welding_0004_18-35-41_p1,0.016666666666666666,0.015744400527009223,0.010606060606060607,0.010408432147562582,0.009749670619235836,0.01080368906455863,0.011725955204216074,0.011264822134387351,0.012582345191040843,0.0113965744400527,0.01225296442687747,0.011594202898550725,0.013768115942028985,0.014426877470355731,0.016073781291172595,0.015942028985507246,0.01772068511198946,0.012516469038208168,0.01370223978919631,0.010935441370223979,0.014031620553359684,0.010540184453227932,0.009552042160737812,0.010540184453227932,0.010474308300395257,0.010869565217391304,0.013570487483530961,0.013241106719367589,0.013768115942028985,0.011264822134387351,0.011462450592885375,0.01152832674571805,0.013438735177865613,0.012779973649538867,0.013043478260869565,0.012977602108036891,0.011923583662714097,0.01225296442687747,0.01370223978919631,0.01469038208168643,0.013306982872200264,0.01225296442687747,0.017193675889328065,0.015744400527009223,0.017193675889328065,0.019235836627140974,0.023386034255599472,0.020882740447957838,0.019499341238471673,0.019696969696969695,0.01930171277997365,0.02002635046113307,0.019367588932806323,0.02351778656126482,0.02345191040843215,0.018115942028985508,0.020553359683794466,0.026021080368906456,0.030632411067193676,0.01732542819499341,0.00909090909090909,0.00909090909090909,0.010408432147562582,0.0691699604743083
welding_0004_18-35-41_p2,0.01383841207715963,0.014956667598546268,0.015166340508806261,0.01223091976516634,0.01425775789767962,0.012510483645513,0.016494268940452892,0.019010343863572827,0.019709253564439474,0.020268381325132794,0.024951076320939333,0.025649986021805984,0.024182275649986023,0.018870561923399497,0.015306122448979591,0.01439753983785295,0.014467430807939614,0.014117975957506291,0.01425775789767962,0.01600503214984624,0.014327648867766284,0.01383841207715963,0.014816885658372938,0.012300810735253005,0.01397819401733296,0.015515795359239587,0.016214705060106235,0.01642437797036623,0.015795359239586245,0.014886776628459603,0.015026558568632933,0.014048084987419626,0.01775230640201286,0.017402851551579536,0.018241543192619513,0.01614481409001957,0.017193178641319543,0.013908303047246296,0.015725468269499582,0.01600503214984624,0.01670394185071289,0.015376013419066257,0.017123287671232876,0.01894045289348616,0.019709253564439474,0.018660889013139503,0.023203802068772716,0.02208554654738608,0.01949958065417948,0.01949958065417948,0.020897400055912774,0.02054794520547945,0.019150125803746157,0.019918926474699467,0.01817165222253285,0.013279284316466312,0.013419066256639642,0.00915571708135309,0.005800950517193179,0.003424657534246575,0.002865529773553257,0.0014677103718199608,0.0018870561923399498,0.00901593514117976
welding_0004_18-35-41_p3,0.03434215295396883,0.034523378035520115,0.02138455962305183,0.0211127220007249,0.02056904675607104,0.014498006524102935,0.01594780717651323,0.019119246103660746,0.02056904675607104,0.015404131931859369,0.012323305545487495,0.010329829648423342,0.008880028996013048,0.006524102935846321,0.008608191373686118,0.009514316781442551,0.010420442189198985,0.010511054729974628,0.010420442189198985,0.009876766944545125,0.011326567596955418,0.013320043494019572,0.008789416455237405,0.010692279811525915,0.010782892352301558,0.009967379485320768,0.010329829648423342,0.008698803914461761,0.010239217107647698,0.013229430953243929,0.012957593330916999,0.014498006524102935,0.013591881116346502,0.013048205871692642,0.013682493657122145,0.010511054729974628,0.011689017760057992,0.012232693004711852,0.011689017760057992,0.012685755708590069,0.013863718738673432,0.013048205871692642,0.010692279811525915,0.010239217107647698,0.009604929322218195,0.010148604566872055,0.009514316781442551,0.008698803914461761,0.008970641536788691,0.010420442189198985,0.013410656034795215,0.012142080463936208,0.017125770206596592,0.016400869880391446,0.0156759695541863,0.04313156940920623,0.04512504530627039,0.025099673794853207,0.020750271837622326,0.016944545125045306,0.017216382747372236,0.019028633562885103,0.01948169626676332,0.06442551649148243
welding_0004_18-35-41_p4,0.01038647342995169,0.026328502415458938,0.018115942028985508,0.021739130434782608,0.023792270531400966,0.01823671497584541,0.024154589371980676,0.028381642512077296,0.025120772946859903,0.029227053140096618,0.04009661835748792,0.041304347826086954,0.03285024154589372,0.026207729468599034,0.022222222222222223,0.020652173913043477,0.016908212560386472,0.018357487922705314,0.012198067632850241,0.017270531400966183,0.010628019323671498,0.01002415458937198,0.013285024154589372,0.011956521739130435,0.012681159420289856,0.013285024154589372,0.01606280193236715,0.017028985507246377,0.01352657004830918,0.013405797101449275,0.01606280193236715,0.013768115942028985,0.020531400966183576,0.01618357487922705,0.01823671497584541,0.016304347826086956,0.01823671497584541,0.016908212560386472,0.01678743961352657,0.017753623188405798,0.01896135265700483,0.015821256038647345,0.017512077294685992,0.01859903381642512,0.014009661835748793,0.014251207729468598,0.01533816425120773,0.01618357487922705,0.012198067632850241,0.00966183574879227,0.009541062801932367,0.009541062801932367,0.007367149758454106,0.006038647342995169,0.006159420289855073,0.002777777777777778,0.005555555555555556,0.003140096618357488,0.0024154589371980675,0.001570048309178744,0.0026570048309178746,0.002173913043478261,0.0020531400966183576,0.010265700483091788
welding_0005_17-38-15_p0,0.0012877747252747253,0.0035628434065934065,0.004335508241758242,0.005322802197802198,0.005880837912087912,0.007254464285714286,0.008284684065934066,0.008198832417582418,0.01244848901098901,0.013650412087912088,0.014208447802197802,0.01304945054945055,0.01459478021978022,0.01407967032967033,0.014380151098901098,0.012105082417582418,0.012319711538461538,0.012663118131868132,0.01150412087912088,0.009915865384615384,0.010860233516483516,0.010645604395604396,0.008456387362637362,0.009443681318681318,0.009400755494505494,0.00935782967032967,0.009229052197802198,0.00854223901098901,0.010087568681318682,0.00914320054945055,0.007726648351648352,0.00935782967032967,0.00802712912087912,0.008756868131868132,0.00965831043956044,0.010216346153846154,0.011117788461538462,0.01274896978021978,0.016569368131868132,0.01871565934065934,0.025540865384615384,0.02283653846153846,0.036744505494505496,0.029876373626373628,0.033138736263736264,0.033482142857142856,0.03580013736263736,0.043011675824175824,0.025412087912087912,0.021677541208791208,0.022664835164835164,0.025197458791208792,0.026227678571428572,0.03545673076923077,0.03021978021978022,0.033567994505494504,0.036529876373626376,0.019574175824175824,0.011246565934065934,0.011289491758241758,0.008155906593406594,0.005923763736263736,0.004378434065934066,0.014938186813186814
welding_0005_17-38-15_p1,0.004830508474576271,0.009576271186440678,0.008898305084745763,0.008135593220338983,0.007203389830508475,0.008983050847457628,0.008898305084745763,0.011949152542372882,0.012966101694915255,0.010338983050847458,0.00983050847457627,0.010423728813559323,0.012457627118644067,0.010169491525423728,0.009576271186440678,0.00923728813559322,0.009322033898305085,0.009322033898305085,0.007372881355932203,0.005254237288135594,0.007542372881355932,0.007711864406779661,0.006101694915254237,0.005932203389830509,0.008050847457627118,0.00847457627118644,0.0060169491525423726,0.005932203389830509,0.006271186440677966,0.00788135593220339,0.008135593220338983,0.01076271186440678,0.01076271186440678,0.014915254237288136,0.012711864406779662,0.01211864406779661,0.01694915254237288,0.020932203389830508,0.022457627118644068,0.022627118644067797,0.031016949152542373,0.03423728813559322,0.06211864406779661,0.07872881355932203,0.04305084745762712,0.06449152542372881,0.055,0.02457627118644068,0.02864406779661017,0.03042372881355932,0.01788135593220339,0.015593220338983051,0.01711864406779661,0.013559322033898305,0.01211864406779661,0.010847457627118645,0.00847457627118644,0.007288135593220339,0.005677966101694915,0.005593220338983051,0.004491525423728814,0.003728813559322034,0.0034745762711864405,0.014830508474576272
welding_0005_17-38-15_p2,0.006937799043062201,0.0035885167464114833,0.003708133971291866,0.0034688995215311005,0.0034688995215311005,0.006220095693779904,0.006100478468899521,0.01028708133971292,0.014712918660287082,0.009808612440191388,0.011602870813397129,0.009330143540669857,0.012799043062200957,0.01507177033492823,0.021291866028708133,0.030023923444976078,0.029545454545454545,0.021770334928229666,0.013397129186602871,0.010885167464114833,0.010406698564593302,0.01208133971291866,0.013636363636363636,0.016267942583732056,0.014952153110047847,0.019736842105263157,0.02404306220095694,0.02930622009569378,0.03349282296650718,0.029186602870813396,0.028588516746411483,0.02715311004784689,0.025,0.02799043062200957,0.04019138755980861,0.0354066985645933,0.034928229665071774,0.02978468899521531,0.02727272727272727,0.026555023923444977,0.026674641148325358,0.02332535885167464,0.0215311004784689,0.019497607655502392,0.018779904306220094,0.022129186602870814,0.01507177033492823,0.011124401913875598,0.009808612440191388,0.008133971291866028,0.005861244019138756,0.008014354066985646,0.006578947368421052,0.005023923444976076,0.01076555023923445,0.00645933014354067,0.003110047846889952,0.003110047846889952,0.0035885167464114833,0.0016746411483253589,0.0029904306220095694,0.0022727272727272726,0.005023923444976076,0.00944976076555024
welding_0005_17-38-15_p3,0.0027233115468409588,0.00392156862745098,0.00392156862745098,0.002832244008714597,0.003703703703703704,0.0032679738562091504,0.0032679738562091504,0.00522875816993464,0.005119825708061002,0.005555555555555556,0.006318082788671024,0.006535947712418301,0.007734204793028322,0.006862745098039216,0.009041394335511982,0.0079520697167756,0.011220043572984749,0.014596949891067539,0.019934640522875816,0.016013071895424835,0.018518518518518517,0.01383442265795207,0.014596949891067539,0.014270152505446623,0.012854030501089325,0.016013071895424835,0.017429193899782137,0.017538126361655772,0.012200435729847494,0.014052287581699347,0.013398692810457516,0.012636165577342049,0.01786492374727669,0.01721132897603486,0.018191721132897604,0.015032679738562092,0.014923747276688453,0.015250544662309368,0.018627450980392157,0.01982570806100218,0.022549019607843137,0.0275599128540305,0.0332244008714597,0.03474945533769063,0.04673202614379085,0.05239651416122004,0.046840958605664486,0.03736383442265795,0.03496732026143791,0.039978213507625274,0.028213507625272333,0.017973856209150325,0.016122004357298474,0.01252723311546841,0.015250544662309368,0.015032679738562092,0.013943355119825708,0.011328976034858388,0.010239651416122004,0.007734204793028322,0.004901960784313725,0.001851851851851852,0.0022875816993464053,0.006209150326797385
welding_0005_17-38-20_p0,0.005995639534883721,0.010719476744186046,0.011173691860465117,0.011809593023255814,0.013808139534883721,0.022438226744186048,0.0201671511627907,0.025436046511627907,0.027162063953488372,0.03433866279069767,0.03860828488372093,0.032249273255813955,0.025163517441860465,0.02298328488372093,0.02134811046511628,0.022438226744186048,0.023619186046511628,0.021075581395348836,0.015988372093023256,0.015079941860465117,0.015715843023255814,0.013717296511627907,0.012445494186046511,0.01217296511627907,0.01653343023255814,0.012445494186046511,0.01262718023255814,0.01398982558139535,0.010901162790697675,0.012082122093023256,0.009720203488372093,0.008630087209302325,0.010265261627906976,0.00872093023255814,0.011627906976744186,0.00944767441860465,0.008902616279069768,0.009265988372093024,0.011446220930232558,0.011627906976744186,0.013808139534883721,0.015897529069767442,0.017351017441860465,0.019349563953488372,0.018077761627906978,0.01835029069767442,0.0162609011627907,0.026526162790697673,0.02616279069767442,0.024255087209302327,0.023710029069767442,0.019349563953488372,0.018986191860465115,0.012808866279069768,0.010174418604651164,0.008175872093023256,0.007630813953488372,0.007267441860465116,0.005813953488372093,0.00436046511627907,0.0029069767441860465,0.002543604651162791,0.001998546511627907,0.02434593023255814
welding_0005_17-38-20_p1,0.011732229123533472,0.017167011732229124,0.019237405106970324,0.023723257418909592,0.021566597653554176,0.022860593512767424,0.023119392684610076,0.026397515527950312,0.02769151138716356,0.02717391304347826,0.026742581090407176,0.030106970324361628,0.03580055210489993,0.031487232574189096,0.02665631469979296,0.027518978605935128,0.026224982746721876,0.021135265700483092,0.018115942028985508,0.014751552795031056,0.01492408557625949,0.016821946169772256,0.019151138716356108,0.012853692201518288,0.014579020013802622,0.017857142857142856,0.01621808143547274,0.01518288474810214,0.01544168391994479,0.014751552795031056,0.014320220841959972,0.016821946169772256,0.01492408557625949,0.014492753623188406,0.01492408557625949,0.016045548654244308,0.015355417529330572,0.013975155279503106,0.01673567977915804,0.012594893029675638,0.015959282263630088,0.014837819185645272,0.01466528640441684,0.013543823326432022,0.015355417529330572,0.010869565217391304,0.011473429951690822,0.011387163561076604,0.012249827467218772,0.011128364389233954,0.00966183574879227,0.007763975155279503,0.005866114561766736,0.006556245686680469,0.004830917874396135,0.006987577639751553,0.004830917874396135,0.0038819875776397515,0.003191856452726018,0.004227053140096618,0.0030193236714975845,0.004054520358868185,0.002933057280883368,0.013543823326432022
welding_0005_17-38-20_p2,0.0009946949602122016,0.005802387267904509,0.006631299734748011,0.010278514588859417,0.013925729442970823,0.014091511936339523,0.022049071618037135,0.022712201591511938,0.02569628647214854,0.023706896551724137,0.03265915119363395,0.029177718832891247,0.03647214854111406,0.04161140583554376,0.04625331564986737,0.03564323607427056,0.03033819628647215,0.02619363395225464,0.027354111405835543,0.022712201591511938,0.026359416445623344,0.023872679045092837,0.020225464190981434,0.021054376657824933,0.01807029177718833,0.017075596816976128,0.01807029177718833,0.01889920424403183,0.01840185676392573,0.015583554376657824,0.015251989389920425,0.015251989389920425,0.015086206896551725,0.014257294429708222,0.008620689655172414,0.011770557029177718,0.007957559681697613,0.009946949602122016,0.010278514588859417,0.008620689655172414,0.006962864721485411,0.007791777188328912,0.009118037135278515,0.006797082228116711,0.007791777188328912,0.009615384615384616,0.010278514588859417,0.01276525198938992,0.013925729442970823,0.013262599469496022,0.01226790450928382,0.011936339522546418,0.009449602122015914,0.008952254641909815,0.009781167108753316,0.007957559681697613,0.004310344827586207,0.005139257294429708,0.005305039787798408,0.004641909814323607,0.005305039787798408,0.003812997347480106,0.0044761273209549075,0.01939655172413793
welding_0005_17-38-20_p3,0.0013157894736842105,0.002631578947368421,0.002302631578947368,0.000986842105263158,0.0029605263157894738,0.002631578947368421,0.0029605263157894738,0.004605263157894736,0.008223684210526315,0.006907894736842105,0.010197368421052632,0.010526315789473684,0.008881578947368421,0.011842105263157895,0.009539473684210526,0.014473684210526316,0.015789473684210527,0.013157894736842105,0.014144736842105264,0.017763157894736842,0.020723684210526314,0.015460526315789473,0.01611842105263158,0.018092105263157895,0.01611842105263158,0.014144736842105264,0.02006578947368421,0.014802631578947368,0.019736842105263157,0.019407894736842107,0.015131578947368421,0.019736842105263157,0.019736842105263157,0.02532894736842105,0.039473684210526314,0.042105263157894736,0.033223684210526315,0.05230263157894737,0.05625,0.0881578947368421,0.04506578947368421,0.017763157894736842,0.017434210526315788,0.010526315789473684,0.014473684210526316,0.011513157894736841,0.009868421052631578,0.011513157894736841,0.010855263157894738,0.008552631578947369,0.00625,0.0059210526315789476,0.004934210526315789,0.0059210526315789476,0.004934210526315789,0.003618421052631579,0.007894736842105263,0.009210526315789473,0.005592105263157895,0.006907894736842105,0.008223684210526315,0.008552631578947369,0.005263157894736842,0.03125
welding_0005_17-38-20_p4,0.0014912280701754386,0.002105263157894737,0.0017105263157894738,0.0030263157894736843,0.0035087719298245615,0.004035087719298246,0.005131578947368421,0.0061403508771929825,0.004956140350877193,0.006228070175438596,0.007368421052631579,0.0061842105263157894,0.006578947368421052,0.007149122807017544,0.006622807017543859,0.007456140350877193,0.00793859649122807,0.009605263157894737,0.011973684210526315,0.0125,0.012982456140350877,0.01456140350877193,0.015789473684210527,0.015789473684210527,0.018903508771929825,0.02017543859649123,0.023596491228070175,0.022587719298245615,0.020964912280701756,0.021052631578947368,0.019035087719298245,0.0206140350877193,0.020087719298245613,0.021710526315789475,0.021096491228070176,0.02175438596491228,0.019078947368421053,0.01881578947368421,0.017456140350877194,0.017280701754385966,0.016271929824561403,0.015175438596491227,0.015350877192982455,0.01574561403508772,0.01530701754385965,0.01486842105263158,0.014517543859649124,0.01587719298245614,0.015394736842105263,0.015394736842105263,0.018728070175438597,0.01942982456140351,0.0193859649122807,0.019649122807017545,0.019956140350877193,0.018289473684210526,0.014824561403508772,0.01293859649122807,0.013991228070175438,0.013464912280701754,0.013245614035087718,0.014035087719298246,0.019912280701754385,0.12320175438596491
welding_0005_17-38-20_p5,0.004941860465116279,0.007848837209302326,0.00872093023255814,0.00998062015503876,0.012112403100775194,0.012984496124031008,0.013856589147286822,0.014147286821705426,0.015116279069767442,0.021511627906976746,0.021414728682170543,0.025968992248062015,0.0312984496124031,0.03294573643410853,0.02945736434108527,0.02180232558139535,0.02616279069767442,0.01937984496124031,0.019767441860465116,0.017248062015503877,0.01608527131782946,0.0188953488372093,0.015213178294573644,0.01986434108527132,0.02180232558139535,0.023352713178294574,0.016375968992248063,0.019670542635658914,0.019476744186046512,0.016182170542635658,0.015310077519379845,0.016182170542635658,0.017635658914728684,0.017635658914728684,0.015891472868217054,0.018410852713178296,0.014147286821705426,0.015019379844961241,0.01744186046511628,0.01366279069767442,0.013275193798449613,0.01560077519379845,0.016569767441860464,0.01686046511627907,0.01375968992248062,0.013953488372093023,0.014534883720930232,0.014437984496124032,0.014147286821705426,0.014147286821705426,0.008236434108527133,0.010368217054263567,0.007751937984496124,0.009011627906976745,0.00998062015503876,0.009205426356589148,0.006201550387596899,0.0069767441860465115,0.007364341085271318,0.007655038759689922,0.008817829457364342,0.008527131782945736,0.0059108527131782945,0.03178294573643411
welding_0005_17-38-20_p6,0.0055147058823529415,0.007927389705882353,0.00942095588235294,0.010569852941176471,0.011259191176470588,0.010684742647058824,0.015050551470588236,0.015969669117647058,0.01884191176470588,0.023782169117647058,0.025390625,0.03125,0.03963694852941176,0.045611213235294115,0.04411764705882353,0.03205422794117647,0.03308823529411765,0.025735294117647058,0.025735294117647058,0.024356617647058824,0.023092830882352942,0.024471507352941176,0.021254595588235295,0.027228860294117647,0.02665441176470588,0.024816176470588234,0.020105698529411766,0.020105698529411766,0.01872702205882353,0.014935661764705883,0.01642922794117647,0.012867647058823529,0.01401654411764706,0.012982536764705883,0.011603860294117647,0.012982536764705883,0.010340073529411764,0.010454963235294117,0.008961397058823529,0.008272058823529412,0.0076976102941176475,0.00815716911764706,0.009191176470588236,0.007238051470588236,0.00700827205882353,0.007582720588235294,0.01011029411764706,0.010454963235294117,0.011488970588235295,0.011144301470588236,0.008042279411764705,0.008616727941176471,0.009076286764705883,0.008731617647058824,0.007927389705882353,0.006778492647058824,0.0055147058823529415,0.0076976102941176475,0.00700827205882353,0.006433823529411764,0.007123161764705882,0.005399816176470588,0.0042509191176470585,0.02102481617647059
welding_0005_17-38-20_p7,0.02144607843137255,0.01685049019607843,0.015931372549019607,0.020833333333333332,0.01838235294117647,0.01838235294117647,0.01011029411764706,0.008884803921568627,0.009191176470588236,0.012254901960784314,0.018995098039215685,0.022365196078431373,0.024509803921568627,0.013480392156862746,0.010416666666666666,0.013174019607843137,0.013480392156862746,0.013174019607843137,0.009497549019607842,0.005821078431372549,0.0070465686274509805,0.01133578431372549,0.011029411764705883,0.012254901960784314,0.010416666666666666,0.014705882352941176,0.014705882352941176,0.01715686274509804,0.014705882352941176,0.014399509803921568,0.013480392156862746,0.013480392156862746,0.013174019607843137,0.010416666666666666,0.013174019607843137,0.011948529411764705,0.01011029411764706,0.012561274509803922,0.011642156862745098,0.013480392156862746,0.011948529411764705,0.012254901960784314,0.011948529411764705,0.013480392156862746,0.011029411764705883,0.012254901960784314,0.014705882352941176,0.012561274509803922,0.016544117647058824,0.014093137254901961,0.019301470588235295,0.02022058823529412,0.023590686274509803,0.022365196078431373,0.02267156862745098,0.021139705882352942,0.016237745098039217,0.013174019607843137,0.018075980392156864,0.020833333333333332,0.007965686274509803,0.010416666666666666,0.01011029411764706,0.09466911764705882
welding_0005_17-38-20_p8,0.010636221701795472,0.014344262295081968,0.01327088212334114,0.014734582357533178,0.01717408274785324,0.017857142857142856,0.01805230288836846,0.01639344262295082,0.01756440281030445,0.01600312256049961,0.015515222482435597,0.014344262295081968,0.01678376268540203,0.02468774395003903,0.02029664324746292,0.02078454332552693,0.016978922716627636,0.018832943013270882,0.01766198282591725,0.01707650273224044,0.016100702576112413,0.01766198282591725,0.017857142857142856,0.013953942232630757,0.015124902419984387,0.016588602654176426,0.016978922716627636,0.01727166276346604,0.014344262295081968,0.018930523028883685,0.017857142857142856,0.01707650273224044,0.011612021857923498,0.01522248243559719,0.014246682279469165,0.020101483216237316,0.018149882903981264,0.01873536299765808,0.018930523028883685,0.020979703356752536,0.020882123341139733,0.020979703356752536,0.020979703356752536,0.02019906323185012,0.0195160031225605,0.015807962529274005,0.02019906323185012,0.022345823575331773,0.025078064012490242,0.022540983606557378,0.016198282591725215,0.018247462919594067,0.01766198282591725,0.014929742388758781,0.010050741608118658,0.00663544106167057,0.0055620608899297425,0.0047814207650273225,0.0039032006245121,0.0038056206088992973,0.002537080405932865,0.002146760343481655,0.002537080405932865,0.005757220921155348
welding_0005_17-38-20_p9,0.017045454545454544,0.015040106951871657,0.017379679144385027,0.017045454545454544,0.017379679144385027,0.01804812834224599,0.010026737967914439,0.0106951871657754,0.009692513368983958,0.01303475935828877,0.01871657754010695,0.025066844919786096,0.026737967914438502,0.016377005347593582,0.014371657754010695,0.01537433155080214,0.012032085561497326,0.01036096256684492,0.009358288770053475,0.004679144385026738,0.007352941176470588,0.01270053475935829,0.012366310160427808,0.01303475935828877,0.009358288770053475,0.016042780748663103,0.012366310160427808,0.014371657754010695,0.012366310160427808,0.011029411764705883,0.01270053475935829,0.01303475935828877,0.01303475935828877,0.013368983957219251,0.01537433155080214,0.014037433155080214,0.01036096256684492,0.0106951871657754,0.011697860962566845,0.014037433155080214,0.01270053475935829,0.013368983957219251,0.015040106951871657,0.017045454545454544,0.01570855614973262,0.016377005347593582,0.013368983957219251,0.011697860962566845,0.011697860962566845,0.014037433155080214,0.017379679144385027,0.01537433155080214,0.01771390374331551,0.01804812834224599,0.01771390374331551,0.015040106951871657,0.012032085561497326,0.011029411764705883,0.01303475935828877,0.016711229946524065,0.008355614973262033,0.01036096256684492,0.011029411764705883,0.12733957219251338
welding_0005_18-06-28_p0,0.0884238310708899,0.05656108597285068,0.016905480140774257,0.010118149824032177,0.00992961287078934,0.00992961287078934,0.01099798893916541,0.009741075917546506,0.008232780291603821,0.007918552036199095,0.009678230266465561,0.00930115635997989,0.009615384615384616,0.00992961287078934,0.012317747611865259,0.017094017094017096,0.025201106083459025,0.015522875816993464,0.017596782302664656,0.01426596279537456,0.011877828054298642,0.010495223730517847,0.010620915032679739,0.012506284565108095,0.011689291101055807,0.012506284565108095,0.018350930115636,0.020739064856711915,0.02092760180995475,0.020613373554550025,0.024384112619406737,0.027149321266968326,0.030982905982905984,0.0392156862745098,0.03839869281045752,0.03211412770236299,0.026520864756158873,0.026835093011563598,0.029223227752639518,0.02538964303670186,0.01985922574157868,0.018162393162393164,0.017219708396178986,0.016465560583207643,0.014768728004022121,0.013951734539969835,0.011437908496732025,0.014643036701860231,0.010495223730517847,0.00930115635997989,0.004084967320261438,0.002513826043237808,0.0028908999497234793,0.0026395173453996985,0.0017596782302664656,0.0011940673705379589,0.0011312217194570137,0.001005530417295123,0.0006913021618903972,0.001256913021618904,0.0005656108597285068,0.000942684766214178,0.0017596782302664656,0.011437908496732025
welding_0005_18-06-28_p1,0.08028513824884792,0.03535426267281106,0.015408986175115207,0.010944700460829493,0.009720622119815668,0.008496543778801843,0.00741647465437788,0.009072580645161291,0.010512672811059907,0.013824884792626729,0.013536866359447005,0.01144873271889401,0.012672811059907835,0.014400921658986175,0.029737903225806453,0.020881336405529954,0.01389688940092166,0.007632488479262673,0.007848502304147466,0.007776497695852535,0.008640552995391706,0.011736751152073732,0.009648617511520737,0.007776497695852535,0.011880760368663595,0.011304723502304147,0.016201036866359448,0.020089285714285716,0.018001152073732717,0.018721198156682026,0.022033410138248846,0.027289746543778803,0.029161866359447005,0.03261808755760369,0.038018433179723504,0.041402649769585256,0.04161866359447004,0.033842165898617514,0.031754032258064516,0.02707373271889401,0.021169354838709676,0.021817396313364056,0.016993087557603686,0.014904953917050691,0.01476094470046083,0.014112903225806451,0.010368663594470046,0.01310483870967742,0.01317684331797235,0.012168778801843317,0.007776497695852535,0.004608294930875576,0.0038882488479262674,0.002376152073732719,0.0015120967741935483,0.002232142857142857,0.0017281105990783411,0.0012240783410138248,0.0021601382488479265,0.0015841013824884793,0.0009360599078341013,0.001152073732718894,0.0018721198156682027,0.0146889400921659
welding_0005_18-06-28_p2,0.03460837887067395,0.04644808743169399,0.016241651487553126,0.018518518518518517,0.013812993321190042,0.012143290831815421,0.017304189435336976,0.017152398299939284,0.018973891924711595,0.014875531268973893,0.01791135397692775,0.013964784456587736,0.013812993321190042,0.013054037644201578,0.010625379477838493,0.015786278081360048,0.016545233758348512,0.014875531268973893,0.018366727383120826,0.02079538554948391,0.01426836672738312,0.018518518518518517,0.014875531268973893,0.015179113539769277,0.013357619914996965,0.017152398299939284,0.016241651487553126,0.01927747419550698,0.020947176684881604,0.02792956891317547,0.025500910746812388,0.021706132361870068,0.028081360048573163,0.02459016393442623,0.02792956891317547,0.0230722525804493,0.02625986642380085,0.02565270188221008,0.02398299939283546,0.023831208257437765,0.02200971463266545,0.024438372799028538,0.02079538554948391,0.016545233758348512,0.0147237401335762,0.017759562841530054,0.01927747419550698,0.0147237401335762,0.011080752884031573,0.010321797207043109,0.005919854280510018,0.006375227686703097,0.0025804493017607772,0.0028840315725561626,0.0025804493017607772,0.0015179113539769277,0.0010625379477838493,0.0007589556769884638,0.0009107468123861566,0.0010625379477838493,0.0009107468123861566,0.0006071645415907711,0.0016697024893746206,0.005312689738919247
welding_0005_18-06-28_p3,0.005537325676784249,0.003896636587366694,0.003896636587366694,0.004306808859721083,0.005742411812961444,0.004614438063986874,0.007280557834290402,0.006562756357670222,0.007383100902378999,0.008408531583264971,0.006665299425758818,0.009331419196062346,0.007793273174733388,0.01138228055783429,0.010869565217391304,0.006357670221493027,0.008613617719442166,0.007280557834290402,0.0061525840853158325,0.006357670221493027,0.005947497949138638,0.005639868744872847,0.003999179655455291,0.005332239540607055,0.004204265791632486,0.004922067268252666,0.005434782608695652,0.005229696472518457,0.0050246103363412635,0.005229696472518457,0.004922067268252666,0.003896636587366694,0.0037940935192780968,0.005742411812961444,0.004922067268252666,0.006050041017227235,0.004922067268252666,0.007178014766201805,0.010561936013125512,0.012920426579163249,0.01210008203445447,0.014458572600492207,0.01179245283018868,0.016304347826086956,0.016714520098441345,0.029224774405250203,0.04799015586546349,0.049118129614438066,0.05291222313371616,0.05598851517637408,0.07844544708777687,0.09731337161607875,0.0848031173092699,0.029634946677604593,0.021123872026251024,0.01948318293683347,0.015484003281378179,0.011484823625922888,0.01435602953240361,0.010972108285479901,0.008305988515176374,0.00810090237899918,0.007280557834290402,0.032301066447908124
welding_0005_18-19-55_p0,0.0024447278911564627,0.003720238095238095,0.003932823129251701,0.004570578231292517,0.006802721088435374,0.00860969387755102,0.013392857142857142,0.0116921768707483,0.008928571428571428,0.007121598639455782,0.006909013605442177,0.01020408163265306,0.01009778911564626,0.011904761904761904,0.009991496598639456,0.009460034013605442,0.00977891156462585,0.011160714285714286,0.010735544217687075,0.012011054421768707,0.012755102040816327,0.012223639455782313,0.012223639455782313,0.012436224489795918,0.01286139455782313,0.01594387755102041,0.011160714285714286,0.009566326530612245,0.007653061224489796,0.006696428571428571,0.007971938775510204,0.00744047619047619,0.006377551020408163,0.009672619047619048,0.008078231292517007,0.008290816326530613,0.009034863945578231,0.009991496598639456,0.00860969387755102,0.008397108843537416,0.007227891156462585,0.007546768707482993,0.007971938775510204,0.008822278911564625,0.007759353741496599,0.007865646258503401,0.007121598639455782,0.010841836734693877,0.01009778911564626,0.013499149659863945,0.013818027210884353,0.016900510204081634,0.021045918367346938,0.03273809523809524,0.06568877551020408,0.05665391156462585,0.09077380952380952,0.04804421768707483,0.03369472789115646,0.02465986394557823,0.02923044217687075,0.022534013605442178,0.021789965986394558,0.0628188775510204
welding_0005_18-19-55_p1,5.060728744939271e-05,0.0,5.060728744939271e-05,0.0,0.00020242914979757084,0.00015182186234817814,0.0012145748987854252,0.0011133603238866396,0.001568825910931174,0.0018218623481781376,0.0032388663967611335,0.00465587044534413,0.003896761133603239,0.004402834008097166,0.00541497975708502,0.004807692307692308,0.005668016194331984,0.005364372469635627,0.006275303643724696,0.008097165991902834,0.007338056680161943,0.005668016194331984,0.0071356275303643725,0.0075910931174089065,0.00784412955465587,0.010323886639676113,0.0125,0.012651821862348178,0.013866396761133604,0.015587044534412956,0.017611336032388663,0.017054655870445343,0.020091093117408906,0.018927125506072874,0.02145748987854251,0.023380566801619432,0.024544534412955465,0.0270748987854251,0.034159919028340084,0.04048582995951417,0.05420040485829959,0.05101214574898785,0.04924089068825911,0.034058704453441294,0.03203441295546559,0.029149797570850202,0.026012145748987855,0.023178137651821862,0.019686234817813765,0.018977732793522266,0.017965587044534412,0.016295546558704452,0.015587044534412956,0.014321862348178137,0.013512145748987854,0.011690283400809716,0.01325910931174089,0.011791497975708502,0.011133603238866396,0.01062753036437247,0.010526315789473684,0.011892712550607287,0.01695344129554656,0.08360323886639676
welding_0005_18-19-55_p2,0.0,0.0,0.00040769732550554466,0.0009784735812133072,0.0017938682322243965,0.003424657534246575,0.0029354207436399216,0.00228310502283105,0.0029354207436399216,0.004892367906066536,0.0042400521852576645,0.00611545988258317,0.008480104370515329,0.00921395955642531,0.0091324200913242,0.007909328114807566,0.0077462491846053486,0.012883235485975211,0.012720156555772993,0.014921722113502935,0.018101761252446183,0.018917155903457272,0.018509458577951728,0.022423352902804956,0.02592954990215264,0.028783431180691453,0.030903457273320285,0.03147423352902805,0.031066536203522503,0.026500326157860403,0.028538812785388126,0.03269732550554468,0.03440965427266797,0.028783431180691453,0.025032615786040442,0.02592954990215264,0.025032615786040442,0.021037181996086105,0.024869536855838224,0.02813111545988258,0.028783431180691453,0.027071102413568165,0.023075668623613828,0.026908023483365948,0.025521852576647096,0.028049575994781473,0.023891063274624917,0.020384866275277233,0.016470971950424004,0.014350945857795172,0.014350945857795172,0.01141552511415525,0.008887801696020874,0.007827788649706457,0.006767775603392041,0.0045662100456621,0.0041585127201565555,0.0030169602087410305,0.0027723418134377037,0.0042400521852576645,0.0032615786040443573,0.0054631441617742985,0.007257012393998695,0.04142204827136334
welding_0005_18-35-42_p0,0.011904761904761904,0.01679421768707483,0.015660430839002266,0.014526643990929705,0.01225907029478458,0.013747165532879819,0.015376984126984126,0.015447845804988663,0.01707766439909297,0.021541950113378686,0.028273809523809524,0.03110827664399093,0.022534013605442178,0.021045918367346938,0.016581632653061226,0.016156462585034014,0.013959750566893425,0.01225907029478458,0.014526643990929705,0.012755102040816327,0.013463718820861678,0.013676303854875284,0.013392857142857142,0.015093537414965986,0.015306122448979591,0.016156462585034014,0.016156462585034014,0.013818027210884353,0.012825963718820861,0.015235260770975057,0.015660430839002266,0.014810090702947845,0.015093537414965986,0.01764455782312925,0.018849206349206348,0.014951814058956917,0.014951814058956917,0.015660430839002266,0.015306122448979591,0.016865079365079364,0.018140589569160998,0.017928004535147393,0.01636904761904762,0.019628684807256234,0.018920068027210885,0.017573696145124718,0.019982993197278913,0.021045918367346938,0.023100907029478458,0.021258503401360544,0.023030045351473922,0.018282312925170068,0.014384920634920634,0.01870748299319728,0.02239229024943311,0.01764455782312925,0.010841836734693877,0.008503401360544218,0.005810657596371882,0.003826530612244898,0.0022675736961451248,0.0011337868480725624,0.0013463718820861678,0.009424603174603174
welding_0005_18-35-42_p1,0.02160737812911726,0.020421607378129116,0.018247694334650857,0.01225296442687747,0.008959156785243741,0.011133069828722003,0.011067193675889328,0.010144927536231883,0.011198945981554678,0.010869565217391304,0.011067193675889328,0.010671936758893281,0.011989459815546772,0.015876152832674573,0.01772068511198946,0.01699604743083004,0.012845849802371542,0.012779973649538867,0.013438735177865613,0.011989459815546772,0.012187088274044796,0.011133069828722003,0.010342555994729908,0.008959156785243741,0.008563899868247694,0.010408432147562582,0.010474308300395257,0.013504611330698288,0.009815546772068511,0.011198945981554678,0.012779973649538867,0.012845849802371542,0.013175230566534914,0.012582345191040843,0.011791831357048749,0.0113965744400527,0.012318840579710146,0.01310935441370224,0.014361001317523056,0.01396574440052701,0.012977602108036891,0.012845849802371542,0.012911725955204217,0.015876152832674573,0.015942028985507246,0.017654808959156786,0.017918313570487482,0.016666666666666666,0.022002635046113307,0.02266139657444005,0.020223978919631094,0.01930171277997365,0.020289855072463767,0.021541501976284586,0.023122529644268773,0.01956521739130435,0.021014492753623187,0.027865612648221343,0.0308300395256917,0.01699604743083004,0.012714097496706192,0.009815546772068511,0.008761528326745718,0.07430830039525692
welding_0005_18-35-42_p2,0.014025389025389025,0.025969150969150968,0.02218127218127218,0.03163390663390663,0.03200928200928201,0.04412366912366912,0.030064155064155065,0.013923013923013924,0.012933387933387934,0.014298389298389298,0.014025389025389025,0.014912639912639913,0.015663390663390665,0.015151515151515152,0.014571389571389572,0.015253890253890253,0.013854763854763854,0.01678951678951679,0.018018018018018018,0.013888888888888888,0.014025389025389025,0.013411138411138411,0.012216762216762217,0.013342888342888343,0.011977886977886978,0.01109063609063609,0.011022386022386022,0.009657384657384657,0.010647010647010647,0.011636636636636636,0.01109063609063609,0.010954135954135955,0.011807261807261807,0.011773136773136773,0.011295386295386295,0.011875511875511875,0.01324051324051324,0.012421512421512421,0.014742014742014743,0.012796887796887797,0.013786513786513787,0.013547638547638548,0.014298389298389298,0.015185640185640186,0.013581763581763582,0.01231913731913732,0.01190963690963691,0.012353262353262354,0.014434889434889435,0.014469014469014468,0.013342888342888343,0.015561015561015561,0.014332514332514333,0.013377013377013377,0.013001638001638002,0.013411138411138411,0.011193011193011193,0.01132951132951133,0.009998634998634999,0.009793884793884794,0.008940758940758941,0.007678132678132678,0.009520884520884522,0.07831695331695332
welding_0005_18-35-42_p3,0.013142857142857144,0.02554285714285714,0.020457142857142858,0.019885714285714284,0.01662857142857143,0.01622857142857143,0.01634285714285714,0.0168,0.019142857142857142,0.026514285714285716,0.0324,0.03325714285714286,0.023542857142857143,0.020457142857142858,0.016057142857142857,0.016057142857142857,0.017028571428571428,0.014914285714285715,0.013657142857142857,0.011428571428571429,0.012057142857142857,0.013885714285714286,0.012914285714285715,0.01537142857142857,0.013885714285714286,0.012628571428571428,0.013942857142857142,0.01302857142857143,0.010914285714285715,0.011485714285714285,0.012,0.012685714285714286,0.010685714285714286,0.0136,0.01502857142857143,0.014685714285714286,0.014342857142857143,0.013942857142857142,0.013942857142857142,0.016,0.013771428571428572,0.014742857142857143,0.013085714285714286,0.0152,0.01502857142857143,0.014171428571428571,0.012457142857142858,0.014057142857142857,0.0148,0.014628571428571428,0.014742857142857143,0.012571428571428572,0.0124,0.012571428571428572,0.014457142857142858,0.010857142857142857,0.012742857142857143,0.012342857142857143,0.008514285714285714,0.008742857142857142,0.00902857142857143,0.0068,0.0064,0.05937142857142857
welding_0005_18-35-42_p4,9.674922600619196e-05,0.0003869969040247678,0.0003869969040247678,0.001934984520123839,0.0027089783281733747,0.0042569659442724455,0.007062693498452012,0.006578947368421052,0.006578947368421052,0.009094427244582043,0.008030185758513933,0.010158668730650154,0.012287151702786377,0.017608359133126934,0.017705108359133127,0.01983359133126935,0.021671826625386997,0.030572755417956655,0.0360874613003096,0.03811919504643963,0.029992260061919504,0.026122291021671826,0.02786377708978328,0.02931501547987616,0.036571207430340556,0.04015092879256966,0.0348297213622291,0.036280959752321984,0.031443498452012386,0.03202399380804954,0.02970201238390093,0.023993808049535603,0.023510061919504645,0.02138157894736842,0.016737616099071206,0.013641640866873065,0.01093266253869969,0.010352167182662539,0.007352941176470588,0.009481424148606811,0.007643188854489164,0.007159442724458205,0.0055147058823529415,0.007256191950464396,0.010545665634674923,0.01093266253869969,0.01044891640866873,0.008997678018575851,0.010352167182662539,0.01190015479876161,0.01344814241486068,0.013254643962848298,0.014222136222910216,0.013641640866873065,0.013254643962848298,0.011996904024767802,0.01190015479876161,0.012287151702786377,0.01141640866873065,0.007739938080495356,0.004063467492260062,0.0031927244582043344,0.004353715170278638,0.031636996904024765
welding_0005_18-35-42_p5,0.00040064102564102563,0.001201923076923077,0.001001602564102564,0.0026041666666666665,0.0035056089743589745,0.004106570512820513,0.007211538461538462,0.008413461538461538,0.008814102564102564,0.012319711538461538,0.01171875,0.01422275641025641,0.013421474358974358,0.016125801282051284,0.017928685897435896,0.020232371794871796,0.021334134615384616,0.028545673076923076,0.030749198717948716,0.03485576923076923,0.035056089743589744,0.03125,0.030448717948717948,0.03064903846153846,0.03245192307692308,0.03315304487179487,0.03125,0.029346955128205128,0.024138621794871796,0.023838141025641024,0.023137019230769232,0.020933493589743588,0.02123397435897436,0.021534455128205128,0.017027243589743588,0.015925480769230768,0.015124198717948718,0.014923878205128206,0.014022435897435898,0.014423076923076924,0.012319711538461538,0.011017628205128206,0.010516826923076924,0.01201923076923077,0.012720352564102564,0.011217948717948718,0.01061698717948718,0.01201923076923077,0.010216346153846154,0.009715544871794872,0.012419871794871794,0.013321314102564102,0.013221153846153846,0.012319711538461538,0.01141826923076923,0.010016025641025642,0.010416666666666666,0.00891426282051282,0.010216346153846154,0.007111378205128205,0.0033052884615384615,0.002704326923076923,0.004607371794871795,0.02904647435897436
welding_0005_18-35-42_p6,0.03316498316498317,0.04132996632996633,0.021885521885521887,0.01818181818181818,0.0148989898989899,0.014814814814814815,0.016077441077441076,0.017760942760942762,0.01632996632996633,0.012626262626262626,0.012457912457912458,0.011363636363636364,0.008585858585858586,0.009932659932659932,0.011531986531986532,0.008417508417508417,0.010606060606060607,0.010185185185185186,0.009764309764309764,0.00867003367003367,0.01069023569023569,0.011447811447811448,0.009511784511784511,0.010185185185185186,0.010942760942760943,0.010016835016835016,0.010353535353535354,0.0117003367003367,0.012037037037037037,0.012457912457912458,0.013552188552188552,0.015404040404040404,0.014814814814814815,0.013468013468013467,0.01616161616161616,0.0117003367003367,0.010774410774410775,0.013215488215488215,0.011868686868686869,0.011363636363636364,0.012205387205387205,0.011784511784511785,0.010606060606060607,0.010437710437710438,0.009848484848484848,0.008333333333333333,0.010942760942760943,0.01127946127946128,0.010353535353535354,0.010942760942760943,0.013047138047138047,0.014393939393939395,0.015656565656565657,0.017676767676767676,0.021885521885521887,0.04250841750841751,0.04461279461279461,0.025336700336700338,0.020622895622895623,0.018855218855218854,0.017003367003367003,0.015993265993265993,0.014814814814814815,0.06060606060606061
welding_0006_17-38-16_p0,0.0006755097027757308,0.003930238270695161,0.0038074183247359373,0.0041451731761238024,0.005189142716777204,0.005956767379022353,0.007737656595431098,0.012711864406779662,0.01347948906902481,0.013633014001473839,0.014339228690739376,0.012926799312208302,0.010470400393023827,0.010009825595676737,0.01028617047408499,0.012067059690493737,0.012742569393269468,0.015782363055760255,0.015874478015229673,0.016181527880127732,0.015198968312453943,0.013203144190616556,0.012619749447310244,0.012312699582412184,0.011944239744534513,0.01218987963645296,0.013878653893392287,0.01605870793416851,0.01900638663718988,0.020603045934659787,0.01848440186686318,0.017624662245148612,0.018208056988454926,0.017993122083026284,0.027143208056988454,0.019743306312945224,0.01507614836649472,0.014124293785310734,0.014400638663718988,0.013602309014984033,0.015413903217882585,0.015168263325964137,0.02262957504298698,0.02262957504298698,0.0237656595431098,0.023612134610660772,0.025485138786538936,0.03785924834193073,0.02407270940800786,0.01719479243429133,0.01854581183984279,0.023642839597150578,0.029630311962662737,0.031748956030459345,0.02619135347580447,0.03414394497666421,0.023305084745762712,0.015352493244902973,0.010562515352493244,0.007338491771063621,0.006601572095308278,0.004759272905919922,0.003991648243674773,0.010992385163350528
welding_0006_17-38-16_p1,7.817385866166354e-05,0.0010162601626016261,0.0011726078799249532,0.0008599124452782989,0.002188868042526579,0.002736085053158224,0.005472170106316448,0.014853033145716073,0.015322076297686053,0.009615384615384616,0.007661038148843027,0.008364602876798,0.007817385866166354,0.008286429018136336,0.00883364602876798,0.01282051282051282,0.01657285803627267,0.02181050656660413,0.024859287054409006,0.02321763602251407,0.020247029393370856,0.016025641025641024,0.014540337711069419,0.015087554721701063,0.01344590368980613,0.014462163852407756,0.01915259537210757,0.026422764227642278,0.033849280800500314,0.03470919324577861,0.025797373358348967,0.02032520325203252,0.027204502814258912,0.0358036272670419,0.037836147592245156,0.033614759224515324,0.030331457160725453,0.03142589118198874,0.03353658536585366,0.03424015009380863,0.03072232645403377,0.027048155096935585,0.02407754846779237,0.025953721075672294,0.03830519074421514,0.033614759224515324,0.021185115697310818,0.01172607879924953,0.008442776735459663,0.00617573483427142,0.005472170106316448,0.0046122576610381485,0.0036741713570981865,0.004455909943714822,0.005237648530331457,0.0020325203252032522,0.0017979987492182615,0.0013289555972482803,0.0017979987492182615,0.0012507817385866166,0.001876172607879925,0.0010944340212632896,0.0023452157598499064,0.024155722326454035
welding_0006_17-38-16_p2,0.008507462686567165,0.010597014925373134,0.007014925373134328,0.007313432835820896,0.008208955223880597,0.010597014925373134,0.013582089552238805,0.016940298507462686,0.01671641791044776,0.01208955223880597,0.011940298507462687,0.01328358208955224,0.013134328358208954,0.012164179104477611,0.013059701492537313,0.011119402985074626,0.009850746268656717,0.00917910447761194,0.01082089552238806,0.010597014925373134,0.0073880597014925374,0.006567164179104477,0.0075373134328358205,0.0055223880597014925,0.007761194029850746,0.008283582089552238,0.006492537313432836,0.004701492537313433,0.005597014925373134,0.009626865671641791,0.0075373134328358205,0.007761194029850746,0.01171641791044776,0.015522388059701492,0.014850746268656716,0.015671641791044775,0.015223880597014926,0.01701492537313433,0.023656716417910447,0.021865671641791044,0.027014925373134328,0.03604477611940299,0.05492537313432836,0.06067164179104478,0.044477611940298506,0.0705223880597015,0.047238805970149254,0.03164179104477612,0.03052238805970149,0.028059701492537312,0.01708955223880597,0.013805970149253732,0.013432835820895522,0.011865671641791045,0.012014925373134328,0.008955223880597015,0.0070895522388059705,0.004925373134328359,0.004253731343283582,0.004104477611940298,0.00417910447761194,0.0030597014925373136,0.0027611940298507462,0.014328358208955224
welding_0006_17-38-16_p3,0.00010869565217391305,0.00010869565217391305,0.0005434782608695652,0.00032608695652173916,0.0002173913043478261,0.0008695652173913044,0.0014130434782608696,0.0010869565217391304,0.0014130434782608696,0.0017391304347826088,0.002826086956521739,0.0025,0.003043478260869565,0.0026086956521739132,0.003260869565217391,0.002934782608695652,0.00608695652173913,0.00826086956521739,0.007173913043478261,0.007391304347826087,0.009021739130434782,0.009130434782608696,0.015869565217391305,0.01532608695652174,0.015217391304347827,0.014130434782608696,0.01217391304347826,0.013478260869565217,0.015217391304347827,0.012608695652173913,0.01652173913043478,0.01391304347826087,0.014782608695652174,0.013804347826086957,0.01391304347826087,0.013695652173913043,0.015434782608695652,0.01858695652173913,0.02032608695652174,0.02032608695652174,0.016304347826086956,0.02467391304347826,0.027391304347826086,0.0316304347826087,0.030869565217391304,0.04152173913043478,0.051304347826086956,0.043478260869565216,0.045108695652173916,0.05217391304347826,0.04565217391304348,0.029347826086956522,0.0225,0.021956521739130434,0.019021739130434784,0.019021739130434784,0.016739130434782607,0.012826086956521739,0.011195652173913044,0.007717391304347826,0.007065217391304348,0.0044565217391304346,0.005760869565217391,0.06489130434782608
welding_0006_17-38-16_p4,0.0,0.00042735042735042735,0.0,0.0,0.002564102564102564,0.002564102564102564,0.004700854700854701,0.007692307692307693,0.009401709401709401,0.00641025641025641,0.011965811965811967,0.011965811965811967,0.012393162393162393,0.01452991452991453,0.009829059829059829,0.012393162393162393,0.010256410256410256,0.011965811965811967,0.01452991452991453,0.008974358974358974,0.01623931623931624,0.01581196581196581,0.01623931623931624,0.020512820512820513,0.014957264957264958,0.017948717948717947,0.008974358974358974,0.011111111111111112,0.009401709401709401,0.011965811965811967,0.011538461538461539,0.009829059829059829,0.011538461538461539,0.007692307692307693,0.009401709401709401,0.008974358974358974,0.00811965811965812,0.005982905982905983,0.011538461538461539,0.009401709401709401,0.009829059829059829,0.019230769230769232,0.018376068376068377,0.01752136752136752,0.013675213675213675,0.015384615384615385,0.013247863247863248,0.015384615384615385,0.01452991452991453,0.014957264957264958,0.014102564102564103,0.019658119658119658,0.01282051282051282,0.010256410256410256,0.017948717948717947,0.02094017094017094,0.019230769230769232,0.019230769230769232,0.023931623931623933,0.01581196581196581,0.018803418803418803,0.03034188034188034,0.029487179487179487,0.20555555555555555
welding_0006_17-38-21_p0,0.004561143984220907,0.00628698224852071,0.008752465483234714,0.009492110453648915,0.009368836291913214,0.015285996055226824,0.016025641025641024,0.01775147928994083,0.016518737672583828,0.022066074950690337,0.021942800788954636,0.026997041420118342,0.027120315581854043,0.03069526627218935,0.03537968441814596,0.03229783037475345,0.038584812623274165,0.029832347140039447,0.022189349112426034,0.01873767258382643,0.021572978303747534,0.019970414201183433,0.024161735700197237,0.02440828402366864,0.02477810650887574,0.01960059171597633,0.019354043392504933,0.01824457593688363,0.01664201183431953,0.014176528599605522,0.01861439842209073,0.014669625246548324,0.014669625246548324,0.01319033530571992,0.013929980276134122,0.011094674556213017,0.011464497041420118,0.01171104536489152,0.009492110453648915,0.009245562130177515,0.010231755424063117,0.009738658777120315,0.008875739644970414,0.008505917159763314,0.012080867850098619,0.009122287968441814,0.011341222879684419,0.014669625246548324,0.016395463510848127,0.01910749506903353,0.01886094674556213,0.015532544378698224,0.01171104536489152,0.01245069033530572,0.013067061143984222,0.010231755424063117,0.008875739644970414,0.010355029585798817,0.008629191321499015,0.00641025641025641,0.005670611439842209,0.0033284023668639054,0.003821499013806706,0.010108481262327416
welding_0006_17-38-21_p1,0.003421309872922776,0.009897360703812317,0.012218963831867057,0.011608015640273705,0.010997067448680353,0.014418377321603127,0.015762463343108504,0.015151515151515152,0.016495601173020527,0.013440860215053764,0.013440860215053764,0.020650048875855326,0.021016617790811338,0.024926686217008796,0.029081133919843596,0.03519061583577713,0.041911045943304005,0.041544477028347994,0.033479960899315736,0.02761485826001955,0.02541544477028348,0.025171065493646137,0.03164711632453568,0.027126099706744868,0.02956989247311828,0.026148582600195504,0.02749266862170088,0.020405669599217986,0.019916911045943304,0.018206256109481917,0.015640273704789834,0.015884652981427175,0.01466275659824047,0.013318670576735093,0.014418377321603127,0.010508308895405669,0.010752688172043012,0.010263929618768328,0.011974584555229716,0.010386119257086998,0.00843108504398827,0.010874877810361682,0.009286412512218964,0.00855327468230694,0.00867546432062561,0.010752688172043012,0.009652981427174976,0.007820136852394917,0.009042033235581623,0.006720430107526882,0.008064516129032258,0.007331378299120235,0.007820136852394917,0.008308895405669599,0.010508308895405669,0.006964809384164223,0.0076979472140762464,0.009652981427174976,0.00855327468230694,0.009042033235581623,0.006231671554252199,0.005742913000977517,0.005620723362658847,0.01747311827956989
welding_0006_17-38-21_p2,0.004605263157894736,0.0042763157894736845,0.002631578947368421,0.001973684210526316,0.003947368421052632,0.002631578947368421,0.0029605263157894738,0.004934210526315789,0.004934210526315789,0.003618421052631579,0.006578947368421052,0.006578947368421052,0.008552631578947369,0.010526315789473684,0.006578947368421052,0.011842105263157895,0.014473684210526316,0.012828947368421053,0.010197368421052632,0.016776315789473684,0.016776315789473684,0.019078947368421053,0.015131578947368421,0.01611842105263158,0.014473684210526316,0.017105263157894738,0.018092105263157895,0.018092105263157895,0.022039473684210525,0.020723684210526314,0.0125,0.011842105263157895,0.017763157894736842,0.022697368421052633,0.028618421052631578,0.03256578947368421,0.037171052631578945,0.042105263157894736,0.05690789473684211,0.09572368421052632,0.07072368421052631,0.02138157894736842,0.019736842105263157,0.014802631578947368,0.012828947368421053,0.008881578947368421,0.010855263157894738,0.010526315789473684,0.008223684210526315,0.010197368421052632,0.0059210526315789476,0.007236842105263158,0.00625,0.006907894736842105,0.007894736842105263,0.0059210526315789476,0.008223684210526315,0.01118421052631579,0.004934210526315789,0.006578947368421052,0.006907894736842105,0.008223684210526315,0.006578947368421052,0.042105263157894736
welding_0006_17-38-21_p3,0.0035919540229885057,0.008500957854406131,0.006585249042145594,0.012452107279693486,0.016403256704980843,0.016163793103448277,0.017361111111111112,0.022868773946360152,0.02442528735632184,0.027059386973180076,0.03675766283524904,0.049688697318007666,0.048730842911877396,0.034482758620689655,0.03244731800766284,0.029813218390804596,0.02346743295019157,0.02310823754789272,0.018558429118773947,0.018558429118773947,0.018797892720306512,0.015684865900383142,0.01532567049808429,0.01329022988505747,0.01460727969348659,0.014008620689655173,0.014846743295019157,0.014367816091954023,0.01460727969348659,0.011853448275862068,0.010416666666666666,0.009099616858237548,0.011015325670498084,0.010296934865900383,0.009458812260536398,0.008141762452107279,0.009458812260536398,0.010057471264367816,0.01257183908045977,0.011254789272030651,0.011135057471264368,0.01424808429118774,0.01532567049808429,0.018917624521072797,0.01903735632183908,0.016403256704980843,0.014367816091954023,0.01293103448275862,0.01532567049808429,0.013050766283524905,0.014008620689655173,0.016762452107279693,0.01221264367816092,0.015565134099616858,0.012811302681992338,0.011254789272030651,0.010296934865900383,0.008740421455938696,0.006585249042145594,0.0031130268199233715,0.002274904214559387,0.0014367816091954023,0.0014367816091954023,0.01257183908045977
welding_0006_17-38-21_p4,0.0002990430622009569,0.00777511961722488,0.010964912280701754,0.012161084529505583,0.012161084529505583,0.01375598086124402,0.01555023923444976,0.013556618819776715,0.016248006379585327,0.011562998405103669,0.014154704944178628,0.018042264752791068,0.021431419457735246,0.023125996810207338,0.02412280701754386,0.02541866028708134,0.028708133971291867,0.025518341307814992,0.021431419457735246,0.01854066985645933,0.016048644338118024,0.01634768740031898,0.020534290271132377,0.017942583732057416,0.019936204146730464,0.019238437001594895,0.023923444976076555,0.020534290271132377,0.01684609250398724,0.017045454545454544,0.01594896331738437,0.016248006379585327,0.014553429027113238,0.015251196172248804,0.015749601275917065,0.016048644338118024,0.015450558213716109,0.014154704944178628,0.017643540669856458,0.018341307814992026,0.015151515151515152,0.017045454545454544,0.01634768740031898,0.017743221690590113,0.01903907496012759,0.020434609250398725,0.017344497607655503,0.014553429027113238,0.01425438596491228,0.014055023923444977,0.012958532695374801,0.013855661881977671,0.01375598086124402,0.009270334928229665,0.009569377990430622,0.009768740031897927,0.006479266347687401,0.009968102073365232,0.007077352472089314,0.010865231259968102,0.007077352472089314,0.006080542264752791,0.006479266347687401,0.02850877192982456
welding_0006_17-38-21_p5,0.0027685492801771874,0.005813953488372093,0.01153562200073828,0.019933554817275746,0.027316352897748246,0.026116648209671467,0.02574750830564784,0.02131782945736434,0.02233296419342931,0.019933554817275746,0.02353266888150609,0.025839793281653745,0.02593207825765965,0.02916205241786637,0.031100036913990402,0.03571428571428571,0.034699150978220746,0.027500922849760058,0.026578073089700997,0.027777777777777776,0.017811000369139903,0.016057585825027684,0.01670358065706903,0.01568844592100406,0.014027316352897749,0.01199704688076781,0.017718715393133997,0.016426725729051312,0.015780730897009966,0.015596160944998154,0.013104466592838687,0.011720191952750092,0.015596160944998154,0.013196751568844593,0.01347360649686231,0.01448874123292728,0.016057585825027684,0.016795865633074936,0.015873015873015872,0.01698043558508675,0.015780730897009966,0.01614987080103359,0.01448874123292728,0.013196751568844593,0.015780730897009966,0.014119601328903655,0.01347360649686231,0.01347360649686231,0.011258767072720562,0.010889627168696936,0.00932078257659653,0.009966777408637873,0.007751937984496124,0.006459948320413436,0.005537098560354375,0.006459948320413436,0.004245108896271687,0.004614248800295312,0.004245108896271687,0.004706533776301218,0.003137689184200812,0.002676264304171281,0.002583979328165375,0.013935031376891841
welding_0006_17-38-21_p6,0.020526960784313725,0.017769607843137254,0.01838235294117647,0.018995098039215685,0.01838235294117647,0.018688725490196078,0.014093137254901961,0.015625,0.013480392156862746,0.013174019607843137,0.018075980392156864,0.02297794117647059,0.01715686274509804,0.009497549019607842,0.004901960784313725,0.012254901960784314,0.013480392156862746,0.015318627450980392,0.013480392156862746,0.010723039215686275,0.013174019607843137,0.007965686274509803,0.008884803921568627,0.009191176470588236,0.013786764705882353,0.011642156862745098,0.013786764705882353,0.015931372549019607,0.013480392156862746,0.011029411764705883,0.012561274509803922,0.014705882352941176,0.014399509803921568,0.011948529411764705,0.011029411764705883,0.01011029411764706,0.011642156862745098,0.013786764705882353,0.012561274509803922,0.013786764705882353,0.011642156862745098,0.013174019607843137,0.01133578431372549,0.011948529411764705,0.009497549019607842,0.014705882352941176,0.00980392156862745,0.00857843137254902,0.011948529411764705,0.016544117647058824,0.0196078431372549,0.0196078431372549,0.02542892156862745,0.01838235294117647,0.0272671568627451,0.02849264705882353,0.01838235294117647,0.014399509803921568,0.01685049019607843,0.018688725490196078,0.009191176470588236,0.007352941176470588,0.012561274509803922,0.09221813725490197
welding_0006_17-38-21_p7,0.00429828068772491,0.006197520991603359,0.008296681327469012,0.01879248300679728,0.022890843662534986,0.023190723710515795,0.018392642942822873,0.013994402239104359,0.012794882047181128,0.014694122351059576,0.013994402239104359,0.013094762095161935,0.01759296281487405,0.01799280287884846,0.01869252299080368,0.022690923630547782,0.021691323470611756,0.022391043582566973,0.025689724110355857,0.02578968412634946,0.020191923230707717,0.02149140343862455,0.02229108356657337,0.015393842463014795,0.014894042383046781,0.015393842463014795,0.01529388244702119,0.013094762095161935,0.01289484206317473,0.014994002399040383,0.012994802079168333,0.012694922031187526,0.013994402239104359,0.014194322271091563,0.015593762495002,0.01679328268692523,0.017393042782886847,0.016893242702918834,0.020191923230707717,0.019992003198720514,0.020891643342662934,0.02059176329468213,0.016993202718912435,0.014594162335065974,0.016693322670931626,0.018592562974810076,0.020091963214714115,0.018192722910835665,0.02109156337465014,0.022890843662534986,0.024290283886445423,0.028788484606157537,0.022391043582566973,0.017093162734906037,0.010095961615353859,0.006897241103558577,0.005397840863654539,0.004198320671731308,0.00429828068772491,0.003598560575769692,0.003198720511795282,0.0032986805277888847,0.0018992403038784486,0.004098360655737705
welding_0006_17-38-21_p8,0.018467852257181942,0.016415868673050615,0.015389876880984952,0.018467852257181942,0.019493844049247606,0.016415868673050615,0.016415868673050615,0.016415868673050615,0.013337893296853625,0.012995896032831737,0.02222982216142271,0.0253077975376197,0.02051983584131327,0.010259917920656635,0.00786593707250342,0.016073871409028728,0.012311901504787962,0.015047879616963064,0.011627906976744186,0.010601915184678522,0.01094391244870041,0.008207934336525308,0.011285909712722298,0.008891928864569083,0.014705882352941176,0.014363885088919288,0.013337893296853625,0.012311901504787962,0.014705882352941176,0.008891928864569083,0.009575923392612859,0.013679890560875513,0.01744186046511628,0.011969904240766074,0.012995896032831737,0.012995896032831737,0.01094391244870041,0.013337893296853625,0.011969904240766074,0.011627906976744186,0.010259917920656635,0.011969904240766074,0.012995896032831737,0.01744186046511628,0.0140218878248974,0.019835841313269494,0.013679890560875513,0.010259917920656635,0.009575923392612859,0.011969904240766074,0.018125854993160054,0.0140218878248974,0.017783857729138167,0.015047879616963064,0.022571819425444596,0.019835841313269494,0.016757865937072503,0.012311901504787962,0.011969904240766074,0.011627906976744186,0.009575923392612859,0.010259917920656635,0.009233926128590971,0.11901504787961696
welding_0006_17-38-21_p9,0.0004716981132075472,0.004528301886792453,0.007264150943396226,0.011886792452830188,0.017358490566037735,0.01641509433962264,0.01660377358490566,0.015,0.018773584905660376,0.014622641509433962,0.019339622641509433,0.020188679245283017,0.02462264150943396,0.025849056603773585,0.027169811320754716,0.030754716981132076,0.03226415094339623,0.02207547169811321,0.017830188679245282,0.017169811320754718,0.01330188679245283,0.01339622641509434,0.016792452830188678,0.014905660377358491,0.015377358490566038,0.014339622641509434,0.019339622641509433,0.019433962264150943,0.01641509433962264,0.015849056603773583,0.016226415094339624,0.012547169811320754,0.01349056603773585,0.01330188679245283,0.01169811320754717,0.015943396226415094,0.016132075471698114,0.01660377358490566,0.017735849056603775,0.01971698113207547,0.01981132075471698,0.017264150943396228,0.018207547169811322,0.019245283018867923,0.024150943396226414,0.022924528301886793,0.0219811320754717,0.018207547169811322,0.016132075471698114,0.017641509433962265,0.015,0.017169811320754718,0.014433962264150944,0.009716981132075472,0.008867924528301888,0.008584905660377359,0.005283018867924529,0.007547169811320755,0.005471698113207547,0.007641509433962264,0.004528301886792453,0.0038679245283018866,0.004056603773584906,0.019528301886792453
welding_0006_17-38-21_p10,0.0006944444444444445,0.011805555555555555,0.011458333333333333,0.013888888888888888,0.011805555555555555,0.009722222222222222,0.009722222222222222,0.010069444444444445,0.012152777777777778,0.0125,0.016666666666666666,0.022222222222222223,0.018055555555555554,0.017708333333333333,0.02326388888888889,0.02361111111111111,0.029513888888888888,0.02638888888888889,0.027430555555555555,0.028125,0.02673611111111111,0.02048611111111111,0.027083333333333334,0.025347222222222222,0.027083333333333334,0.029166666666666667,0.035069444444444445,0.02638888888888889,0.029861111111111113,0.022569444444444444,0.019791666666666666,0.019791666666666666,0.013194444444444444,0.012847222222222222,0.0125,0.009027777777777777,0.008680555555555556,0.010069444444444445,0.014930555555555556,0.009722222222222222,0.012152777777777778,0.016319444444444445,0.011458333333333333,0.010416666666666666,0.011805555555555555,0.017361111111111112,0.010763888888888889,0.005902777777777778,0.010069444444444445,0.004166666666666667,0.008680555555555556,0.008333333333333333,0.007638888888888889,0.00798611111111111,0.010416666666666666,0.009027777777777777,0.011805555555555555,0.011805555555555555,0.012847222222222222,0.01423611111111111,0.010416666666666666,0.006944444444444444,0.006597222222222222,0.025694444444444443
welding_0006_18-06-29_p0,0.07868275515334339,0.05486425339366516,0.021241830065359478,0.014768728004022121,0.00942684766214178,0.010306686777275012,0.010683760683760684,0.009489693313222724,0.00773001508295626,0.008295625942684766,0.009175465057818,0.00930115635997989,0.008044243338360985,0.010935143288084464,0.012631975867269985,0.015397184514831574,0.024007038712921067,0.01822523881347411,0.019105077928607342,0.015774258421317244,0.012254901960784314,0.010809451985922574,0.011940673705379587,0.011877828054298642,0.010620915032679739,0.013323278029160382,0.016339869281045753,0.02055052790346908,0.021493212669683258,0.021178984414278533,0.024509803921568627,0.02721216691804927,0.030668677727501256,0.0353192559074912,0.04022121669180493,0.03324534942182001,0.029474610356963298,0.02840623428858723,0.02733785822021116,0.02608094519859226,0.018539467068878834,0.019482151835093012,0.014831573655103066,0.015145801910507793,0.015082956259426848,0.015774258421317244,0.01269482151835093,0.011186525892408246,0.0111236802413273,0.008547008547008548,0.004399195575666164,0.0026395173453996985,0.0030165912518853697,0.0029537456008044242,0.002513826043237808,0.0018225238813474108,0.0008798391151332328,0.00157114127702363,0.0006913021618903972,0.0005656108597285068,0.0005656108597285068,0.0011312217194570137,0.0011940673705379589,0.01269482151835093
welding_0006_18-06-29_p1,0.07454954954954955,0.043243243243243246,0.013513513513513514,0.010810810810810811,0.01066066066066066,0.008183183183183184,0.007957957957957958,0.00960960960960961,0.012162162162162163,0.012837837837837839,0.013813813813813814,0.012537537537537537,0.010735735735735736,0.012462462462462463,0.018993993993993995,0.025525525525525526,0.02072072072072072,0.01126126126126126,0.00915915915915916,0.008933933933933933,0.008558558558558558,0.010435435435435436,0.009309309309309309,0.008333333333333333,0.009009009009009009,0.011711711711711712,0.015915915915915915,0.018093093093093093,0.018468468468468467,0.017942942942942942,0.022597597597597597,0.02837837837837838,0.03198198198198198,0.03190690690690691,0.034684684684684684,0.03963963963963964,0.04144144144144144,0.03310810810810811,0.03265765765765766,0.026726726726726727,0.02057057057057057,0.021846846846846846,0.015765765765765764,0.01599099099099099,0.017267267267267267,0.013513513513513514,0.011936936936936936,0.011186186186186187,0.012537537537537537,0.01036036036036036,0.0075075075075075074,0.006906906906906907,0.004204204204204204,0.003003003003003003,0.0023273273273273273,0.002102102102102102,0.0007507507507507507,0.0018768768768768769,0.0015765765765765765,0.001951951951951952,0.0012012012012012011,0.0009009009009009009,0.0014264264264264265,0.014714714714714715
welding_0006_18-06-29_p2,0.026767676767676767,0.052904040404040405,0.02563131313131313,0.01628787878787879,0.015909090909090907,0.014015151515151515,0.01691919191919192,0.017424242424242425,0.019823232323232323,0.015909090909090907,0.017424242424242425,0.01994949494949495,0.01616161616161616,0.01919191919191919,0.016414141414141416,0.014141414141414142,0.012626262626262626,0.011616161616161616,0.0148989898989899,0.016414141414141416,0.01047979797979798,0.016414141414141416,0.0148989898989899,0.016035353535353535,0.01628787878787879,0.018055555555555554,0.022853535353535355,0.02070707070707071,0.02638888888888889,0.031691919191919195,0.026136363636363635,0.023106060606060606,0.02297979797979798,0.022853535353535355,0.02563131313131313,0.01994949494949495,0.021843434343434342,0.021338383838383837,0.024242424242424242,0.021717171717171718,0.014267676767676768,0.01792929292929293,0.018434343434343435,0.01717171717171717,0.018434343434343435,0.015909090909090907,0.013005050505050506,0.013888888888888888,0.012373737373737374,0.008838383838383838,0.00946969696969697,0.005555555555555556,0.005808080808080808,0.003787878787878788,0.0036616161616161618,0.002398989898989899,0.0015151515151515152,0.0008838383838383839,0.00101010101010101,0.0017676767676767678,0.001388888888888889,0.001388888888888889,0.0011363636363636363,0.005934343434343434
welding_0006_18-06-29_p3,0.003952991452991453,0.005128205128205128,0.00405982905982906,0.002777777777777778,0.0037393162393162395,0.003205128205128205,0.005128205128205128,0.004166666666666667,0.005662393162393162,0.005128205128205128,0.007371794871794872,0.008012820512820512,0.007692307692307693,0.009294871794871795,0.014102564102564103,0.011111111111111112,0.010256410256410256,0.007799145299145299,0.007585470085470085,0.007051282051282051,0.00641025641025641,0.004166666666666667,0.007051282051282051,0.004487179487179487,0.0054487179487179484,0.00438034188034188,0.003311965811965812,0.005876068376068376,0.005555555555555556,0.0057692307692307696,0.00405982905982906,0.0054487179487179484,0.005662393162393162,0.004700854700854701,0.006623931623931624,0.007692307692307693,0.006730769230769231,0.005982905982905983,0.011431623931623931,0.010897435897435897,0.011217948717948718,0.01688034188034188,0.013568376068376069,0.015705128205128205,0.020726495726495726,0.026495726495726495,0.034401709401709404,0.04700854700854701,0.04893162393162393,0.07051282051282051,0.08493589743589744,0.10170940170940171,0.08141025641025641,0.030555555555555555,0.023931623931623933,0.018055555555555554,0.01420940170940171,0.01014957264957265,0.009401709401709401,0.009081196581196582,0.009294871794871795,0.00876068376068376,0.00844017094017094,0.0297008547008547
welding_0006_18-06-29_p4,0.000925925925925926,0.001851851851851852,0.000925925925925926,0.001851851851851852,0.001851851851851852,0.003703703703703704,0.003703703703703704,0.012962962962962963,0.008333333333333333,0.013888888888888888,0.010185185185185186,0.014814814814814815,0.03333333333333333,0.025,0.021296296296296296,0.023148148148148147,0.022222222222222223,0.019444444444444445,0.020370370370370372,0.032407407407407406,0.025925925925925925,0.025925925925925925,0.016666666666666666,0.017592592592592594,0.017592592592592594,0.026851851851851852,0.024074074074074074,0.023148148148148147,0.025,0.013888888888888888,0.025925925925925925,0.012037037037037037,0.020370370370370372,0.013888888888888888,0.011111111111111112,0.01574074074074074,0.016666666666666666,0.017592592592592594,0.011111111111111112,0.027777777777777776,0.026851851851851852,0.012962962962962963,0.024074074074074074,0.020370370370370372,0.021296296296296296,0.019444444444444445,0.014814814814814815,0.018518518518518517,0.013888888888888888,0.028703703703703703,0.030555555555555555,0.02962962962962963,0.020370370370370372,0.018518518518518517,0.009259259259259259,0.011111111111111112,0.003703703703703704,0.003703703703703704,0.002777777777777778,0.000925925925925926,0.002777777777777778,0.000925925925925926,0.000925925925925926,0.002777777777777778
welding_0006_18-06-29_p5,0.0023148148148148147,0.0030864197530864196,0.006172839506172839,0.005401234567901234,0.0030864197530864196,0.005401234567901234,0.004629629629629629,0.006172839506172839,0.006944444444444444,0.010030864197530864,0.010802469135802469,0.013888888888888888,0.020833333333333332,0.020833333333333332,0.016203703703703703,0.023148148148148147,0.021604938271604937,0.018518518518518517,0.015432098765432098,0.021604938271604937,0.013117283950617283,0.018518518518518517,0.014660493827160493,0.009259259259259259,0.013888888888888888,0.018518518518518517,0.015432098765432098,0.021604938271604937,0.011574074074074073,0.013888888888888888,0.019290123456790122,0.020833333333333332,0.021604938271604937,0.014660493827160493,0.012345679012345678,0.018518518518518517,0.015432098765432098,0.022376543209876542,0.02700617283950617,0.024691358024691357,0.022376543209876542,0.027777777777777776,0.032407407407407406,0.021604938271604937,0.035493827160493825,0.032407407407407406,0.033179012345679014,0.035493827160493825,0.02854938271604938,0.02854938271604938,0.021604938271604937,0.024691358024691357,0.023148148148148147,0.016203703703703703,0.013117283950617283,0.006944444444444444,0.0023148148148148147,0.0023148148148148147,0.0007716049382716049,0.0007716049382716049,0.0,0.0,0.0,0.006944444444444444
welding_0006_18-19-56_p0,0.004130605822187254,0.0036388670338316285,0.0034421715184893785,0.003933910306845004,0.00481904012588513,0.0056058221872541305,0.0057041699449252555,0.0057041699449252555,0.008359559402045634,0.008064516129032258,0.007572777340676633,0.008949645948072384,0.009343036978756884,0.011703383162863887,0.00944138473642801,0.010129819040125885,0.010818253343823761,0.010523210070810385,0.012391817466561763,0.011703383162863887,0.014063729346970888,0.016719118804091267,0.013276947285601888,0.006982690794649882,0.008359559402045634,0.00924468922108576,0.007671125098347758,0.006490952006294256,0.006490952006294256,0.008556254917387884,0.008162863886703384,0.007966168371361134,0.008359559402045634,0.0053107789142407555,0.007769472856018883,0.006589299763965381,0.008457907159716758,0.007671125098347758,0.008162863886703384,0.007572777340676633,0.006982690794649882,0.007179386309992132,0.006589299763965381,0.007474429583005508,0.007867820613690008,0.00885129819040126,0.006687647521636507,0.00885129819040126,0.011506687647521637,0.01603068450039339,0.017604248623131393,0.021538158929976396,0.029602675059008654,0.03619197482297404,0.04799370574350905,0.06215578284815106,0.07120377655389457,0.056943351691581434,0.0470102281667978,0.03619197482297404,0.03225806451612903,0.026652242328874903,0.024193548387096774,0.07258064516129033
welding_0006_18-19-56_p1,0.00011098779134295228,0.0003329633740288568,0.0003329633740288568,0.001942286348501665,0.002053274139844617,0.0030521642619311877,0.0025527192008879024,0.004162042175360711,0.00388457269700333,0.004217536071032186,0.004439511653718091,0.005715871254162042,0.0058823529411764705,0.006159822419533851,0.006659267480577136,0.006437291897891232,0.007380688124306326,0.00804661487236404,0.008268590455049945,0.007991120976692564,0.010377358490566037,0.011709211986681465,0.01193118756936737,0.015427302996670366,0.013706992230854606,0.017591564927857937,0.01648168701442841,0.01648168701442841,0.016981132075471698,0.018201997780244172,0.020588235294117647,0.0244173140954495,0.022253052164261933,0.02286348501664817,0.024750277469478357,0.028412874583795784,0.030521642619311874,0.03257491675915649,0.03895671476137625,0.05077691453940067,0.04561598224195339,0.03912319644839068,0.030965593784683686,0.025194228634850168,0.023917869034406215,0.020310765815760266,0.02241953385127636,0.022530521642619313,0.022031076581576027,0.02158712541620422,0.020199778024417313,0.018423973362930078,0.019422863485016647,0.017203107658157604,0.016925638179800223,0.014483906770255272,0.011653718091009988,0.009378468368479467,0.009433962264150943,0.01004439511653718,0.007491675915649278,0.007602663706992231,0.006881243063263041,0.022530521642619313
welding_0006_18-19-56_p2,0.0,8.239947264337508e-05,0.0004943968358602505,0.0017303889255108767,0.0015655899802241265,0.002966381015161503,0.002966381015161503,0.0027191825972313777,0.0033783783783783786,0.0036255767963085037,0.005108767303889255,0.005603164139749505,0.006179960448253131,0.0077455504284772575,0.008404746209624258,0.008487145682267633,0.007663150955833883,0.007910349373764008,0.011041529334212262,0.012689518787079763,0.015655899802241267,0.016150296638101518,0.018375082399472643,0.019858272907053394,0.025214238628872777,0.028427818061964403,0.030899802241265657,0.03205339485827291,0.032218193803559655,0.03386618325642716,0.03872775214238629,0.03979894528675017,0.034607778510217534,0.03312458800263678,0.02933421226104153,0.0261206328279499,0.024719841793012523,0.024225444957152273,0.026450230718523402,0.026862228081740276,0.026038233355306525,0.027768622280817404,0.029746209624258405,0.0248022412656559,0.025214238628872777,0.0248022412656559,0.019034278180619642,0.01812788398154252,0.01441990771259064,0.015820698747528016,0.015573500329597891,0.012442320369149638,0.01054713249835201,0.007003955174686882,0.005932762030323006,0.00486156888595913,0.004614370468029005,0.0036255767963085037,0.0033783783783783786,0.0023071852340145024,0.0027191825972313777,0.0054383651944627555,0.005850362557679631,0.03287738958470666
welding_0006_18-19-56_p3,0.0,0.0,0.00010850694444444444,0.0003255208333333333,0.00043402777777777775,0.0,0.00043402777777777775,0.0010850694444444445,0.002387152777777778,0.0035807291666666665,0.003363715277777778,0.004014756944444444,0.005533854166666667,0.0048828125,0.005533854166666667,0.005642361111111111,0.007378472222222222,0.007269965277777778,0.006293402777777778,0.008897569444444444,0.007595486111111111,0.008463541666666666,0.013454861111111112,0.010199652777777778,0.013888888888888888,0.015082465277777778,0.020941840277777776,0.020941840277777776,0.021484375,0.0234375,0.022894965277777776,0.025824652777777776,0.0263671875,0.025933159722222224,0.025933159722222224,0.024305555555555556,0.027777777777777776,0.026041666666666668,0.028862847222222224,0.028862847222222224,0.027777777777777776,0.033854166666666664,0.03439670138888889,0.03331163194444445,0.033528645833333336,0.031684027777777776,0.03125,0.0263671875,0.024739583333333332,0.023220486111111112,0.019097222222222224,0.017795138888888888,0.016276041666666668,0.016710069444444444,0.016059027777777776,0.014539930555555556,0.012369791666666666,0.013237847222222222,0.011067708333333334,0.009548611111111112,0.011067708333333334,0.013129340277777778,0.008355034722222222,0.03515625
welding_0006_18-19-56_p4,0.0,0.00026041666666666666,0.0010416666666666667,0.0010416666666666667,0.0022569444444444442,0.003993055555555555,0.003298611111111111,0.005902777777777778,0.007118055555555555,0.0072048611111111115,0.008420138888888888,0.00920138888888889,0.010763888888888889,0.011024305555555556,0.008680555555555556,0.010590277777777778,0.009635416666666667,0.009027777777777777,0.010503472222222223,0.011458333333333333,0.012239583333333333,0.014496527777777778,0.013628472222222222,0.017100694444444446,0.021354166666666667,0.020225694444444445,0.024305555555555556,0.022395833333333334,0.019791666666666666,0.02378472222222222,0.024479166666666666,0.01970486111111111,0.021875,0.023697916666666666,0.02309027777777778,0.02109375,0.01987847222222222,0.020833333333333332,0.019791666666666666,0.01987847222222222,0.019270833333333334,0.015104166666666667,0.017881944444444443,0.015711805555555555,0.016319444444444445,0.019444444444444445,0.017881944444444443,0.017013888888888887,0.01840277777777778,0.01918402777777778,0.020052083333333335,0.01796875,0.019270833333333334,0.01987847222222222,0.020225694444444445,0.018489583333333334,0.017621527777777778,0.017100694444444446,0.01579861111111111,0.01640625,0.013194444444444444,0.012239583333333333,0.013975694444444445,0.06649305555555556
welding_0006_18-19-56_p5,0.008712121212121213,0.0030303030303030303,0.006060606060606061,0.00909090909090909,0.007954545454545454,0.010606060606060607,0.006439393939393939,0.00946969696969697,0.006439393939393939,0.014015151515151515,0.012121212121212121,0.012121212121212121,0.007196969696969697,0.006818181818181818,0.007575757575757576,0.007196969696969697,0.007196969696969697,0.015909090909090907,0.015151515151515152,0.0125,0.0125,0.008712121212121213,0.0026515151515151517,0.00909090909090909,0.008333333333333333,0.005303030303030303,0.009848484848484848,0.010227272727272727,0.006818181818181818,0.006439393939393939,0.005681818181818182,0.004924242424242424,0.006060606060606061,0.007954545454545454,0.006818181818181818,0.006060606060606061,0.007196969696969697,0.008333333333333333,0.00909090909090909,0.003787878787878788,0.007575757575757576,0.007575757575757576,0.007575757575757576,0.007575757575757576,0.013257575757575758,0.015909090909090907,0.014393939393939395,0.01893939393939394,0.020454545454545454,0.019318181818181818,0.022727272727272728,0.025757575757575757,0.03409090909090909,0.03939393939393939,0.03977272727272727,0.04659090909090909,0.06439393939393939,0.06212121212121212,0.04318181818181818,0.020454545454545454,0.030303030303030304,0.033712121212121214,0.023863636363636365,0.04962121212121212
welding_0006_18-19-56_p6,0.0,5.9101654846335695e-05,0.0001773049645390071,0.0001773049645390071,0.00011820330969267139,0.0015957446808510637,0.0017139479905437353,0.0020094562647754136,0.003486997635933806,0.0030141843971631206,0.0041962174940898345,0.005141843971631205,0.005673758865248227,0.005200945626477541,0.003959810874704491,0.006323877068557919,0.006264775413711584,0.0076832151300236405,0.0067966903073286055,0.007446808510638298,0.008037825059101654,0.007742316784869976,0.008628841607565012,0.009397163120567376,0.011111111111111112,0.01004728132387707,0.012884160756501182,0.012056737588652482,0.010342789598108746,0.010697399527186761,0.012943262411347517,0.011170212765957447,0.013770685579196218,0.013416075650118204,0.013593380614657211,0.011111111111111112,0.012470449172576833,0.012825059101654846,0.012647754137115838,0.014893617021276596,0.01400709219858156,0.015957446808510637,0.019326241134751773,0.019858156028368795,0.020921985815602836,0.022222222222222223,0.02198581560283688,0.019621749408983452,0.02157210401891253,0.023699763593380614,0.021631205673758865,0.022163120567375887,0.024704491725768322,0.024408983451536644,0.025,0.023817966903073286,0.023817966903073286,0.02009456264775414,0.019267139479905437,0.018203309692671393,0.01619385342789598,0.01660756501182033,0.02056737588652482,0.2235224586288416
welding_0006_18-35-43_p0,0.003074324324324324,0.00945945945945946,0.008378378378378378,0.008378378378378378,0.010574324324324324,0.023412162162162162,0.05652027027027027,0.057195945945945945,0.015810810810810812,0.013074324324324324,0.012905405405405405,0.012466216216216216,0.015304054054054054,0.017601351351351352,0.015135135135135135,0.012804054054054053,0.012972972972972972,0.016418918918918918,0.015472972972972973,0.01722972972972973,0.015574324324324325,0.017533783783783785,0.019324324324324325,0.01804054054054054,0.01597972972972973,0.013885135135135136,0.013817567567567567,0.01125,0.011959459459459459,0.012364864864864865,0.01179054054054054,0.01168918918918919,0.011858108108108108,0.010641891891891892,0.013614864864864865,0.014324324324324324,0.013344594594594595,0.012027027027027027,0.011486486486486487,0.011858108108108108,0.013851351351351352,0.014966216216216216,0.014898648648648649,0.014121621621621621,0.01418918918918919,0.012939189189189189,0.014020270270270271,0.014628378378378378,0.013817567567567567,0.013783783783783784,0.013344594594594595,0.013074324324324324,0.011993243243243244,0.011993243243243244,0.011385135135135135,0.01016891891891892,0.011013513513513514,0.01168918918918919,0.012195945945945946,0.01097972972972973,0.009898648648648648,0.010202702702702703,0.011587837837837837,0.0827027027027027
welding_0006_18-35-43_p1,0.01838235294117647,0.025608519269776878,0.022058823529411766,0.019016227180527385,0.018002028397565924,0.018255578093306288,0.019269776876267748,0.02231237322515213,0.02592545638945233,0.026749492900608518,0.030616125760649086,0.028017241379310345,0.02484787018255578,0.0232631845841785,0.019333164300202838,0.01591024340770791,0.016987829614604464,0.01584685598377282,0.012740872210953347,0.012994421906693712,0.012740872210953347,0.012867647058823529,0.01343813387423935,0.010585699797160243,0.011219574036511156,0.013247971602434077,0.011536511156186613,0.012233772819472617,0.011599898580121703,0.013057809330628804,0.012677484787018255,0.012867647058823529,0.012804259634888439,0.013311359026369169,0.01293103448275862,0.01242393509127789,0.012233772819472617,0.012867647058823529,0.013184584178498986,0.014008620689655173,0.014198782961460446,0.01483265720081136,0.01388184584178499,0.015593306288032455,0.014959432048681541,0.014959432048681541,0.01533975659229209,0.01343813387423935,0.012106997971602433,0.011980223123732252,0.013628296146044624,0.011599898580121703,0.010141987829614604,0.010205375253549696,0.011790060851926978,0.011029411764705883,0.010268762677484788,0.010712474645030426,0.011092799188640973,0.011599898580121703,0.007162778904665315,0.0077966531440162275,0.009127789046653144,0.05457657200811359
welding_0006_18-35-43_p2,0.0002787068004459309,0.0012077294685990338,0.001579338535860275,0.002229654403567447,0.002508361204013378,0.0039018952062430325,0.006038647342995169,0.007896692679301374,0.007339279078409513,0.008825715347454478,0.011612783351913786,0.011891490152359718,0.015235971757710888,0.018208844295800816,0.021274619100706056,0.020159791898922332,0.021274619100706056,0.026105536975102192,0.027684875510962468,0.020903010033444816,0.02564102564102564,0.02220364176885916,0.019416573764399852,0.026012634708286884,0.021739130434782608,0.02220364176885916,0.02183203270159792,0.022482348569305092,0.023690078037904124,0.02545522110739502,0.027034559643255296,0.02852099591230026,0.029357116313638052,0.026105536975102192,0.026384243775548124,0.02508361204013378,0.021274619100706056,0.017744332961724268,0.017279821627647716,0.01644370122630992,0.014678558156819026,0.016629505759940544,0.01282051282051282,0.013656633221850614,0.011798587885544408,0.014585655890003716,0.011891490152359718,0.013935340022296544,0.012263099219620958,0.011334076551467856,0.011984392419175028,0.014399851356373096,0.015050167224080268,0.013563730955035302,0.01244890375325158,0.012170196952805648,0.011984392419175028,0.013099219620958752,0.00956893348197696,0.007710888145670754,0.005481233742103307,0.005202526941657376,0.004923820141211446,0.026755852842809364
welding_0006_18-35-43_p3,0.016832729468599032,0.01585144927536232,0.015398550724637682,0.015398550724637682,0.0160024154589372,0.017436594202898552,0.017964975845410628,0.0196256038647343,0.022493961352657004,0.021588164251207728,0.025437801932367148,0.021361714975845412,0.021739130434782608,0.020531400966183576,0.016908212560386472,0.012907608695652174,0.014643719806763286,0.013209541062801932,0.012152777777777778,0.012228260869565218,0.013209541062801932,0.012152777777777778,0.014719202898550724,0.012907608695652174,0.013209541062801932,0.014719202898550724,0.014794685990338164,0.016455314009661836,0.015021135265700484,0.01358695652173913,0.013964371980676328,0.013134057971014492,0.014945652173913044,0.014870169082125604,0.015172101449275362,0.01585144927536232,0.0160024154589372,0.017059178743961352,0.017285628019323672,0.017512077294685992,0.017814009661835748,0.018946256038647344,0.018644323671497584,0.020380434782608696,0.018795289855072464,0.01554951690821256,0.016379830917874396,0.018342391304347828,0.01932367149758454,0.02317330917874396,0.020757850241545892,0.017814009661835748,0.022267512077294684,0.024833937198067632,0.020078502415458936,0.015398550724637682,0.011397946859903382,0.006868961352657005,0.005057367149758454,0.004302536231884058,0.0028683574879227055,0.0018870772946859903,0.002189009661835749,0.010643115942028986
welding_0006_18-35-43_p4,0.02018336070060208,0.016762452107279693,0.013888888888888888,0.01053639846743295,0.010673234811165846,0.009852216748768473,0.012246852764094143,0.011562671045429665,0.015257252326217843,0.014915161466885605,0.014230979748221127,0.012999452654625068,0.016420361247947456,0.0120415982484948,0.012794198139025725,0.01293103448275862,0.014915161466885605,0.012383689107827039,0.013136288998357963,0.013546798029556651,0.012794198139025725,0.014094143404488233,0.011357416529830322,0.010673234811165846,0.012383689107827039,0.012178434592227696,0.010673234811165846,0.011015325670498084,0.010673234811165846,0.010946907498631636,0.01053639846743295,0.01053639846743295,0.011357416529830322,0.012588943623426382,0.012588943623426382,0.010057471264367816,0.010946907498631636,0.012246852764094143,0.01265736179529283,0.01265736179529283,0.01176792556102901,0.013683634373289545,0.013136288998357963,0.017104542966611933,0.016694033935413247,0.016146688560481664,0.016967706622879036,0.019157088122605363,0.017309797482211276,0.017583470169677068,0.017993979200875754,0.019362342638204705,0.02257799671592775,0.023262178434592228,0.02469896004378763,0.02504105090311987,0.025451559934318555,0.025451559934318555,0.027025177887246853,0.017104542966611933,0.014025725232621784,0.012862616310892173,0.01176792556102901,0.06958128078817734
welding_0006_18-35-43_p5,0.0007011217948717949,0.0015024038461538462,0.001201923076923077,0.0026041666666666665,0.005008012820512821,0.006510416666666667,0.009615384615384616,0.01141826923076923,0.009815705128205128,0.01141826923076923,0.01061698717948718,0.01201923076923077,0.016526442307692308,0.016526442307692308,0.017227564102564104,0.016426282051282052,0.018529647435897436,0.025440705128205128,0.03295272435897436,0.028145032051282052,0.026342147435897436,0.027844551282051284,0.02904647435897436,0.029847756410256412,0.026642628205128204,0.024439102564102564,0.022536057692307692,0.021033653846153848,0.023337339743589744,0.021634615384615384,0.026442307692307692,0.022936698717948716,0.024839743589743588,0.020232371794871796,0.020332532051282052,0.020432692307692308,0.018729967948717948,0.015925480769230768,0.015725160256410256,0.017227564102564104,0.01622596153846154,0.018229166666666668,0.01422275641025641,0.014122596153846154,0.014322916666666666,0.01672676282051282,0.013020833333333334,0.013922275641025642,0.011017628205128206,0.012920673076923076,0.01171875,0.012920673076923076,0.012219551282051282,0.012620192307692308,0.010817307692307692,0.009515224358974358,0.009415064102564102,0.010116185897435898,0.008613782051282052,0.007111378205128205,0.00530849358974359,0.004907852564102564,0.006009615384615385,0.024238782051282052
welding_0006_18-35-43_p6,0.04076086956521739,0.04759316770186335,0.02158385093167702,0.015450310559006211,0.01156832298136646,0.014673913043478261,0.01110248447204969,0.01125776397515528,0.01296583850931677,0.0140527950310559,0.01187888198757764,0.01420807453416149,0.017779503105590063,0.015683229813664597,0.013043478260869565,0.009394409937888199,0.008773291925465838,0.008773291925465838,0.007142857142857143,0.008307453416149068,0.010326086956521738,0.009472049689440994,0.011024844720496894,0.011335403726708075,0.012111801242236025,0.009472049689440994,0.010170807453416149,0.01110248447204969,0.00908385093167702,0.010403726708074533,0.01420807453416149,0.01420807453416149,0.01482919254658385,0.012888198757763975,0.013198757763975156,0.01374223602484472,0.010947204968944099,0.011801242236024845,0.009937888198757764,0.01265527950310559,0.013198757763975156,0.009937888198757764,0.010248447204968944,0.010869565217391304,0.011645962732919254,0.01141304347826087,0.01327639751552795,0.01079192546583851,0.00986024844720497,0.010403726708074533,0.01296583850931677,0.013975155279503106,0.014673913043478261,0.01684782608695652,0.022437888198757763,0.03501552795031056,0.03540372670807453,0.035093167701863354,0.021661490683229815,0.01847826086956522,0.015139751552795032,0.018788819875776398,0.016692546583850932,0.06226708074534162
welding_0007_17-38-16_p0,0.00048449612403100775,0.0012458471760797341,0.0022148394241417496,0.003668327796234773,0.0043950719822812845,0.005225636766334441,0.0060215946843853825,0.012596899224806201,0.012493078626799556,0.012112403100775194,0.01200858250276855,0.012043189368770765,0.009240033222591362,0.00944767441860465,0.008790143964562569,0.010382059800664452,0.013669712070874862,0.014500276854928018,0.017580287929125138,0.019933554817275746,0.023844130675526026,0.01764950166112957,0.014673311184939091,0.013462070874861573,0.013842746400885935,0.014742524916943521,0.015780730897009966,0.018203211517165006,0.021767718715393135,0.01924141749723145,0.01602297895902547,0.015849944629014397,0.017684108527131783,0.022183001107419713,0.025851328903654484,0.02045265780730897,0.016576688815060907,0.016126799557032116,0.0151578073089701,0.013635105204872646,0.013289036544850499,0.015503875968992248,0.017580287929125138,0.020141196013289037,0.024501661129568107,0.0221483942414175,0.029865725359911405,0.040420819490586936,0.02273671096345515,0.018549280177187155,0.021871539313399777,0.025574473975636766,0.02550526024363234,0.026785714285714284,0.022044573643410854,0.029865725359911405,0.022978959025470654,0.014707918050941307,0.010866555924695459,0.007786544850498339,0.005537098560354375,0.004429678848283499,0.004187430786267996,0.012320044296788483
welding_0007_17-38-16_p1,0.008735312306740878,0.011131725417439703,0.007111935683364255,0.0066481137909709335,0.007884972170686457,0.011750154607297465,0.016311069882498454,0.01886209029066172,0.014842300556586271,0.012832405689548547,0.012755102040816327,0.011518243661100803,0.013914656771799629,0.011595547309833023,0.010745207173778602,0.010281385281385282,0.00927643784786642,0.008194186765615338,0.00981756338899196,0.008735312306740878,0.009121830550401978,0.008194186765615338,0.0068800247371675945,0.006261595547309833,0.009121830550401978,0.007730364873222016,0.005488559059987632,0.0061069882498453925,0.007498453927025355,0.01020408163265306,0.007266542980828695,0.006802721088435374,0.01461038961038961,0.01406926406926407,0.017238713667285094,0.015228818800247372,0.017006802721088437,0.01971243042671614,0.022263450834879406,0.02411873840445269,0.03153988868274583,0.031230674087816945,0.055349412492269635,0.06779529993815708,0.0364100185528757,0.06841372912801484,0.04854669140383426,0.027288188002473717,0.027829313543599257,0.028215831787260358,0.01816635745207174,0.013991960420531848,0.01012677798392084,0.009894867037724181,0.011982065553494126,0.008194186765615338,0.0063388991960420535,0.00502473716759431,0.004947433518862091,0.004560915275200989,0.004406307977736549,0.003401360544217687,0.0021645021645021645,0.016311069882498454
welding_0007_17-38-16_p2,0.00076103500761035,0.0006659056316590563,0.0006659056316590563,0.0013318112633181126,0.0018074581430745813,0.00228310502283105,0.0021879756468797563,0.004090563165905631,0.003900304414003044,0.004661339421613394,0.0045662100456621,0.0045662100456621,0.006563926940639269,0.0067541856925418566,0.0059931506849315065,0.00989345509893455,0.014269406392694063,0.018645357686453576,0.029299847792998476,0.0351027397260274,0.045471841704718415,0.02939497716894977,0.02102359208523592,0.01997716894977169,0.021213850837138507,0.024923896499238964,0.02530441400304414,0.030726788432267883,0.0441400304414003,0.03719558599695586,0.02530441400304414,0.020643074581430745,0.022450532724505326,0.028063165905631657,0.0410958904109589,0.03272450532724505,0.02682648401826484,0.02910958904109589,0.033009893455098936,0.03729071537290715,0.033770928462709286,0.028063165905631657,0.030821917808219176,0.03063165905631659,0.02863394216133942,0.018169710806697107,0.01113013698630137,0.008561643835616438,0.007705479452054794,0.005136986301369863,0.006468797564687975,0.0036149162861491627,0.0030441400304414,0.0028538812785388126,0.003424657534246575,0.0029490106544901064,0.0020928462709284626,0.0014269406392694063,0.001902587519025875,0.00076103500761035,0.0015220700152207,0.0006659056316590563,0.001141552511415525,0.011605783866057838
welding_0007_17-38-16_p3,0.0,0.0,0.0002651113467656416,0.000662778366914104,0.0002651113467656416,0.0021208907741251328,0.0019883351007423116,0.001855779427359491,0.0023860021208907743,0.0029162248144220574,0.0051696712619300105,0.005965005302226935,0.006495227995758218,0.0056998939554612936,0.0051696712619300105,0.009411452810180276,0.010737009544008483,0.017895015906680807,0.03499469777306469,0.04188759278897137,0.056601272534464474,0.034729586426299044,0.022799575821845174,0.019088016967126194,0.017762460233297986,0.02332979851537646,0.021341463414634148,0.02545068928950159,0.04175503711558855,0.029559915164369035,0.018292682926829267,0.010471898197242842,0.013918345705196183,0.01524390243902439,0.02849946977730647,0.02584835630965005,0.020811240721102863,0.026511134676564158,0.028366914103923647,0.029825026511134677,0.02849946977730647,0.03141569459172853,0.03685047720042418,0.04361081654294804,0.04188759278897137,0.027836691410392366,0.02863202545068929,0.015376458112407211,0.008085896076352067,0.006230116648992577,0.00861611876988335,0.0051696712619300105,0.0056998939554612936,0.006097560975609756,0.004904559915164369,0.00503711558854719,0.003181336161187699,0.0023860021208907743,0.002518557794273595,0.0010604453870625664,0.0021208907741251328,0.0009278897136797455,0.0015906680805938495,0.016171792152704135
welding_0007_17-38-16_p4,0.0,0.0,0.0008865248226950354,0.00022163120567375886,0.0006648936170212766,0.0007757092198581561,0.0008865248226950354,0.0006648936170212766,0.0024379432624113476,0.0018838652482269503,0.0015514184397163121,0.0034352836879432626,0.0019946808510638296,0.002327127659574468,0.0026595744680851063,0.004432624113475178,0.005651595744680851,0.005429964539007092,0.004875886524822695,0.005651595744680851,0.008421985815602837,0.00975177304964539,0.00997340425531915,0.012189716312056738,0.015957446808510637,0.01739804964539007,0.012743794326241134,0.012411347517730497,0.01540336879432624,0.015292553191489361,0.010084219858156029,0.010305851063829786,0.013408687943262412,0.013962765957446808,0.014849290780141845,0.017065602836879433,0.018617021276595744,0.02160904255319149,0.018506205673758866,0.018173758865248225,0.024601063829787235,0.020390070921985817,0.024601063829787235,0.02737145390070922,0.03490691489361702,0.04410460992907801,0.051418439716312055,0.05673758865248227,0.057180851063829786,0.05108599290780142,0.03956117021276596,0.032579787234042555,0.028147163120567375,0.02160904255319149,0.017287234042553192,0.015735815602836878,0.01152482269503546,0.008643617021276596,0.00775709219858156,0.006648936170212766,0.00775709219858156,0.005429964539007092,0.004100177304964539,0.06826241134751773
welding_0007_17-38-22_p0,0.0019230769230769232,0.004615384615384616,0.006025641025641026,0.008333333333333333,0.011923076923076923,0.012948717948717948,0.011153846153846153,0.011794871794871795,0.013461538461538462,0.01628205128205128,0.026153846153846153,0.027692307692307693,0.03564102564102564,0.03,0.02641025641025641,0.031153846153846153,0.028205128205128206,0.025897435897435896,0.019487179487179488,0.02,0.021538461538461538,0.020641025641025643,0.017051282051282052,0.015897435897435898,0.016794871794871796,0.020384615384615383,0.01871794871794872,0.020384615384615383,0.021794871794871794,0.017564102564102565,0.02,0.014487179487179487,0.015256410256410256,0.01217948717948718,0.008974358974358974,0.011410256410256411,0.010128205128205128,0.009230769230769232,0.009615384615384616,0.011282051282051283,0.00935897435897436,0.008974358974358974,0.010769230769230769,0.007435897435897436,0.009743589743589744,0.010769230769230769,0.012564102564102564,0.022564102564102566,0.035512820512820516,0.03051282051282051,0.03064102564102564,0.021025641025641025,0.018205128205128204,0.016666666666666666,0.01717948717948718,0.013846153846153847,0.01,0.007564102564102564,0.004358974358974359,0.005,0.0016666666666666668,0.0016666666666666668,0.002692307692307692,0.008846153846153846
welding_0007_17-38-22_p1,0.004583333333333333,0.0075,0.010277777777777778,0.014444444444444444,0.0175,0.016666666666666666,0.021666666666666667,0.020833333333333332,0.025277777777777777,0.03222222222222222,0.04416666666666667,0.050416666666666665,0.044305555555555556,0.028888888888888888,0.026944444444444444,0.024027777777777776,0.023333333333333334,0.025277777777777777,0.019305555555555555,0.018333333333333333,0.022222222222222223,0.017777777777777778,0.01611111111111111,0.015694444444444445,0.012916666666666667,0.013888888888888888,0.013333333333333334,0.012638888888888889,0.011111111111111112,0.012916666666666667,0.00986111111111111,0.01,0.009305555555555555,0.008333333333333333,0.0077777777777777776,0.009444444444444445,0.008611111111111111,0.009027777777777777,0.01125,0.010416666666666666,0.010555555555555556,0.01125,0.01611111111111111,0.01986111111111111,0.013194444444444444,0.015833333333333335,0.017777777777777778,0.012638888888888889,0.013472222222222222,0.013472222222222222,0.012777777777777779,0.010694444444444444,0.009722222222222222,0.010972222222222222,0.012638888888888889,0.011527777777777777,0.008333333333333333,0.0059722222222222225,0.004861111111111111,0.005833333333333334,0.004166666666666667,0.002916666666666667,0.0030555555555555557,0.03375
welding_0007_17-38-22_p2,0.0013574660633484162,0.007918552036199095,0.007013574660633484,0.00667420814479638,0.006787330316742082,0.009276018099547511,0.015271493212669683,0.010520361990950227,0.010067873303167421,0.013914027149321266,0.015271493212669683,0.018665158371040724,0.019909502262443438,0.02330316742081448,0.02330316742081448,0.032692307692307694,0.03472850678733032,0.03676470588235294,0.03212669683257918,0.026583710407239818,0.0331447963800905,0.029411764705882353,0.025226244343891403,0.026131221719457014,0.026923076923076925,0.02420814479638009,0.029524886877828053,0.02929864253393665,0.026923076923076925,0.02262443438914027,0.020022624434389142,0.0167420814479638,0.016402714932126698,0.01595022624434389,0.01606334841628959,0.012443438914027148,0.016289592760180997,0.01334841628959276,0.011085972850678734,0.013122171945701358,0.009954751131221719,0.008936651583710407,0.008144796380090498,0.006447963800904977,0.007579185520361991,0.00916289592760181,0.008823529411764706,0.011990950226244345,0.013235294117647059,0.010294117647058823,0.011877828054298642,0.012330316742081448,0.011990950226244345,0.009276018099547511,0.011199095022624435,0.012669683257918552,0.01097285067873303,0.00667420814479638,0.006334841628959276,0.004524886877828055,0.005316742081447964,0.005203619909502262,0.00418552036199095,0.01583710407239819
welding_0007_17-38-22_p3,0.0029036004645760743,0.0029036004645760743,0.0023228803716608595,0.0023228803716608595,0.002613240418118467,0.0040650406504065045,0.003193960511033682,0.003774680603948897,0.004645760743321719,0.007549361207897794,0.006968641114982578,0.006097560975609756,0.008420441347270616,0.010452961672473868,0.010452961672473868,0.010743321718931475,0.01132404181184669,0.011614401858304297,0.014227642276422764,0.016260162601626018,0.013066202090592335,0.01016260162601626,0.013356562137049941,0.01364692218350755,0.017711962833914054,0.02148664343786295,0.017711962833914054,0.019454123112659698,0.015389082462253194,0.01713124274099884,0.016550522648083623,0.012775842044134728,0.02061556329849013,0.02061556329849013,0.02468060394889663,0.03542392566782811,0.03484320557491289,0.036875725900116146,0.04558652729384437,0.09668989547038327,0.07200929152148665,0.046747967479674794,0.025261324041811847,0.01596980255516841,0.01364692218350755,0.009581881533101045,0.011904761904761904,0.010743321718931475,0.007549361207897794,0.008420441347270616,0.004645760743321719,0.006678281068524971,0.01016260162601626,0.006968641114982578,0.006678281068524971,0.009001161440185831,0.007549361207897794,0.006678281068524971,0.007259001161440186,0.005807200929152149,0.006097560975609756,0.008420441347270616,0.004645760743321719,0.040940766550522645
welding_0007_17-38-22_p4,0.02125,0.01,0.011666666666666667,0.010416666666666666,0.009583333333333333,0.012916666666666667,0.020416666666666666,0.02,0.019583333333333335,0.015416666666666667,0.014166666666666666,0.020833333333333332,0.022083333333333333,0.025,0.021666666666666667,0.019166666666666665,0.015,0.015416666666666667,0.015416666666666667,0.014583333333333334,0.012916666666666667,0.0125,0.010833333333333334,0.011666666666666667,0.013333333333333334,0.016666666666666666,0.02,0.015416666666666667,0.015416666666666667,0.014166666666666666,0.010833333333333334,0.012083333333333333,0.01125,0.01,0.0125,0.011666666666666667,0.01375,0.01375,0.011666666666666667,0.013333333333333334,0.009583333333333333,0.016666666666666666,0.012083333333333333,0.016666666666666666,0.012916666666666667,0.019166666666666665,0.01125,0.011666666666666667,0.01125,0.012083333333333333,0.017916666666666668,0.009583333333333333,0.01125,0.017083333333333332,0.017083333333333332,0.016666666666666666,0.014166666666666666,0.011666666666666667,0.010833333333333334,0.007916666666666667,0.00875,0.005833333333333334,0.007916666666666667,0.11166666666666666
welding_0007_17-38-22_p5,0.006923336710570753,0.013846673421141506,0.020601148260722728,0.02448497129348193,0.021192164809186086,0.01967240797028031,0.017308341776426883,0.02009456264775414,0.01984126984126984,0.022289766970618033,0.022120905099628503,0.02093887200270179,0.023893954745018573,0.026004728132387706,0.028790949003714962,0.030648429584599797,0.031323877068557916,0.03554542384329618,0.031914893617021274,0.02752448497129348,0.020263424518743668,0.015113137453562986,0.01612630867950017,0.016717325227963525,0.016717325227963525,0.015535292131036813,0.016717325227963525,0.015366430260047281,0.0162951705504897,0.015619723066531577,0.015957446808510637,0.015704154002026342,0.01342451874366768,0.0121580547112462,0.013593380614657211,0.011482607227288078,0.012833502195204323,0.015788584937521107,0.01612630867950017,0.015619723066531577,0.013593380614657211,0.015957446808510637,0.014184397163120567,0.015535292131036813,0.014437689969604863,0.012411347517730497,0.013002364066193853,0.01165146909827761,0.010216143194866599,0.01072272880783519,0.011904761904761904,0.011229314420803783,0.010976021614319487,0.007936507936507936,0.006163458291117865,0.005572441742654508,0.005741303613644039,0.005319148936170213,0.003292806484295846,0.0037149611617696724,0.0022796352583586625,0.00303951367781155,0.002701789935832489,0.0162951705504897
welding_0007_17-38-22_p6,0.0199468085106383,0.012965425531914893,0.014295212765957447,0.012632978723404254,0.012965425531914893,0.011968085106382979,0.013297872340425532,0.013962765957446808,0.016622340425531915,0.012300531914893617,0.011968085106382979,0.015625,0.01961436170212766,0.01695478723404255,0.018617021276595744,0.012965425531914893,0.011968085106382979,0.015625,0.014627659574468085,0.014295212765957447,0.014960106382978724,0.008976063829787235,0.008643617021276596,0.014295212765957447,0.01163563829787234,0.012965425531914893,0.01761968085106383,0.018949468085106384,0.015957446808510637,0.012965425531914893,0.011303191489361703,0.012300531914893617,0.015292553191489361,0.01163563829787234,0.012965425531914893,0.005984042553191489,0.012300531914893617,0.012300531914893617,0.015625,0.012965425531914893,0.010638297872340425,0.017287234042553192,0.010305851063829786,0.00997340425531915,0.011968085106382979,0.015292553191489361,0.011968085106382979,0.00964095744680851,0.016289893617021278,0.010970744680851064,0.020944148936170214,0.02127659574468085,0.02726063829787234,0.024933510638297872,0.02360372340425532,0.025930851063829786,0.018617021276595744,0.013962765957446808,0.016622340425531915,0.012632978723404254,0.012632978723404254,0.007313829787234043,0.00964095744680851,0.08743351063829788
welding_0007_17-38-22_p7,0.007954545454545454,0.010227272727272727,0.011363636363636364,0.020833333333333332,0.020454545454545454,0.022727272727272728,0.031818181818181815,0.029166666666666667,0.0375,0.03939393939393939,0.0446969696969697,0.04621212121212121,0.038257575757575754,0.033712121212121214,0.026515151515151516,0.023106060606060606,0.020454545454545454,0.02234848484848485,0.020833333333333332,0.014393939393939395,0.023484848484848483,0.015151515151515152,0.01893939393939394,0.022727272727272728,0.017803030303030303,0.014772727272727272,0.015909090909090907,0.01818181818181818,0.014015151515151515,0.012121212121212121,0.007954545454545454,0.008333333333333333,0.006818181818181818,0.00909090909090909,0.004924242424242424,0.007954545454545454,0.006439393939393939,0.008333333333333333,0.010984848484848484,0.008333333333333333,0.006439393939393939,0.00909090909090909,0.010984848484848484,0.007196969696969697,0.008333333333333333,0.008333333333333333,0.008333333333333333,0.008712121212121213,0.007954545454545454,0.010606060606060607,0.011742424242424242,0.009848484848484848,0.008333333333333333,0.008712121212121213,0.010606060606060607,0.007954545454545454,0.008712121212121213,0.006818181818181818,0.004924242424242424,0.005681818181818182,0.005303030303030303,0.005303030303030303,0.006060606060606061,0.03977272727272727
welding_0007_17-38-22_p8,0.0006451612903225806,0.01,0.00935483870967742,0.007741935483870968,0.004838709677419355,0.00903225806451613,0.01903225806451613,0.01096774193548387,0.011612903225806452,0.014838709677419355,0.015483870967741935,0.023548387096774193,0.020967741935483872,0.023870967741935485,0.02258064516129032,0.020967741935483872,0.023548387096774193,0.026774193548387098,0.024193548387096774,0.02,0.02935483870967742,0.024516129032258065,0.022258064516129033,0.023548387096774193,0.027741935483870966,0.023870967741935485,0.034516129032258064,0.034516129032258064,0.0332258064516129,0.025483870967741934,0.021612903225806453,0.024838709677419354,0.020967741935483872,0.024838709677419354,0.020967741935483872,0.01129032258064516,0.015161290322580645,0.013225806451612903,0.007741935483870968,0.011935483870967743,0.005161290322580645,0.007419354838709678,0.005161290322580645,0.004516129032258065,0.005806451612903226,0.01064516129032258,0.01,0.01129032258064516,0.01,0.007419354838709678,0.00903225806451613,0.012903225806451613,0.014838709677419355,0.01032258064516129,0.012258064516129033,0.011612903225806452,0.012903225806451613,0.008709677419354838,0.00967741935483871,0.007741935483870968,0.008064516129032258,0.008064516129032258,0.004838709677419355,0.02
welding_0007_17-38-22_p9,0.00739704118352659,0.011895241903238705,0.013994402239104359,0.017393042782886847,0.016493402638944422,0.01799280287884846,0.014594162335065974,0.015393842463014795,0.014394242303078768,0.018192722910835665,0.014994002399040383,0.01609356257497001,0.016493402638944422,0.020991603358656536,0.02179128348660536,0.01919232307077169,0.02459016393442623,0.02109156337465014,0.02029188324670132,0.019992003198720514,0.01729308276689324,0.01879248300679728,0.02029188324670132,0.0194922031187525,0.018592562974810076,0.019892043182726908,0.018092762894842063,0.01449420231907237,0.01369452219112355,0.014994002399040383,0.01639344262295082,0.015493802479008396,0.014894042383046781,0.012794882047181128,0.012195121951219513,0.011295481807277089,0.01329468212714914,0.012994802079168333,0.017393042782886847,0.02059176329468213,0.019692123150739704,0.02059176329468213,0.016493402638944422,0.01599360255897641,0.016993202718912435,0.018392642942822873,0.018892443022790882,0.020491803278688523,0.020991603358656536,0.02778888444622151,0.026289484206317472,0.024290283886445423,0.022491003598560575,0.019992003198720514,0.01019592163134746,0.00739704118352659,0.004398240703718513,0.0037984806077568972,0.004398240703718513,0.0034986005597760898,0.0027988804478208716,0.0026989204318272693,0.0012994802079168333,0.0038984406237505
welding_0007_18-06-30_p0,0.06812468577174459,0.07239819004524888,0.019167923579688287,0.010809451985922574,0.009489693313222724,0.010055304172951232,0.010620915032679739,0.009489693313222724,0.008421317244846656,0.008421317244846656,0.00904977375565611,0.009552538964303671,0.007352941176470588,0.009992458521870286,0.012192056309703369,0.015020110608345903,0.024321266968325792,0.019042232277526393,0.017094017094017096,0.016402714932126698,0.012129210658622424,0.01124937154348919,0.013134741075917547,0.011437908496732025,0.010118149824032177,0.01282051282051282,0.016277023629964808,0.020613373554550025,0.020236299648064355,0.021556058320764203,0.024698340874811462,0.026897938662644547,0.029914529914529916,0.03739316239316239,0.040409753645047765,0.03205128205128205,0.029725992961287077,0.025892408245349424,0.029725992961287077,0.027275012569130216,0.019042232277526393,0.018350930115636,0.01583710407239819,0.015397184514831574,0.015271493212669683,0.014580191050779286,0.013071895424836602,0.013134741075917547,0.009741075917546506,0.00798139768728004,0.004147812971342383,0.0033308195072900954,0.0023252890899949723,0.0032679738562091504,0.002576671694318753,0.001885369532428356,0.001256913021618904,0.0010683760683760685,0.0013826043237807944,0.0005656108597285068,0.0011940673705379589,0.000942684766214178,0.0010683760683760685,0.012003519356460534
welding_0007_18-06-30_p1,0.0686936936936937,0.04527027027027027,0.016066066066066066,0.01066066066066066,0.010585585585585585,0.009534534534534534,0.008333333333333333,0.00975975975975976,0.011936936936936936,0.011711711711711712,0.013663663663663663,0.012987987987987988,0.009384384384384385,0.012912912912912912,0.01584084084084084,0.024174174174174175,0.024774774774774775,0.012387387387387387,0.008483483483483484,0.00975975975975976,0.008483483483483484,0.009984984984984985,0.00960960960960961,0.008633633633633633,0.007882882882882882,0.012462462462462463,0.016516516516516516,0.017417417417417418,0.018093093093093093,0.018093093093093093,0.02394894894894895,0.026801801801801802,0.03168168168168168,0.03145645645645646,0.03460960960960961,0.039714714714714716,0.04136636636636637,0.03528528528528529,0.032732732732732736,0.027552552552552553,0.02252252252252252,0.020045045045045045,0.01599099099099099,0.015915915915915915,0.015915915915915915,0.013513513513513514,0.01096096096096096,0.012762762762762763,0.011711711711711712,0.010585585585585585,0.008258258258258258,0.005705705705705706,0.004129129129129129,0.003153153153153153,0.002927927927927928,0.0017267267267267268,0.0012762762762762762,0.0014264264264264265,0.0015015015015015015,0.002102102102102102,0.0016516516516516516,0.0012762762762762762,0.0011261261261261261,0.014564564564564564
welding_0007_18-06-30_p2,0.006050041017227235,0.005742411812961444,0.005332239540607055,0.004204265791632486,0.004511894995898278,0.005639868744872847,0.004922067268252666,0.005947497949138638,0.0061525840853158325,0.0061525840853158325,0.008305988515176374,0.00953650533223954,0.010869565217391304,0.01251025430680886,0.010356849876948319,0.007998359310910582,0.0064602132895816245,0.005844954881050041,0.008203445447087777,0.006870385561936013,0.006357670221493027,0.004511894995898278,0.005947497949138638,0.005947497949138638,0.0037940935192780968,0.004511894995898278,0.0035890073831009025,0.005639868744872847,0.004306808859721083,0.004614438063986874,0.005332239540607055,0.0047169811320754715,0.00625512715340443,0.004511894995898278,0.006357670221493027,0.005537325676784249,0.0075881870385561935,0.004614438063986874,0.007895816242821985,0.013740771123872026,0.013125512715340444,0.016406890894175553,0.013535684987694831,0.016406890894175553,0.021841673502871205,0.026045939294503693,0.03865873666940115,0.05055373256767842,0.04799015586546349,0.065935192780968,0.08921246923707957,0.09844134536505332,0.06706316652994257,0.0368129614438064,0.021841673502871205,0.01948318293683347,0.017432321575061527,0.010972108285479901,0.008613617719442166,0.00881870385561936,0.007485643970467596,0.007690730106644791,0.007895816242821985,0.030352748154224774
welding_0007_18-19-57_p0,0.0022135416666666666,0.004296875,0.004166666666666667,0.004427083333333333,0.00546875,0.005078125,0.005078125,0.004036458333333334,0.00625,0.006640625,0.008203125,0.00859375,0.008072916666666667,0.009505208333333333,0.00859375,0.009244791666666667,0.009765625,0.013020833333333334,0.013020833333333334,0.01328125,0.01328125,0.01328125,0.017447916666666667,0.012630208333333334,0.008072916666666667,0.005729166666666666,0.006510416666666667,0.0046875,0.00546875,0.007682291666666666,0.005859375,0.0069010416666666664,0.006380208333333333,0.005598958333333333,0.00546875,0.00703125,0.006380208333333333,0.005208333333333333,0.004557291666666667,0.005729166666666666,0.0046875,0.006640625,0.0067708333333333336,0.008984375,0.006640625,0.0078125,0.007552083333333333,0.009505208333333333,0.011458333333333333,0.013802083333333333,0.018229166666666668,0.01953125,0.029296875,0.04114583333333333,0.05416666666666667,0.055078125,0.07526041666666666,0.073828125,0.05963541666666667,0.03802083333333333,0.0265625,0.02421875,0.021744791666666666,0.0765625
welding_0007_18-19-57_p1,0.0,0.0,9.009009009009009e-05,0.00036036036036036037,0.0006306306306306306,0.000990990990990991,0.002162162162162162,0.006036036036036036,0.007027027027027027,0.0077477477477477475,0.004954954954954955,0.005675675675675676,0.005495495495495496,0.006756756756756757,0.0077477477477477475,0.00927927927927928,0.008648648648648649,0.00927927927927928,0.008738738738738738,0.00945945945945946,0.014414414414414415,0.01792792792792793,0.017297297297297298,0.017117117117117116,0.01972972972972973,0.02009009009009009,0.018378378378378378,0.022612612612612614,0.021621621621621623,0.023513513513513513,0.02144144144144144,0.02288288288288288,0.023333333333333334,0.026216216216216216,0.022252252252252254,0.024594594594594593,0.025945945945945945,0.023153153153153153,0.025585585585585584,0.024234234234234233,0.025765765765765766,0.024324324324324326,0.025495495495495495,0.022702702702702703,0.028648648648648647,0.022072072072072072,0.02018018018018018,0.02108108108108108,0.017657657657657658,0.01792792792792793,0.018108108108108107,0.017657657657657658,0.01783783783783784,0.016576576576576577,0.014234234234234235,0.017297297297297298,0.01990990990990991,0.015135135135135135,0.011531531531531532,0.01072072072072072,0.00990990990990991,0.008738738738738738,0.011891891891891892,0.05117117117117117
welding_0007_18-19-57_p2,0.00011098779134295228,5.549389567147614e-05,0.0002774694783573807,0.0006104328523862375,0.0013318534961154272,0.002108768035516093,0.002108768035516093,0.00244173140954495,0.0026082130965593784,0.002386237513873474,0.0026082130965593784,0.003551609322974473,0.004106548279689234,0.004273029966703663,0.004162042175360711,0.005660377358490566,0.006548279689234184,0.006437291897891232,0.006881243063263041,0.005937846836847947,0.007880133185349612,0.008546059933407325,0.009267480577136515,0.01021087680355161,0.011098779134295227,0.012652608213096559,0.01492785793562708,0.01625971143174251,0.015482796892341843,0.017036625971143176,0.019311875693673698,0.019422863485016647,0.0218645948945616,0.025083240843507215,0.02730299667036626,0.02991120976692564,0.029356270810210878,0.03190899001109878,0.037014428412874584,0.04733629300776915,0.06331853496115428,0.05155382907880133,0.03784683684794673,0.029689234184239733,0.022752497225305215,0.02269700332963374,0.02153163152053274,0.019644839067702553,0.019922308546059933,0.01653718091009989,0.015871254162042176,0.012541620421753608,0.012597114317425084,0.012430632630410655,0.013762486126526082,0.015260821309655937,0.013485016648168702,0.013207547169811321,0.011154273029966704,0.012319644839067702,0.010876803551609323,0.011431742508324084,0.011986681465038845,0.05149833518312986
welding_0007_18-19-57_p3,0.0,0.0004420866489832007,0.0005526083112290009,0.0033156498673740055,0.005305039787798408,0.006852343059239611,0.007736516357206013,0.009615384615384616,0.009173297966401414,0.007625994694960212,0.007404951370468612,0.010499557913351016,0.009836427939876215,0.011715296198054819,0.01282051282051282,0.010499557913351016,0.009836427939876215,0.01337312113174182,0.011052166224580018,0.01337312113174182,0.016025641025641024,0.01834659593280283,0.01934129089301503,0.020778072502210435,0.02508841732979664,0.02961980548187445,0.02995137046861185,0.027630415561450045,0.02564102564102564,0.025751547303271442,0.029398762157382848,0.022656940760389037,0.01934129089301503,0.01967285587975243,0.022877984084880638,0.021330680813439435,0.021662245800176835,0.026525198938992044,0.023320070733863836,0.01989389920424403,0.020114942528735632,0.017793987621573828,0.01845711759504863,0.01989389920424403,0.01801503094606543,0.01912024756852343,0.022988505747126436,0.020225464190981434,0.021330680813439435,0.020778072502210435,0.02365163572060124,0.022988505747126436,0.017793987621573828,0.014809902740937225,0.013925729442970823,0.014146772767462422,0.014036251105216623,0.008841732979664015,0.007625994694960212,0.005968169761273209,0.004531388152077807,0.003757736516357206,0.002431476569407604,0.020888594164456233
welding_0007_18-19-57_p4,0.00026041666666666666,0.0010416666666666667,0.0011284722222222221,0.0024305555555555556,0.0020833333333333333,0.0016493055555555556,0.002170138888888889,0.003298611111111111,0.004166666666666667,0.005295138888888889,0.0046875,0.00546875,0.005729166666666666,0.004427083333333333,0.007291666666666667,0.00920138888888889,0.012847222222222222,0.012413194444444444,0.015104166666666667,0.014409722222222223,0.016319444444444445,0.01987847222222222,0.018836805555555555,0.020399305555555556,0.021354166666666667,0.023524305555555555,0.031510416666666666,0.03854166666666667,0.03428819444444445,0.03359375,0.031336805555555555,0.032378472222222225,0.031684027777777776,0.03177083333333333,0.02717013888888889,0.029079861111111112,0.026302083333333334,0.026128472222222223,0.027083333333333334,0.026909722222222224,0.024739583333333332,0.023524305555555555,0.0234375,0.02638888888888889,0.029600694444444443,0.026128472222222223,0.020920138888888887,0.020052083333333335,0.017361111111111112,0.013975694444444445,0.013888888888888888,0.011631944444444445,0.009809027777777778,0.008072916666666667,0.006423611111111111,0.0045138888888888885,0.004340277777777778,0.003993055555555555,0.0033854166666666668,0.002690972222222222,0.0026041666666666665,0.0032118055555555554,0.005642361111111111,0.03046875
welding_0007_18-19-57_p5,0.011363636363636364,0.010579937304075235,0.012539184952978056,0.008228840125391849,0.011755485893416929,0.008228840125391849,0.008228840125391849,0.009012539184952978,0.0066614420062695925,0.009012539184952978,0.011755485893416929,0.011363636363636364,0.008620689655172414,0.007836990595611285,0.003918495297805642,0.009404388714733543,0.0066614420062695925,0.012147335423197491,0.013322884012539185,0.008228840125391849,0.0066614420062695925,0.005094043887147335,0.012539184952978056,0.009796238244514107,0.009404388714733543,0.01371473354231975,0.012147335423197491,0.009404388714733543,0.006269592476489028,0.004310344827586207,0.004310344827586207,0.006269592476489028,0.003918495297805642,0.005094043887147335,0.006269592476489028,0.007445141065830721,0.0066614420062695925,0.01371473354231975,0.008228840125391849,0.008228840125391849,0.009012539184952978,0.012539184952978056,0.005877742946708464,0.005877742946708464,0.007053291536050157,0.0109717868338558,0.012147335423197491,0.01293103448275862,0.009012539184952978,0.01371473354231975,0.02311912225705329,0.030956112852664575,0.050940438871473356,0.03683385579937304,0.025470219435736678,0.0219435736677116,0.04467084639498432,0.109717868338558,0.045454545454545456,0.028996865203761754,0.032915360501567396,0.02311912225705329,0.02390282131661442,0.05446708463949843
welding_0007_18-35-43_p0,0.02127659574468085,0.018434858641795396,0.016686097347712037,0.018726318857475954,0.01581171670067036,0.018289128533955114,0.020620810259399592,0.019673564558437773,0.016977557563392597,0.018143398426114836,0.018580588749635675,0.019819294666278055,0.02171378606820169,0.020037889828038474,0.015447391431069659,0.0155202564849898,0.013407169921305742,0.012897114543864762,0.012751384436024483,0.01537452637714952,0.01471874089186826,0.0155202564849898,0.013334304867385603,0.013990090352666861,0.0136986301369863,0.015083066161468959,0.013261439813465462,0.016758962401632178,0.01428155056834742,0.012314194112503644,0.013261439813465462,0.0158845817545905,0.016686097347712037,0.013407169921305742,0.0151559312153891,0.014062955406587,0.013625765083066161,0.015593121538909939,0.01632177207811134,0.017414747886913436,0.015593121538909939,0.018726318857475954,0.0158845817545905,0.018507723695715534,0.016030311862430778,0.015083066161468959,0.015957446808510637,0.019600699504517632,0.020475080151559313,0.02244243660740309,0.020110754881958612,0.017779073156514134,0.020256484989798894,0.02222384144564267,0.02178665112212183,0.02207811133780239,0.01450014573010784,0.009399591955698047,0.0061206645292917515,0.004663363450888954,0.0024045467793646167,0.0026231419411250363,0.0028417371028854562,0.010346837656659866
welding_0007_18-35-43_p1,0.006182432432432433,0.01429054054054054,0.01266891891891892,0.013547297297297298,0.028344594594594593,0.055472972972972975,0.0375,0.02402027027027027,0.011655405405405406,0.011013513513513514,0.016317567567567567,0.015743243243243242,0.015337837837837837,0.015675675675675675,0.016993243243243243,0.018445945945945945,0.01847972972972973,0.015844594594594596,0.014898648648648649,0.01320945945945946,0.013513513513513514,0.013412162162162162,0.013682432432432433,0.015304054054054054,0.012027027027027027,0.010743243243243243,0.01114864864864865,0.01206081081081081,0.012939189189189189,0.01277027027027027,0.013175675675675676,0.013851351351351352,0.012601351351351351,0.012905405405405405,0.011858108108108108,0.012837837837837839,0.012128378378378378,0.01266891891891892,0.013783783783783784,0.014662162162162162,0.015101351351351351,0.015236486486486487,0.013581081081081081,0.014527027027027028,0.013513513513513514,0.01277027027027027,0.011385135135135135,0.012027027027027027,0.010608108108108107,0.012533783783783784,0.011587837837837837,0.011756756756756756,0.013479729729729729,0.01320945945945946,0.013243243243243243,0.013479729729729729,0.012263513513513513,0.010945945945945945,0.01016891891891892,0.009425675675675675,0.009797297297297298,0.008682432432432432,0.009391891891891891,0.08756756756756756
welding_0007_18-35-43_p2,0.01991421568627451,0.02849264705882353,0.021813725490196077,0.019362745098039216,0.019301470588235295,0.02261029411764706,0.0241421568627451,0.021200980392156864,0.020955882352941175,0.022487745098039216,0.02420343137254902,0.02536764705882353,0.024387254901960784,0.02303921568627451,0.017769607843137254,0.015870098039215685,0.013051470588235295,0.014644607843137255,0.014767156862745098,0.014276960784313725,0.013848039215686274,0.014522058823529412,0.013112745098039216,0.01329656862745098,0.011948529411764705,0.01292892156862745,0.011887254901960784,0.011580882352941177,0.01403186274509804,0.012561274509803922,0.012377450980392156,0.012990196078431373,0.013541666666666667,0.01207107843137255,0.014338235294117646,0.011764705882352941,0.010049019607843138,0.012009803921568628,0.013419117647058823,0.014093137254901961,0.01403186274509804,0.014093137254901961,0.011090686274509804,0.013602941176470588,0.013112745098039216,0.013786764705882353,0.011948529411764705,0.015012254901960785,0.01329656862745098,0.01403186274509804,0.013357843137254901,0.01292892156862745,0.012316176470588235,0.012377450980392156,0.012254901960784314,0.013357843137254901,0.01170343137254902,0.0125,0.012316176470588235,0.011519607843137256,0.006740196078431373,0.007230392156862745,0.00900735294117647,0.05435049019607843
welding_0007_18-35-43_p3,9.157509157509158e-05,0.0002747252747252747,0.001282051282051282,0.002655677655677656,0.0033882783882783884,0.004395604395604396,0.008333333333333333,0.008608058608058609,0.010622710622710623,0.010347985347985348,0.013003663003663004,0.013461538461538462,0.014835164835164835,0.017124542124542126,0.018772893772893772,0.01987179487179487,0.021245421245421246,0.01858974358974359,0.02042124542124542,0.01913919413919414,0.02206959706959707,0.0228021978021978,0.01978021978021978,0.026556776556776556,0.025457875457875458,0.027747252747252746,0.032692307692307694,0.031868131868131866,0.035073260073260074,0.03388278388278388,0.03195970695970696,0.02573260073260073,0.02271062271062271,0.022893772893772892,0.02316849816849817,0.01904761904761905,0.019597069597069597,0.016758241758241758,0.019688644688644688,0.0173992673992674,0.01730769230769231,0.011813186813186813,0.010531135531135532,0.011446886446886446,0.009706959706959707,0.01098901098901099,0.011538461538461539,0.010805860805860806,0.010347985347985348,0.016483516483516484,0.013553113553113554,0.012545787545787546,0.011904761904761904,0.011446886446886446,0.01227106227106227,0.014102564102564103,0.010897435897435897,0.00934065934065934,0.008516483516483516,0.007600732600732601,0.006135531135531135,0.006501831501831502,0.004487179487179487,0.026373626373626374
welding_0007_18-35-43_p4,0.00020242914979757084,0.0009109311740890688,0.002226720647773279,0.003947368421052632,0.006578947368421052,0.007894736842105263,0.011639676113360324,0.01082995951417004,0.013157894736842105,0.01325910931174089,0.014777327935222672,0.015182186234817813,0.015182186234817813,0.019230769230769232,0.01811740890688259,0.02034412955465587,0.02186234817813765,0.019331983805668015,0.021153846153846155,0.020141700404858298,0.022469635627530363,0.02145748987854251,0.02348178137651822,0.031072874493927125,0.02904858299595142,0.030364372469635626,0.03502024291497976,0.032591093117408904,0.03360323886639676,0.030263157894736843,0.02327935222672065,0.02145748987854251,0.020748987854251014,0.01902834008097166,0.018218623481781375,0.01589068825910931,0.018218623481781375,0.01589068825910931,0.013967611336032389,0.011234817813765181,0.013765182186234818,0.01609311740890688,0.01639676113360324,0.017105263157894738,0.013157894736842105,0.014068825910931174,0.013765182186234818,0.01174089068825911,0.010425101214574899,0.013866396761133604,0.012550607287449392,0.011538461538461539,0.01082995951417004,0.010931174089068825,0.009109311740890687,0.00860323886639676,0.009412955465587045,0.006882591093117409,0.008097165991902834,0.006578947368421052,0.005263157894736842,0.005668016194331984,0.00465587044534413,0.026214574898785425
welding_0007_18-35-43_p5,0.026104721549636802,0.020051452784503633,0.013241525423728813,0.01187953995157385,0.011501210653753027,0.012711864406779662,0.011955205811138014,0.013392857142857142,0.011122881355932203,0.013468523002421308,0.014603510895883777,0.015208837772397095,0.017100484261501212,0.012787530266343826,0.012182203389830509,0.012257869249394673,0.011803874092009685,0.013695520581113802,0.012560532687651331,0.015587167070217917,0.013090193704600484,0.015284503631961259,0.013241525423728813,0.013317191283292978,0.011349878934624698,0.013695520581113802,0.012787530266343826,0.012560532687651331,0.012257869249394673,0.013241525423728813,0.01059322033898305,0.011349878934624698,0.01104721549636804,0.012409200968523002,0.012787530266343826,0.01172820823244552,0.010214891041162228,0.014073849878934624,0.012257869249394673,0.013090193704600484,0.012711864406779662,0.014225181598062953,0.013090193704600484,0.01513317191283293,0.01581416464891041,0.014376513317191284,0.0162681598062954,0.01868946731234867,0.016041162227602906,0.018840799031476996,0.018311138014527845,0.021035108958837773,0.020883777239709442,0.02148910411622276,0.024969733656174335,0.021791767554479417,0.021867433414043583,0.027088377723970946,0.02701271186440678,0.018462469733656173,0.013392857142857142,0.009836561743341405,0.010895883777239709,0.05417675544794189
welding_0007_18-35-43_p6,0.04188829787234043,0.04698581560283688,0.02002068557919622,0.015144799054373522,0.015144799054373522,0.013519503546099291,0.013297872340425532,0.010933806146572104,0.012337470449172577,0.013445626477541371,0.013371749408983452,0.016252955082742316,0.01551418439716312,0.013445626477541371,0.010490543735224586,0.008939125295508275,0.009530141843971631,0.008643617021276596,0.008569739952718676,0.010416666666666666,0.01152482269503546,0.010638297872340425,0.00967789598108747,0.010416666666666666,0.010416666666666666,0.00975177304964539,0.008791371158392436,0.009530141843971631,0.010564420803782506,0.011229314420803783,0.014184397163120567,0.014775413711583925,0.015070921985815602,0.013593380614657211,0.014775413711583925,0.011155437352245863,0.010933806146572104,0.010490543735224586,0.011007683215130024,0.013297872340425532,0.014406028368794326,0.010712174940898345,0.00982565011820331,0.008791371158392436,0.008939125295508275,0.00960401891252955,0.012337470449172577,0.012041962174940898,0.011968085106382979,0.012189716312056738,0.012559101654846336,0.012854609929078014,0.016105200945626476,0.015957446808510637,0.02541371158392435,0.03863770685579196,0.03634751773049645,0.034574468085106384,0.022384751773049646,0.020390070921985817,0.012411347517730497,0.014479905437352246,0.01551418439716312,0.061835106382978726
welding_0008_17-38-17_p0,0.000903781979977753,0.0015989988876529478,0.002502780867630701,0.002954671857619577,0.003406562847608454,0.004970800889877642,0.006674082313681869,0.008759733036707453,0.01042825361512792,0.012861512791991101,0.009976362625139044,0.009559232480533926,0.010671579532814238,0.01049777530589544,0.009489710789766407,0.008933537263626251,0.008864015572858732,0.012340100111234705,0.013313403781979977,0.017693270300333703,0.015051446051167964,0.012826751946607342,0.013695773081201335,0.014043381535038932,0.014912402669632925,0.01696329254727475,0.020543659621802,0.021377919911012237,0.024193548387096774,0.02224694104560623,0.021690767519466074,0.01946607341490545,0.020439377085650724,0.027912958843159065,0.020682703003337043,0.01564238042269188,0.013278642936596217,0.01560761957730812,0.01682424916573971,0.016511401557285872,0.014669076751946607,0.014669076751946607,0.020926028921023358,0.028851501668520577,0.019222747497219132,0.021030311457174638,0.034135150166852056,0.03851501668520579,0.021551724137931036,0.018701334816462738,0.02982480533926585,0.025375417130144604,0.02207313681868743,0.0208912680756396,0.027009176863181314,0.03827169076751947,0.02099555061179088,0.011957730812013349,0.00910734149054505,0.006674082313681869,0.004970800889877642,0.003406562847608454,0.0030589543937708566,0.013800055617352614
welding_0008_17-38-17_p1,0.007076923076923077,0.012538461538461538,0.011307692307692309,0.007461538461538461,0.009538461538461539,0.009,0.011846153846153847,0.015692307692307693,0.011153846153846153,0.014,0.011384615384615385,0.011923076923076923,0.011307692307692309,0.009461538461538462,0.01,0.010307692307692308,0.012384615384615385,0.010846153846153846,0.008,0.006923076923076923,0.006076923076923077,0.005461538461538461,0.006076923076923077,0.006384615384615384,0.005076923076923077,0.006923076923076923,0.009384615384615385,0.007230769230769231,0.006538461538461538,0.0073846153846153844,0.007538461538461538,0.009230769230769232,0.011153846153846153,0.01223076923076923,0.012769230769230769,0.014923076923076923,0.017615384615384616,0.021461538461538462,0.01953846153846154,0.022923076923076924,0.02976923076923077,0.02876923076923077,0.05,0.08346153846153846,0.04123076923076923,0.07130769230769231,0.049923076923076924,0.026384615384615385,0.025538461538461538,0.028153846153846154,0.027692307692307693,0.01769230769230769,0.013461538461538462,0.010769230769230769,0.010153846153846154,0.009384615384615385,0.009615384615384616,0.007,0.004384615384615384,0.003923076923076923,0.004076923076923077,0.0034615384615384616,0.0022307692307692306,0.01353846153846154
welding_0008_17-38-17_p2,0.0006157635467980296,0.001539408866995074,0.0014367816091954023,0.0016420361247947454,0.002052545155993432,0.0025656814449917897,0.0021551724137931034,0.003797208538587849,0.004105090311986864,0.003694581280788177,0.0038998357963875205,0.004823481116584565,0.005336617405582923,0.004618226600985222,0.00646551724137931,0.008107553366174056,0.010160098522167487,0.0159072249589491,0.022680623973727422,0.04084564860426929,0.04084564860426929,0.031198686371100164,0.020320197044334975,0.01611247947454844,0.01683087027914614,0.015701970443349755,0.02319376026272578,0.023501642036124794,0.0318144499178982,0.023399014778325122,0.021141215106732347,0.02001231527093596,0.018883415435139574,0.031096059113300493,0.022167487684729065,0.022270114942528736,0.025451559934318555,0.04125615763546798,0.044027093596059115,0.025554187192118227,0.024630541871921183,0.02976190476190476,0.05213464696223317,0.0465927750410509,0.019601806239737275,0.024220032840722498,0.03489326765188834,0.048132183908045974,0.020422824302134646,0.0028735632183908046,0.0034893267651888342,0.0021551724137931034,0.0031814449917898194,0.004310344827586207,0.004105090311986864,0.0031814449917898194,0.002976190476190476,0.0021551724137931034,0.0018472906403940886,0.001026272577996716,0.001539408866995074,0.001539408866995074,0.0016420361247947454,0.002360426929392447
welding_0008_17-38-17_p3,0.0,0.0,0.00021258503401360543,0.00021258503401360543,0.000744047619047619,0.0013818027210884354,0.0010629251700680273,0.0013818027210884354,0.002657312925170068,0.002232142857142857,0.0024447278911564627,0.002657312925170068,0.0027636054421768708,0.0032950680272108845,0.0027636054421768708,0.004995748299319728,0.004889455782312925,0.004995748299319728,0.008503401360544218,0.008503401360544218,0.009991496598639456,0.010735544217687075,0.012436224489795918,0.014668367346938776,0.01403061224489796,0.011479591836734694,0.012542517006802721,0.012436224489795918,0.011585884353741497,0.011054421768707483,0.01020408163265306,0.011054421768707483,0.014774659863945579,0.01403061224489796,0.018176020408163265,0.019238945578231293,0.021577380952380952,0.02295918367346939,0.03411989795918367,0.02646683673469388,0.02115221088435374,0.020514455782312924,0.02774234693877551,0.03709608843537415,0.04272959183673469,0.0741921768707483,0.05994897959183673,0.05038265306122449,0.0509141156462585,0.06324404761904762,0.039647108843537414,0.01721938775510204,0.011798469387755101,0.01371173469387755,0.01286139455782313,0.008928571428571428,0.008928571428571428,0.00818452380952381,0.003826530612244898,0.004570578231292517,0.00350765306122449,0.003401360544217687,0.002657312925170068,0.043579931972789115
welding_0008_17-38-17_p4,0.0013419216317767043,0.00322061191626409,0.0026838432635534087,0.0030864197530864196,0.004025764895330112,0.004562533548040795,0.0026838432635534087,0.0042941492216854536,0.00644122383252818,0.004562533548040795,0.005099302200751476,0.005233494363929146,0.006172839506172839,0.0067096081588835215,0.008588298443370907,0.00939345142243693,0.011674718196457327,0.01878690284487386,0.02563070316693505,0.04159957058507783,0.04468599033816425,0.03488996242619431,0.02187332259796028,0.016774020397208805,0.016774020397208805,0.01274825550187869,0.012345679012345678,0.015029522275899088,0.019592055823939882,0.017981749865807837,0.024691358024691357,0.024825550187869028,0.017444981213097156,0.014492753623188406,0.018518518518518517,0.019994632313472892,0.029253891572732154,0.039318303811057435,0.04495437466451959,0.03207192699946323,0.02938808373590982,0.030327428878153515,0.051798174986580785,0.04079441760601181,0.021739130434782608,0.0285829307568438,0.032877079978529254,0.0512614063338701,0.01610305958132045,0.004025764895330112,0.0036231884057971015,0.0029522275899087494,0.0033548040794417608,0.004159957058507783,0.004965110037573806,0.0024154589371980675,0.004159957058507783,0.0029522275899087494,0.001878690284487386,0.0013419216317767043,0.0017444981213097155,0.0013419216317767043,0.0014761137949543747,0.0026838432635534087
welding_0008_17-38-23_p0,0.001123876123876124,0.0037462537462537465,0.005994005994005994,0.007867132867132868,0.009615384615384616,0.01411088911088911,0.019355644355644356,0.017482517482517484,0.0246003996003996,0.028846153846153848,0.03409090909090909,0.03883616383616384,0.038461538461538464,0.032217782217782216,0.03396603396603397,0.027472527472527472,0.027597402597402596,0.024725274725274724,0.020104895104895104,0.021228771228771228,0.020854145854145856,0.01998001998001998,0.017482517482517484,0.016108891108891108,0.017482517482517484,0.016108891108891108,0.012362637362637362,0.012862137862137862,0.009115884115884116,0.011613386613386614,0.012987012987012988,0.014735264735264736,0.014735264735264736,0.011238761238761238,0.007992007992007992,0.008241758241758242,0.008741258741258742,0.007117882117882118,0.007867132867132868,0.008616383616383616,0.007617382617382617,0.01098901098901099,0.010864135864135864,0.00974025974025974,0.01048951048951049,0.017732267732267732,0.019605394605394604,0.022727272727272728,0.023226773226773228,0.029595404595404596,0.03396603396603397,0.025974025974025976,0.021228771228771228,0.016108891108891108,0.013361638361638362,0.01098901098901099,0.008991008991008992,0.00536963036963037,0.004995004995004995,0.0018731268731268732,0.001998001998001998,0.0008741258741258741,0.00024975024975024975,0.0037462537462537465
welding_0008_17-38-23_p1,0.0014508928571428572,0.0034598214285714284,0.0035714285714285713,0.005580357142857143,0.007254464285714286,0.011607142857142858,0.009933035714285714,0.010714285714285714,0.014955357142857144,0.017857142857142856,0.021875,0.019196428571428573,0.023325892857142858,0.024888392857142855,0.027008928571428573,0.025669642857142856,0.03046875,0.028013392857142858,0.03136160714285714,0.028013392857142858,0.028348214285714286,0.029799107142857145,0.0296875,0.029910714285714287,0.028348214285714286,0.027232142857142858,0.029464285714285714,0.028683035714285713,0.027232142857142858,0.027901785714285716,0.023102678571428573,0.019419642857142858,0.01685267857142857,0.019419642857142858,0.016517857142857143,0.014508928571428572,0.014620535714285714,0.015736607142857142,0.011383928571428571,0.010044642857142858,0.007477678571428572,0.0078125,0.0077008928571428575,0.005803571428571429,0.006584821428571429,0.0109375,0.012723214285714286,0.010602678571428572,0.00625,0.008258928571428572,0.009821428571428571,0.008482142857142856,0.009598214285714286,0.008705357142857143,0.009375,0.006696428571428571,0.009375,0.012053571428571429,0.007366071428571428,0.006808035714285714,0.0060267857142857146,0.005915178571428571,0.004129464285714286,0.017075892857142855
welding_0008_17-38-23_p2,0.012104743083003952,0.008893280632411068,0.012598814229249012,0.01383399209486166,0.02099802371541502,0.024703557312252964,0.03285573122529644,0.03507905138339921,0.030632411067193676,0.023962450592885376,0.027420948616600792,0.024209486166007904,0.02717391304347826,0.025444664031620552,0.025444664031620552,0.025444664031620552,0.031373517786561264,0.030138339920948616,0.024209486166007904,0.019268774703557312,0.016304347826086956,0.02198616600790514,0.0200098814229249,0.018774703557312252,0.01457509881422925,0.02099802371541502,0.01432806324110672,0.01432806324110672,0.016057312252964428,0.013092885375494072,0.015069169960474308,0.01358695652173913,0.010128458498023716,0.010622529644268774,0.010128458498023716,0.011116600790513834,0.00716403162055336,0.008893280632411068,0.011116600790513834,0.00716403162055336,0.008399209486166008,0.008399209486166008,0.009140316205533596,0.008399209486166008,0.004940711462450593,0.010128458498023716,0.008893280632411068,0.008893280632411068,0.010128458498023716,0.010622529644268774,0.010622529644268774,0.010128458498023716,0.011857707509881422,0.009881422924901186,0.010375494071146246,0.010128458498023716,0.009634387351778656,0.005434782608695652,0.010375494071146246,0.010375494071146246,0.006175889328063241,0.007411067193675889,0.007905138339920948,0.040513833992094864
welding_0008_17-38-23_p3,0.0019230769230769232,0.00641025641025641,0.009432234432234432,0.01446886446886447,0.02326007326007326,0.02490842490842491,0.021794871794871794,0.019413919413919414,0.016483516483516484,0.016025641025641024,0.01868131868131868,0.019688644688644688,0.020879120879120878,0.025915750915750917,0.021153846153846155,0.022252747252747253,0.02316849816849817,0.017948717948717947,0.0173992673992674,0.015018315018315019,0.01620879120879121,0.014377289377289377,0.014102564102564103,0.011538461538461539,0.010531135531135532,0.01282051282051282,0.012728937728937729,0.014743589743589743,0.013186813186813187,0.015476190476190477,0.012912087912087911,0.01584249084249084,0.014926739926739927,0.01684981684981685,0.014285714285714285,0.01703296703296703,0.01868131868131868,0.0184981684981685,0.01868131868131868,0.01694139194139194,0.0184981684981685,0.02197802197802198,0.021153846153846155,0.017948717948717947,0.01987179487179487,0.018772893772893772,0.018772893772893772,0.024175824175824177,0.025915750915750917,0.025091575091575093,0.022344322344322345,0.02161172161172161,0.022344322344322345,0.018864468864468863,0.013095238095238096,0.008333333333333333,0.0052197802197802195,0.005036630036630037,0.003937728937728938,0.0024725274725274724,0.002564102564102564,0.0015567765567765569,0.0007326007326007326,0.0031135531135531138
welding_0008_17-38-23_p4,0.0038819875776397515,0.007919254658385094,0.011645962732919254,0.013975155279503106,0.015838509316770187,0.018633540372670808,0.02267080745341615,0.02406832298136646,0.027639751552795033,0.03400621118012422,0.03571428571428571,0.041770186335403726,0.03664596273291926,0.037267080745341616,0.037267080745341616,0.029347826086956522,0.02826086956521739,0.02717391304347826,0.02142857142857143,0.020496894409937887,0.023291925465838508,0.018944099378881987,0.017546583850931677,0.017080745341614908,0.015838509316770187,0.016149068322981366,0.011645962732919254,0.014285714285714285,0.012577639751552796,0.011801242236024845,0.014751552795031056,0.013664596273291925,0.014130434782608696,0.011024844720496894,0.009316770186335404,0.010248447204968944,0.009161490683229814,0.010869565217391304,0.010714285714285714,0.010403726708074533,0.008540372670807454,0.013198757763975156,0.013043478260869565,0.016925465838509318,0.013198757763975156,0.011024844720496894,0.011490683229813664,0.012577639751552796,0.011490683229813664,0.013043478260869565,0.013043478260869565,0.010714285714285714,0.008074534161490683,0.010714285714285714,0.010559006211180125,0.010869565217391304,0.007608695652173913,0.0037267080745341614,0.005124223602484472,0.003260869565217391,0.002639751552795031,0.0027950310559006213,0.003105590062111801,0.014130434782608696
welding_0008_17-38-23_p5,0.002688172043010753,0.006384408602150538,0.008064516129032258,0.01243279569892473,0.01243279569892473,0.01881720430107527,0.012768817204301076,0.009408602150537635,0.016801075268817203,0.016129032258064516,0.024193548387096774,0.02049731182795699,0.02788978494623656,0.02486559139784946,0.029233870967741934,0.02486559139784946,0.01478494623655914,0.01881720430107527,0.018481182795698926,0.02217741935483871,0.024529569892473117,0.0198252688172043,0.024529569892473117,0.02788978494623656,0.023185483870967742,0.02486559139784946,0.03024193548387097,0.028561827956989246,0.025537634408602152,0.021841397849462367,0.0228494623655914,0.01881720430107527,0.016801075268817203,0.022513440860215055,0.021505376344086023,0.016801075268817203,0.02049731182795699,0.01646505376344086,0.0114247311827957,0.009744623655913979,0.006720430107526882,0.007728494623655914,0.010080645161290322,0.006384408602150538,0.006720430107526882,0.011760752688172043,0.009072580645161291,0.010752688172043012,0.006048387096774193,0.004704301075268817,0.00739247311827957,0.008400537634408602,0.006720430107526882,0.011088709677419355,0.0114247311827957,0.011088709677419355,0.013776881720430107,0.016129032258064516,0.010752688172043012,0.008400537634408602,0.006048387096774193,0.00739247311827957,0.004368279569892473,0.026881720430107527
welding_0008_17-38-23_p6,0.00078125,0.002734375,0.003515625,0.002734375,0.003515625,0.002734375,0.004296875,0.00625,0.00546875,0.00703125,0.009375,0.008203125,0.008984375,0.01015625,0.0109375,0.0109375,0.0078125,0.009765625,0.013671875,0.017578125,0.01640625,0.01953125,0.013671875,0.009765625,0.013671875,0.012109375,0.0140625,0.0109375,0.015234375,0.01640625,0.015625,0.021875,0.025,0.0296875,0.034375,0.031640625,0.055859375,0.057421875,0.057421875,0.084765625,0.056640625,0.0296875,0.01015625,0.0109375,0.01015625,0.012890625,0.011328125,0.013671875,0.006640625,0.00859375,0.005859375,0.006640625,0.004296875,0.001171875,0.00234375,0.0078125,0.011328125,0.006640625,0.01015625,0.009765625,0.008203125,0.010546875,0.008984375,0.03359375
welding_0008_17-38-23_p7,0.017037037037037038,0.018518518518518517,0.02185185185185185,0.021111111111111112,0.02851851851851852,0.0337037037037037,0.04148148148148148,0.04185185185185185,0.03481481481481481,0.03481481481481481,0.03925925925925926,0.027407407407407408,0.030740740740740742,0.030740740740740742,0.027037037037037037,0.022222222222222223,0.014074074074074074,0.01074074074074074,0.014074074074074074,0.01074074074074074,0.015925925925925927,0.014444444444444444,0.02,0.017407407407407406,0.016296296296296295,0.01925925925925926,0.014814814814814815,0.014074074074074074,0.015555555555555555,0.01,0.01,0.008888888888888889,0.007037037037037037,0.008148148148148147,0.008888888888888889,0.011851851851851851,0.00962962962962963,0.014074074074074074,0.012962962962962963,0.009259259259259259,0.01037037037037037,0.01074074074074074,0.01074074074074074,0.008148148148148147,0.007037037037037037,0.011111111111111112,0.013333333333333334,0.01,0.013703703703703704,0.012962962962962963,0.017037037037037038,0.01037037037037037,0.007037037037037037,0.005925925925925926,0.005925925925925926,0.005555555555555556,0.005925925925925926,0.002962962962962963,0.004814814814814815,0.002962962962962963,0.003703703703703704,0.004814814814814815,0.007037037037037037,0.02851851851851852
welding_0008_17-38-23_p8,0.0003629764065335753,0.0007259528130671506,0.001633393829401089,0.0017695099818511796,0.0029038112522686023,0.005127041742286752,0.0046279491833030855,0.005626134301270417,0.005036297640653358,0.005716878402903811,0.005626134301270417,0.004537205081669692,0.005399274047186933,0.005762250453720508,0.005490018148820327,0.006941923774954628,0.008575317604355717,0.008484573502722323,0.009936479128856625,0.010254083484573503,0.012114337568058076,0.013203266787658803,0.015335753176043557,0.016651542649727766,0.020054446460980035,0.023911070780399273,0.027450090744101634,0.027268602540834845,0.02676950998185118,0.022549909255898365,0.023139745916515426,0.02164246823956443,0.022413793103448276,0.02368421052631579,0.023548094373865697,0.02132486388384755,0.022867513611615244,0.019056261343012703,0.020235934664246825,0.016696914700544463,0.019509981851179675,0.0191470054446461,0.02028130671506352,0.018421052631578946,0.017422867513611617,0.016107078039927405,0.017150635208711434,0.01805807622504537,0.018330308529945553,0.02000907441016334,0.020235934664246825,0.02041742286751361,0.016878402903811252,0.0161978221415608,0.015381125226860254,0.014473684210526316,0.01606170598911071,0.015245009074410164,0.014246823956442832,0.01293103448275862,0.013112522686025408,0.013702359346642469,0.0176497277676951,0.08457350272232304
welding_0008_18-06-31_p0,0.10135467980295566,0.04655172413793104,0.019273399014778324,0.01163793103448276,0.01206896551724138,0.011022167487684729,0.010283251231527093,0.008866995073891626,0.008620689655172414,0.009298029556650246,0.009667487684729064,0.00708128078817734,0.009051724137931035,0.00917487684729064,0.010591133004926109,0.012992610837438424,0.01847290640394089,0.0250615763546798,0.018596059113300492,0.014408866995073892,0.011391625615763547,0.011268472906403941,0.010714285714285714,0.009482758620689655,0.011699507389162561,0.0145935960591133,0.017857142857142856,0.01687192118226601,0.022167487684729065,0.026169950738916255,0.02807881773399015,0.029002463054187192,0.033374384236453204,0.03516009852216749,0.029433497536945814,0.03158866995073892,0.032881773399014776,0.0332512315270936,0.02438423645320197,0.019519704433497535,0.017179802955665024,0.016995073891625617,0.014901477832512316,0.017980295566502463,0.015332512315270936,0.014039408866995074,0.015578817733990148,0.012438423645320197,0.0104064039408867,0.006527093596059113,0.005049261083743843,0.0049261083743842365,0.002832512315270936,0.0021551724137931034,0.0011083743842364533,0.0009852216748768472,0.001293103448275862,0.0008620689655172414,0.0012315270935960591,0.0008620689655172414,0.0009852216748768472,0.0009852216748768472,0.0010467980295566501,0.011330049261083743
welding_0008_18-06-31_p1,0.01023391812865497,0.006237816764132553,0.003898635477582846,0.004580896686159844,0.0060428849902534115,0.005653021442495127,0.006432748538011696,0.005847953216374269,0.0061403508771929825,0.007309941520467836,0.007309941520467836,0.007894736842105263,0.009551656920077973,0.008187134502923977,0.00760233918128655,0.007992202729044834,0.007797270955165692,0.006920077972709552,0.0050682261208577,0.0059454191033138405,0.004970760233918129,0.004775828460038986,0.004775828460038986,0.005750487329434698,0.005360623781676413,0.004775828460038986,0.006335282651072124,0.005555555555555556,0.005653021442495127,0.007504873294346979,0.005653021442495127,0.005165692007797271,0.006237816764132553,0.0043859649122807015,0.0061403508771929825,0.0060428849902534115,0.005847953216374269,0.009551656920077973,0.011500974658869395,0.011598440545808967,0.013157894736842105,0.014619883040935672,0.014717348927875244,0.013450292397660818,0.015984405458089667,0.025828460038986353,0.040740740740740744,0.05282651072124756,0.05448343079922027,0.06345029239766081,0.09834307992202729,0.10389863547758285,0.06003898635477583,0.027387914230019492,0.020662768031189084,0.014619883040935672,0.0158869395711501,0.015594541910331383,0.011111111111111112,0.008771929824561403,0.008771929824561403,0.007504873294346979,0.0060428849902534115,0.027875243664717348
welding_0008_18-06-31_p2,0.0727759009009009,0.039414414414414414,0.015976914414414414,0.01217623873873874,0.01097972972972973,0.008516328828828829,0.009149774774774775,0.010416666666666666,0.009572072072072071,0.012528153153153154,0.011542792792792793,0.010557432432432432,0.014006193693693693,0.014850788288288288,0.023859797297297296,0.026182432432432432,0.01245777027027027,0.006404842342342342,0.006756756756756757,0.006686373873873874,0.00731981981981982,0.008445945945945946,0.009712837837837838,0.01097972972972973,0.012387387387387387,0.014991554054054054,0.01731418918918919,0.01731418918918919,0.021255630630630632,0.022029842342342343,0.024985923423423425,0.027449324324324325,0.026182432432432432,0.03279842342342342,0.03610641891891892,0.039203265765765764,0.04603040540540541,0.03547297297297297,0.033572635135135136,0.027942004504504504,0.02005912162162162,0.019496058558558557,0.018932995495495496,0.01583614864864865,0.013020833333333334,0.012317004504504505,0.013091216216216216,0.010627815315315316,0.010275900900900902,0.008868243243243243,0.008938626126126127,0.00563063063063063,0.004082207207207207,0.0032376126126126125,0.0033783783783783786,0.002393018018018018,0.001759572072072072,0.001196509009009009,0.001266891891891892,0.0009853603603603603,0.0011261261261261261,0.0010557432432432433,0.001900337837837838,0.014217342342342343
welding_0008_18-19-58_p0,0.0020474137931034485,0.004094827586206897,0.004633620689655172,0.00581896551724138,0.005280172413793104,0.0067887931034482756,0.00625,0.007112068965517242,0.006573275862068966,0.007974137931034483,0.008512931034482758,0.008620689655172414,0.009267241379310344,0.010775862068965518,0.009159482758620689,0.010344827586206896,0.010452586206896552,0.009698275862068966,0.0125,0.015625,0.018426724137931033,0.015948275862068966,0.010668103448275863,0.009051724137931035,0.00646551724137931,0.008189655172413794,0.008297413793103448,0.006142241379310345,0.0042025862068965514,0.004525862068965518,0.004525862068965518,0.005064655172413793,0.007327586206896552,0.006681034482758621,0.00581896551724138,0.00625,0.007327586206896552,0.005711206896551724,0.007004310344827586,0.0067887931034482756,0.004956896551724138,0.006357758620689655,0.006142241379310345,0.006357758620689655,0.008297413793103448,0.008297413793103448,0.011422413793103449,0.010452586206896552,0.014439655172413792,0.01691810344827586,0.020150862068965516,0.032543103448275865,0.05775862068965517,0.038469827586206894,0.04288793103448276,0.046875,0.04773706896551724,0.03825431034482758,0.04601293103448276,0.05161637931034483,0.03556034482758621,0.020905172413793104,0.017241379310344827,0.09439655172413793
welding_0008_18-19-58_p1,0.00011366219595362583,0.0007388042736985678,0.0006251420777449421,0.0008524664696521937,0.0010797908615594453,0.001932257331211639,0.00136394635144351,0.003068879290747897,0.0037508524664696522,0.0040918390543305296,0.005057967719936349,0.004375994544214595,0.005398954307797227,0.006137758581495794,0.006535576267333485,0.006308251875426233,0.005569447601727665,0.00721754944305524,0.007388042736985678,0.007785860422823369,0.0075017049329393045,0.010456922027733576,0.010513753125710389,0.011025233007501705,0.015344396453739487,0.016481018413275744,0.0171629915889975,0.016822005001136623,0.020516026369629462,0.02239145260286429,0.019606728802000456,0.01858376903841782,0.01932257331211639,0.02307342577858604,0.02222095930893385,0.024323709934075927,0.026085473971357128,0.0242100477381223,0.03120027278927029,0.0330188679245283,0.049329393043873605,0.0660377358490566,0.04614685155717208,0.03864514662423278,0.03625824050920664,0.03353034780631962,0.02710843373493976,0.020288701977722208,0.01733348488292794,0.01619686292339168,0.013980450102295976,0.014946578767901796,0.01074107751761764,0.010002273243919073,0.009320300068197318,0.009831779949988633,0.008297340304614684,0.008297340304614684,0.007956353716753808,0.007160718345078427,0.00585360309161173,0.007842691520800181,0.009433962264150943,0.05620595589906797
welding_0008_18-19-58_p2,0.0,8.588114050154586e-05,0.00017176228100309173,8.588114050154586e-05,0.0010305736860185502,0.0020611473720371005,0.0028340776365510132,0.0033493644795602887,0.0042081758845757475,0.006612847818619031,0.004723462727585022,0.005839917554105119,0.005839917554105119,0.007385778083132944,0.009103400893163862,0.010649261422191686,0.0114221916867056,0.01202335967021642,0.01262452765372724,0.013655101339745792,0.015286843009275164,0.019151494331844727,0.019323256612847818,0.02576434215046376,0.026451391274476124,0.030144280316042597,0.032634833390587425,0.03615596015115081,0.0331501202335967,0.03710065269666781,0.03856063208519409,0.03813122638268636,0.03675712813466163,0.03160425970456888,0.026709034695980762,0.02610786671246994,0.025163174166952938,0.02198557196839574,0.024390243902439025,0.020182068017863278,0.02009618687736173,0.024218481621435934,0.02464788732394366,0.0207832360013741,0.023617313637925113,0.025163174166952938,0.02198557196839574,0.02164204740638956,0.016317416695293713,0.013740982480247337,0.01202335967021642,0.009017519752662316,0.008330470628649948,0.00601167983510821,0.004294057025077293,0.004379938165578839,0.0029199587770525593,0.004036413603572655,0.003692889041566472,0.0028340776365510132,0.004895225008588114,0.0034352456200618343,0.006526966678117485,0.03692889041566472
welding_0008_18-19-58_p3,0.0006471095772217428,0.0019413287316652286,0.002372735116479724,0.003451251078515962,0.0037748058671268334,0.0056082830025884385,0.0064710957722174285,0.006363244176013805,0.010353753235547885,0.010245901639344262,0.012510785159620362,0.010893011216566006,0.012295081967213115,0.013265746333045728,0.0113244176013805,0.013157894736842105,0.01218723037100949,0.014344262295081968,0.011647972389991372,0.016609145815358068,0.016824849007765316,0.0203839516824849,0.024805867126833477,0.028149266609145816,0.03116911130284728,0.03289473684210526,0.028149266609145816,0.028364969801553064,0.023403796376186368,0.028364969801553064,0.028688524590163935,0.02707075064710958,0.02545297670405522,0.026747195858498704,0.024698015530629853,0.020815358067299394,0.02146246764452114,0.01693270060396894,0.018334771354616048,0.015422778257118205,0.017903364969801553,0.017903364969801553,0.015746333045729078,0.015962036238136326,0.01779551337359793,0.019736842105263157,0.02113891285591027,0.024158757549611734,0.022540983606557378,0.018550474547023296,0.019197584124245038,0.01984469370146678,0.016716997411561692,0.01499137187230371,0.012295081967213115,0.0113244176013805,0.009598792062122519,0.005716134598792062,0.004745470232959448,0.0016177739430543571,0.0031276962899050905,0.0024805867126833476,0.0019413287316652286,0.017364106988783434
welding_0008_18-35-44_p0,0.01991719017704169,0.03398058252427184,0.022344374643061108,0.021059394631639063,0.019417475728155338,0.01806110793832096,0.021844660194174758,0.0211307824100514,0.025628212450028554,0.02198743575099943,0.023772130211307824,0.02826956025128498,0.028697886921758994,0.0173472301541976,0.01720445459737293,0.014848657909765849,0.015062821245002855,0.014348943460879497,0.013563677898343804,0.013349514563106795,0.011778983438035408,0.011993146773272416,0.012207310108509423,0.015633923472301543,0.011707595659623073,0.011422044545973729,0.01277841233580811,0.01277841233580811,0.012350085665334095,0.012207310108509423,0.012064534551684752,0.011707595659623073,0.011136493432324385,0.012635636778983437,0.013349514563106795,0.012635636778983437,0.012564249000571102,0.010351227869788692,0.01327812678469446,0.012350085665334095,0.013777841233580812,0.01413478012564249,0.013492290119931468,0.013849229011993147,0.010850942318675044,0.01277841233580811,0.012707024557395774,0.014563106796116505,0.014348943460879497,0.013206739006282124,0.012992575671045116,0.011350656767561394,0.012064534551684752,0.013349514563106795,0.011207881210736723,0.01106510565391205,0.009423186750428327,0.009351798972015992,0.008780696744717304,0.008709308966304969,0.009280411193603655,0.008637921187892634,0.010422615648201027,0.07088806396344946
welding_0008_18-35-44_p1,0.01976346093993153,0.021579001971158834,0.02707749766573296,0.059705363626932254,0.04448075526506899,0.03400248988484283,0.013253449527959331,0.013383131030189854,0.016132378877476917,0.01810353771138085,0.017766365805581493,0.021579001971158834,0.01965971573814711,0.016469550783276273,0.012190061209669053,0.01395372964000415,0.01104886399004046,0.010400456478887852,0.009259259259259259,0.010556074281564477,0.010037348272642391,0.011360099595393714,0.011360099595393714,0.011126672891378774,0.012708787218591141,0.011904761904761904,0.0112822906940554,0.011593526299408652,0.012682850918145036,0.012241933810561262,0.012994086523498288,0.011204481792717087,0.0124753605145762,0.013331258429297645,0.014057474841788568,0.014913372756510012,0.015950824774354187,0.01667704118684511,0.018544454818964624,0.01823321921361137,0.022642390289449112,0.02204585537918871,0.02100840336134454,0.020852785558667913,0.018803817823425665,0.01763668430335097,0.01670297748729121,0.015432098765432098,0.013824048137773628,0.013642494034650897,0.013486876231974271,0.011437908496732025,0.011723207801639175,0.012008507106546322,0.011256354393609296,0.010244838676211225,0.008584915447660546,0.008273679842307294,0.006847183317771553,0.005835667600373483,0.005965349102604004,0.005420686793235813,0.004486979977176056,0.026792198360825813
welding_0008_18-35-44_p2,0.038657407407407404,0.039969135802469136,0.02345679012345679,0.01743827160493827,0.015432098765432098,0.013271604938271606,0.008950617283950617,0.009876543209876543,0.010956790123456791,0.011265432098765432,0.012345679012345678,0.011342592592592593,0.011959876543209876,0.015046296296296295,0.013580246913580247,0.011728395061728396,0.01103395061728395,0.011188271604938271,0.011419753086419753,0.009567901234567902,0.01087962962962963,0.011419753086419753,0.010339506172839507,0.010725308641975309,0.010570987654320988,0.009104938271604938,0.01087962962962963,0.010416666666666666,0.011882716049382716,0.012191358024691358,0.013734567901234567,0.013888888888888888,0.014737654320987654,0.013503086419753086,0.012962962962962963,0.012962962962962963,0.01273148148148148,0.013117283950617283,0.011959876543209876,0.008796296296296297,0.012808641975308642,0.00949074074074074,0.009645061728395061,0.010725308641975309,0.012654320987654321,0.011342592592592593,0.010648148148148148,0.009799382716049384,0.008796296296296297,0.012654320987654321,0.013657407407407408,0.01558641975308642,0.015354938271604938,0.015432098765432098,0.02669753086419753,0.046064814814814815,0.04429012345679012,0.02970679012345679,0.021527777777777778,0.016049382716049384,0.01574074074074074,0.013657407407407408,0.011574074074074073,0.06080246913580247
welding_0008_18-35-44_p3,0.0006167763157894736,0.0009251644736842105,0.0014391447368421052,0.0029810855263157896,0.004009046052631579,0.004934210526315789,0.005859375,0.007298519736842105,0.01069078947368421,0.012952302631578948,0.014494243421052632,0.01768092105263158,0.01644736842105263,0.018811677631578948,0.017064144736842105,0.01840049342105263,0.025596217105263157,0.02333470394736842,0.025801809210526317,0.030530427631578948,0.035670230263157895,0.03011924342105263,0.03042763157894737,0.02939967105263158,0.023231907894736843,0.023951480263157895,0.021792763157894735,0.02230674342105263,0.022717927631578948,0.025699013157894735,0.03310032894736842,0.029502467105263157,0.02436266447368421,0.02240953947368421,0.018811677631578948,0.016241776315789474,0.016344572368421052,0.015522203947368422,0.01264391447368421,0.013877467105263159,0.013466282894736841,0.015111019736842105,0.015008223684210526,0.01459703947368421,0.012541118421052632,0.009662828947368422,0.010279605263157895,0.011821546052631578,0.012541118421052632,0.016036184210526317,0.011821546052631578,0.012027138157894737,0.010999177631578948,0.011410361842105263,0.009560032894736841,0.009971217105263159,0.009354440789473685,0.011101973684210526,0.008429276315789474,0.006476151315789474,0.005139802631578948,0.0031866776315789473,0.00390625,0.027549342105263157
welding_0008_18-35-44_p4,0.0,0.00019069412662090009,0.0002860411899313501,0.0009534706331045003,0.002574370709382151,0.004004576659038902,0.0043859649122807015,0.006578947368421052,0.007913806254767354,0.009534706331045004,0.008867276887871853,0.010392829900839054,0.011441647597254004,0.014683447749809305,0.016971777269260108,0.016685736079328755,0.020881006864988557,0.02154843630816171,0.02002288329519451,0.02660183066361556,0.028604118993135013,0.02507627765064836,0.02545766590389016,0.02850877192982456,0.03241800152555301,0.03537376048817696,0.02726926010678871,0.03070175438596491,0.03594584286803967,0.031178489702517163,0.03575514874141877,0.03470633104500381,0.03279938977879481,0.030892448512585814,0.02250190694126621,0.02021357742181541,0.015732265446224258,0.016304347826086956,0.013253241800152556,0.010678871090770405,0.010106788710907704,0.009725400457665904,0.007913806254767354,0.009916094584286803,0.010964912280701754,0.008485888634630054,0.011536994660564454,0.010964912280701754,0.011632341723874905,0.013443935926773455,0.014111365369946605,0.012681159420289856,0.013539282990083905,0.013634630053394355,0.009916094584286803,0.010488176964149503,0.009153318077803204,0.010964912280701754,0.010774218154080854,0.008104500381388253,0.004958047292143402,0.005053394355453852,0.005053394355453852,0.028985507246376812
welding_0008_18-35-44_p5,0.013860544217687076,0.016921768707482993,0.017346938775510204,0.015136054421768708,0.015221088435374149,0.015391156462585034,0.0163265306122449,0.015136054421768708,0.013605442176870748,0.012585034013605442,0.015306122448979591,0.01649659863945578,0.015816326530612244,0.012159863945578232,0.015051020408163265,0.013605442176870748,0.015646258503401362,0.014370748299319728,0.014965986394557823,0.01641156462585034,0.015901360544217688,0.017261904761904763,0.0163265306122449,0.0195578231292517,0.017091836734693878,0.012414965986394558,0.017687074829931974,0.016751700680272107,0.01488095238095238,0.01284013605442177,0.01479591836734694,0.0163265306122449,0.014625850340136054,0.017091836734693878,0.016666666666666666,0.01479591836734694,0.013095238095238096,0.015816326530612244,0.01641156462585034,0.014115646258503402,0.0125,0.012585034013605442,0.013860544217687076,0.015136054421768708,0.01488095238095238,0.01751700680272109,0.0195578231292517,0.02108843537414966,0.022789115646258504,0.025255102040816328,0.022534013605442178,0.01913265306122449,0.0233843537414966,0.02465986394557823,0.022193877551020407,0.021258503401360544,0.015816326530612244,0.013010204081632653,0.010034013605442177,0.006037414965986395,0.004506802721088435,0.0032312925170068026,0.0037414965986394557,0.019472789115646257
welding_0009_17-38-18_p0,0.00018601190476190475,0.0006820436507936508,0.0015500992063492063,0.0021081349206349205,0.0023561507936507935,0.003224206349206349,0.004774305555555556,0.007130456349206349,0.009300595238095238,0.011284722222222222,0.00744047619047619,0.007936507936507936,0.007564484126984127,0.007502480158730159,0.007936507936507936,0.007750496031746032,0.011160714285714286,0.009982638888888888,0.008804563492063492,0.010106646825396826,0.008928571428571428,0.010602678571428572,0.012586805555555556,0.011098710317460318,0.015128968253968254,0.016803075396825396,0.01878720238095238,0.026971726190476192,0.031436011904761904,0.03125,0.029575892857142856,0.027591765873015872,0.026785714285714284,0.039558531746031744,0.03298611111111111,0.018663194444444444,0.016617063492063492,0.013764880952380952,0.014694940476190476,0.018973214285714284,0.01488095238095238,0.017919146825396824,0.01457093253968254,0.021453373015873016,0.023871527777777776,0.026165674603174604,0.04625496031746032,0.028645833333333332,0.018601190476190476,0.018725198412698412,0.01773313492063492,0.020709325396825396,0.022135416666666668,0.022941468253968252,0.023809523809523808,0.05115327380952381,0.014074900793650794,0.009114583333333334,0.007192460317460317,0.00427827380952381,0.003968253968253968,0.0025421626984126985,0.0023561507936507935,0.015314980158730158
welding_0009_17-38-18_p1,0.0003478664192949907,0.0008116883116883117,0.0009276437847866419,0.0012755102040816326,0.0016233766233766235,0.0022031539888682744,0.0022031539888682744,0.002898886827458256,0.003478664192949907,0.0037105751391465678,0.005217996289424861,0.008928571428571428,0.009972170686456401,0.00927643784786642,0.005913729128014842,0.007769016697588126,0.00927643784786642,0.010783858998144713,0.01414656771799629,0.012987012987012988,0.011131725417439703,0.01020408163265306,0.015190166975881261,0.011131725417439703,0.011363636363636364,0.01461038961038961,0.019016697588126158,0.018320964749536178,0.015769944341372914,0.01426252319109462,0.01913265306122449,0.016001855287569575,0.017857142857142856,0.021335807050092765,0.023423005565862708,0.020871985157699443,0.016349721706864564,0.022263450834879406,0.021915584415584416,0.017393320964749538,0.021219851576994433,0.025858070500927643,0.025974025974025976,0.04290352504638219,0.0686456400742115,0.045802411873840446,0.041743970315398886,0.039540816326530615,0.052759740259740256,0.040236549165120594,0.021567717996289426,0.02006029684601113,0.018668831168831168,0.01403061224489796,0.012639146567717996,0.011943413729128015,0.00985621521335807,0.008232838589981447,0.007073283858998145,0.005217996289424861,0.002551020408163265,0.002319109461966605,0.0013914656771799629,0.008464749536178108
welding_0009_17-38-18_p2,0.002294685990338164,0.003321256038647343,0.00392512077294686,0.006038647342995169,0.006884057971014493,0.006642512077294686,0.006400966183574879,0.007004830917874396,0.008272946859903381,0.008031400966183575,0.008937198067632851,0.009420289855072464,0.010326086956521738,0.013768115942028985,0.0161231884057971,0.015579710144927537,0.012741545893719806,0.01286231884057971,0.015036231884057972,0.015579710144927537,0.013405797101449275,0.014613526570048309,0.013768115942028985,0.01177536231884058,0.012258454106280193,0.012620772946859904,0.013768115942028985,0.01533816425120773,0.01497584541062802,0.017632850241545893,0.023731884057971015,0.025845410628019323,0.016243961352657005,0.01576086956521739,0.022644927536231884,0.025603864734299518,0.03810386473429952,0.05301932367149759,0.04136473429951691,0.02964975845410628,0.02741545893719807,0.03031400966183575,0.02892512077294686,0.028079710144927536,0.02469806763285024,0.04909420289855072,0.036231884057971016,0.04118357487922705,0.030797101449275364,0.009178743961352657,0.007729468599033816,0.005374396135265701,0.005132850241545894,0.0067028985507246374,0.008091787439613526,0.005917874396135266,0.005797101449275362,0.005193236714975845,0.005978260869565218,0.00428743961352657,0.002355072463768116,0.0018115942028985507,0.0016908212560386474,0.0067028985507246374
welding_0009_17-38-18_p3,0.004453125,0.01375,0.009375,0.00765625,0.0078125,0.008359375,0.01125,0.016328125,0.011953125,0.011015625,0.010625,0.010546875,0.01234375,0.01125,0.0109375,0.010390625,0.010703125,0.0103125,0.007109375,0.006796875,0.0053125,0.005703125,0.00515625,0.005625,0.00625,0.0071875,0.008203125,0.0071875,0.008359375,0.0084375,0.008125,0.008359375,0.01078125,0.013671875,0.013984375,0.01296875,0.016953125,0.0203125,0.023828125,0.02078125,0.028984375,0.02625,0.0453125,0.083515625,0.044765625,0.072265625,0.05328125,0.028671875,0.02234375,0.031640625,0.027109375,0.020859375,0.0146875,0.012265625,0.010625,0.008671875,0.008125,0.006875,0.005078125,0.003515625,0.00484375,0.003203125,0.00328125,0.013671875
welding_0009_17-38-23_p0,0.005400421496311907,0.008166491043203371,0.00803477344573235,0.008956796628029505,0.01356691253951528,0.01356691253951528,0.01857218124341412,0.020152792413066386,0.02291886195995785,0.021733403582718653,0.029899894625922022,0.031743940990516334,0.03424657534246575,0.03648577449947313,0.04096417281348788,0.03042676501580611,0.027660695468914646,0.02370916754478398,0.020811380400421495,0.023314014752370917,0.019362486828240252,0.022787144362486828,0.020152792413066386,0.019362486828240252,0.018177028451001054,0.015410958904109588,0.01422550052687039,0.011327713382507903,0.012776606954689147,0.013171759747102213,0.013171759747102213,0.01172286617492097,0.011195995785036881,0.010405690200210748,0.009351949420442571,0.00987881981032666,0.008298208640674393,0.009747102212855638,0.010142255005268703,0.010273972602739725,0.008825079030558482,0.011064278187565859,0.013435194942044258,0.010669125395152792,0.014357218124341412,0.017518440463645944,0.018703898840885143,0.02423603793466807,0.01975763962065332,0.015279241306638568,0.017123287671232876,0.02410432033719705,0.019362486828240252,0.015806111696522657,0.01185458377239199,0.011064278187565859,0.008561643835616438,0.0069810326659641726,0.003819810326659642,0.0032929399367755533,0.003951527924130664,0.0026343519494204425,0.0014488935721812435,0.004873551106427819
welding_0009_17-38-23_p1,0.0,0.0008285984848484849,0.0031960227272727275,0.00390625,0.005681818181818182,0.008285984848484848,0.009706439393939394,0.009943181818181818,0.012547348484848484,0.01278409090909091,0.016690340909090908,0.014086174242424242,0.01775568181818182,0.017518939393939392,0.018110795454545456,0.02284564393939394,0.027107007575757576,0.023200757575757576,0.023792613636363636,0.025686553030303032,0.026396780303030304,0.029829545454545456,0.029947916666666668,0.034564393939393936,0.035274621212121215,0.033854166666666664,0.03314393939393939,0.030303030303030304,0.029592803030303032,0.02616003787878788,0.024857954545454544,0.02284564393939394,0.018465909090909092,0.019767992424242424,0.020359848484848484,0.021070075757575756,0.021780303030303032,0.016690340909090908,0.01337594696969697,0.011245265151515152,0.01065340909090909,0.009943181818181818,0.009824810606060606,0.009824810606060606,0.010535037878787878,0.012073863636363636,0.01065340909090909,0.011600378787878788,0.010535037878787878,0.008641098484848484,0.009706439393939394,0.01065340909090909,0.010179924242424242,0.010890151515151516,0.010535037878787878,0.011600378787878788,0.0078125,0.007575757575757576,0.005089962121212121,0.006273674242424242,0.005800189393939394,0.005445075757575758,0.0035511363636363635,0.01740056818181818
welding_0009_17-38-23_p2,0.0078125,0.0228125,0.0165625,0.0178125,0.02125,0.025,0.0215625,0.03,0.028125,0.0259375,0.0278125,0.035,0.029375,0.03125,0.0284375,0.035625,0.0278125,0.02625,0.02625,0.0178125,0.0215625,0.016875,0.0178125,0.0153125,0.015,0.014375,0.014375,0.016875,0.014375,0.0184375,0.01375,0.013125,0.011875,0.014375,0.0115625,0.0096875,0.0071875,0.0075,0.0121875,0.0140625,0.0084375,0.0109375,0.0109375,0.00875,0.0103125,0.011875,0.0128125,0.011875,0.0103125,0.0115625,0.01125,0.008125,0.0078125,0.008125,0.006875,0.006875,0.006875,0.005625,0.0065625,0.0040625,0.006875,0.0040625,0.004375,0.021875
welding_0009_17-38-23_p3,0.0023226351351351353,0.008657094594594595,0.010135135135135136,0.01393581081081081,0.01710304054054054,0.021642736486486486,0.018897804054054054,0.018369932432432432,0.01488597972972973,0.015625,0.013724662162162162,0.014358108108108109,0.014146959459459459,0.01710304054054054,0.018581081081081082,0.022592905405405407,0.02924408783783784,0.02660472972972973,0.01752533783783784,0.01752533783783784,0.015730574324324325,0.015519425675675675,0.016997466216216218,0.018475506756756757,0.01805320945945946,0.01752533783783784,0.01932010135135135,0.016575168918918918,0.016469594594594593,0.015308277027027027,0.013619087837837838,0.015308277027027027,0.013091216216216216,0.014146959459459459,0.012985641891891891,0.014358108108108109,0.015202702702702704,0.015097128378378379,0.01488597972972973,0.01583614864864865,0.01393581081081081,0.01953125,0.02027027027027027,0.023015202702702704,0.01953125,0.023859797297297296,0.017736486486486486,0.01763091216216216,0.023543074324324325,0.024070945945945946,0.024598817567567568,0.02544341216216216,0.01953125,0.01636402027027027,0.01467483108108108,0.011296452702702704,0.008340371621621621,0.0071790540540540545,0.005701013513513513,0.005278716216216216,0.0044341216216216214,0.0028505067567567567,0.001583614864864865,0.0021114864864864866
welding_0009_17-38-23_p4,0.0,8.59106529209622e-05,0.0005584192439862543,0.0009020618556701031,0.001718213058419244,0.0028350515463917525,0.0035223367697594502,0.0032646048109965637,0.0036941580756013745,0.005713058419243986,0.005283505154639176,0.004596219931271478,0.004553264604810997,0.004639175257731959,0.004725085910652921,0.004853951890034364,0.004896907216494845,0.006185567010309278,0.006615120274914089,0.007259450171821306,0.009106529209621994,0.008719931271477663,0.010567010309278351,0.012371134020618556,0.013015463917525774,0.013960481099656358,0.014733676975945017,0.017010309278350514,0.01683848797250859,0.01799828178694158,0.017396907216494846,0.01950171821305842,0.021821305841924397,0.024871134020618555,0.02268041237113402,0.021134020618556702,0.020876288659793813,0.021735395189003436,0.02229381443298969,0.02577319587628866,0.024012027491408936,0.023797250859106528,0.02349656357388316,0.020575601374570446,0.02104810996563574,0.020532646048109966,0.021305841924398626,0.020532646048109966,0.01804123711340206,0.019673539518900343,0.01752577319587629,0.018427835051546392,0.021262886597938145,0.020618556701030927,0.020403780068728523,0.018213058419243987,0.016924398625429552,0.015292096219931271,0.014905498281786942,0.013960481099656358,0.013101374570446736,0.013530927835051547,0.01829896907216495,0.13621134020618555
welding_0009_17-38-23_p5,0.005691056910569106,0.013821138211382113,0.011788617886178862,0.015853658536585366,0.01951219512195122,0.018292682926829267,0.024390243902439025,0.02723577235772358,0.02804878048780488,0.024390243902439025,0.02967479674796748,0.03577235772357724,0.026422764227642278,0.03373983739837398,0.02886178861788618,0.026829268292682926,0.02926829268292683,0.02804878048780488,0.03170731707317073,0.034552845528455285,0.04024390243902439,0.026422764227642278,0.01788617886178862,0.021544715447154472,0.013821138211382113,0.012601626016260163,0.012601626016260163,0.00894308943089431,0.00975609756097561,0.016666666666666666,0.014634146341463415,0.00934959349593496,0.01016260162601626,0.00853658536585366,0.007723577235772358,0.004878048780487805,0.006097560975609756,0.0032520325203252032,0.004878048780487805,0.005284552845528455,0.0040650406504065045,0.0016260162601626016,0.0020325203252032522,0.005691056910569106,0.00894308943089431,0.004878048780487805,0.004471544715447155,0.005691056910569106,0.006097560975609756,0.011382113821138212,0.004878048780487805,0.00853658536585366,0.015447154471544716,0.01097560975609756,0.011788617886178862,0.011788617886178862,0.008130081300813009,0.011382113821138212,0.01016260162601626,0.013414634146341463,0.015447154471544716,0.00853658536585366,0.008130081300813009,0.05731707317073171
welding_0009_17-38-23_p6,0.0,0.0017531556802244039,0.007363253856942496,0.0070126227208976155,0.006661991584852735,0.010168302945301542,0.015077138849929873,0.010518934081346423,0.01788218793828892,0.015427769985974754,0.015778401122019635,0.012973352033660589,0.016129032258064516,0.015778401122019635,0.01753155680224404,0.0182328190743338,0.024193548387096774,0.021388499298737727,0.02244039270687237,0.0273492286115007,0.02244039270687237,0.02769985974754558,0.02664796633941094,0.029102384291725104,0.02208976157082749,0.020687237026647966,0.025596072931276297,0.02769985974754558,0.029102384291725104,0.02769985974754558,0.02664796633941094,0.021739130434782608,0.01753155680224404,0.023492286115007012,0.023492286115007012,0.021037868162692847,0.023492286115007012,0.019985974754558204,0.01332398316970547,0.011220196353436185,0.010869565217391304,0.009817671809256662,0.011570827489481066,0.012973352033660589,0.015077138849929873,0.016479663394109396,0.009817671809256662,0.005610098176718092,0.0091164095371669,0.00876577840112202,0.0070126227208976155,0.009817671809256662,0.010168302945301542,0.01332398316970547,0.014726507713884993,0.014726507713884993,0.010869565217391304,0.009467040673211781,0.0035063113604488078,0.005610098176718092,0.0070126227208976155,0.006311360448807854,0.006311360448807854,0.02664796633941094
welding_0009_17-38-23_p7,0.00872093023255814,0.014534883720930232,0.011212624584717609,0.009551495016611296,0.00872093023255814,0.011212624584717609,0.009966777408637873,0.01079734219269103,0.011627906976744186,0.016611295681063124,0.01744186046511628,0.016196013289036543,0.022009966777408636,0.024501661129568107,0.029485049833887042,0.017857142857142856,0.018272425249169437,0.01910299003322259,0.01951827242524917,0.014534883720930232,0.01287375415282392,0.015780730897009966,0.017857142857142856,0.013289036544850499,0.015365448504983389,0.0170265780730897,0.012043189368770765,0.015780730897009966,0.016611295681063124,0.010382059800664452,0.009966777408637873,0.009966777408637873,0.013289036544850499,0.014119601328903655,0.01287375415282392,0.011627906976744186,0.009966777408637873,0.011627906976744186,0.01079734219269103,0.011627906976744186,0.012043189368770765,0.009966777408637873,0.010382059800664452,0.013289036544850499,0.009136212624584718,0.009551495016611296,0.010382059800664452,0.007475083056478406,0.014534883720930232,0.018272425249169437,0.029069767441860465,0.02782392026578073,0.015780730897009966,0.016196013289036543,0.02159468438538206,0.017857142857142856,0.018687707641196014,0.024916943521594685,0.012458471760797342,0.012043189368770765,0.015365448504983389,0.007475083056478406,0.011212624584717609,0.07973421926910298
welding_0009_17-38-23_p8,0.01138663967611336,0.023785425101214574,0.015182186234817813,0.018977732793522266,0.025303643724696356,0.02403846153846154,0.027327935222672066,0.0326417004048583,0.029605263157894735,0.030364372469635626,0.039979757085020245,0.039473684210526314,0.03390688259109312,0.03567813765182186,0.03744939271255061,0.03340080971659919,0.0298582995951417,0.026062753036437247,0.02277327935222672,0.024544534412955465,0.021002024291497976,0.019230769230769232,0.020495951417004048,0.017965587044534412,0.018724696356275303,0.012145748987854251,0.016194331983805668,0.01492914979757085,0.011892712550607287,0.015941295546558706,0.009868421052631578,0.011892712550607287,0.010121457489878543,0.011133603238866396,0.009868421052631578,0.011133603238866396,0.008350202429149798,0.010121457489878543,0.01062753036437247,0.012398785425101215,0.00784412955465587,0.013917004048582995,0.015182186234817813,0.01062753036437247,0.010374493927125507,0.011892712550607287,0.005819838056680162,0.00860323886639676,0.007338056680161943,0.009868421052631578,0.010121457489878543,0.009868421052631578,0.005566801619433198,0.005819838056680162,0.004048582995951417,0.0020242914979757085,0.002277327935222672,0.0005060728744939271,0.0012651821862348178,0.0007591093117408907,0.00354251012145749,0.003036437246963563,0.0010121457489878543,0.012904858299595142
welding_0009_17-38-23_p9,0.00024295432458697764,0.0029154518950437317,0.004980563654033042,0.007410106899902819,0.00935374149659864,0.01020408163265306,0.010689990281827016,0.010932944606413994,0.012876579203109815,0.014091350826044704,0.016763848396501458,0.013969873663751214,0.01749271137026239,0.015549076773566569,0.014334305150631681,0.0184645286686103,0.01967930029154519,0.02052964042759961,0.02077259475218659,0.023931000971817298,0.025631681243926143,0.02806122448979592,0.023566569484936833,0.0250242954324587,0.02684645286686103,0.02478134110787172,0.027089407191448006,0.023688046647230322,0.026117589893100097,0.023688046647230322,0.026239067055393587,0.021622934888241012,0.01882896015549077,0.019436345966958212,0.021501457725947522,0.01761418853255588,0.019314868804664723,0.020165208940719145,0.015792031098153546,0.018100097181729835,0.018343051506316814,0.018343051506316814,0.014577259475218658,0.016034985422740525,0.012876579203109815,0.015063168124392614,0.016034985422740525,0.013241010689990281,0.014212827988338192,0.012876579203109815,0.012026239067055394,0.010082604470359573,0.011054421768707483,0.010689990281827016,0.008017492711370262,0.007774538386783284,0.0058309037900874635,0.007531584062196307,0.005466472303206997,0.006559766763848397,0.005587949465500486,0.006438289601554907,0.0047376093294460644,0.028304178814382897
welding_0009_17-38-23_p10,0.004432624113475178,0.007978723404255319,0.00576241134751773,0.008421985815602837,0.0062056737588652485,0.010638297872340425,0.006648936170212766,0.008865248226950355,0.010195035460992909,0.013297872340425532,0.014184397163120567,0.016400709219858155,0.0199468085106383,0.020833333333333332,0.022163120567375887,0.016400709219858155,0.018173758865248225,0.01950354609929078,0.020833333333333332,0.012854609929078014,0.011968085106382979,0.014184397163120567,0.01773049645390071,0.010638297872340425,0.011968085106382979,0.01551418439716312,0.01773049645390071,0.016400709219858155,0.01374113475177305,0.009308510638297872,0.013297872340425532,0.008421985815602837,0.019060283687943262,0.01551418439716312,0.016400709219858155,0.015957446808510637,0.014627659574468085,0.015070921985815602,0.011081560283687944,0.014627659574468085,0.014184397163120567,0.011081560283687944,0.011968085106382979,0.01950354609929078,0.016843971631205674,0.012411347517730497,0.01374113475177305,0.011968085106382979,0.015070921985815602,0.016400709219858155,0.01773049645390071,0.008865248226950355,0.010638297872340425,0.016843971631205674,0.022163120567375887,0.017287234042553192,0.02171985815602837,0.022606382978723406,0.012854609929078014,0.00975177304964539,0.01374113475177305,0.008421985815602837,0.010195035460992909,0.11702127659574468
welding_0009_18-06-32_p0,0.09603174603174604,0.05061050061050061,0.02032967032967033,0.010500610500610501,0.011172161172161172,0.010744810744810745,0.008852258852258852,0.008913308913308913,0.010317460317460317,0.00805860805860806,0.009829059829059829,0.008424908424908424,0.009768009768009768,0.00989010989010989,0.010683760683760684,0.013431013431013432,0.018131868131868133,0.025213675213675214,0.017826617826617826,0.014285714285714285,0.012332112332112332,0.009706959706959707,0.010744810744810745,0.009157509157509158,0.013247863247863248,0.014285714285714285,0.016422466422466423,0.015873015873015872,0.02032967032967033,0.025763125763125762,0.029426129426129426,0.02893772893772894,0.026923076923076925,0.03540903540903541,0.03015873015873016,0.03363858363858364,0.03571428571428571,0.0336996336996337,0.027777777777777776,0.0221001221001221,0.0184981684981685,0.015567765567765568,0.014896214896214897,0.016666666666666666,0.015567765567765568,0.014774114774114774,0.01562881562881563,0.013064713064713065,0.010561660561660562,0.006166056166056166,0.004822954822954823,0.00463980463980464,0.0027472527472527475,0.002136752136752137,0.0008547008547008547,0.001098901098901099,0.0008547008547008547,0.001343101343101343,0.0009768009768009768,0.0006105006105006105,0.0007936507936507937,0.0010378510378510379,0.0010378510378510379,0.01098901098901099
welding_0009_18-06-32_p1,0.006794871794871795,0.009871794871794872,0.008333333333333333,0.008461538461538461,0.010384615384615384,0.011666666666666667,0.00935897435897436,0.009487179487179488,0.012051282051282051,0.01064102564102564,0.015256410256410256,0.01641025641025641,0.015128205128205128,0.01628205128205128,0.016794871794871796,0.01769230769230769,0.015128205128205128,0.013846153846153847,0.011153846153846153,0.010897435897435897,0.011666666666666667,0.018846153846153846,0.02435897435897436,0.03333333333333333,0.027692307692307693,0.02846153846153846,0.019230769230769232,0.020512820512820513,0.014102564102564103,0.013076923076923076,0.011282051282051283,0.011025641025641025,0.011923076923076923,0.014615384615384615,0.015128205128205128,0.014615384615384615,0.015128205128205128,0.015384615384615385,0.015,0.019358974358974358,0.011794871794871795,0.019230769230769232,0.02423076923076923,0.020512820512820513,0.023974358974358973,0.020256410256410257,0.01782051282051282,0.023205128205128205,0.02782051282051282,0.025256410256410258,0.028717948717948718,0.023846153846153847,0.016794871794871796,0.021025641025641025,0.026282051282051282,0.017948717948717947,0.009487179487179488,0.006794871794871795,0.006282051282051282,0.005384615384615384,0.004487179487179487,0.002564102564102564,0.002307692307692308,0.01358974358974359
welding_0009_18-06-32_p2,0.06989397321428571,0.03801618303571429,0.019252232142857144,0.011648995535714286,0.009974888392857142,0.008858816964285714,0.00830078125,0.011858258928571428,0.010323660714285714,0.009556361607142858,0.011160714285714286,0.012974330357142858,0.012834821428571428,0.017229352678571428,0.025181361607142856,0.02197265625,0.011788504464285714,0.006905691964285714,0.007393973214285714,0.008440290178571428,0.008719308035714286,0.008510044642857142,0.010184151785714286,0.010114397321428572,0.013532366071428572,0.013811383928571428,0.017159598214285716,0.017368861607142856,0.018345424107142856,0.024135044642857144,0.026506696428571428,0.027204241071428572,0.025530133928571428,0.033203125,0.03599330357142857,0.039271763392857144,0.04575892857142857,0.03662109375,0.032924107142857144,0.029994419642857144,0.021623883928571428,0.017020089285714284,0.016810825892857144,0.016043526785714284,0.012555803571428572,0.01171875,0.013462611607142858,0.011648995535714286,0.011369977678571428,0.008649553571428572,0.007603236607142857,0.006138392857142857,0.00390625,0.00341796875,0.0025111607142857145,0.0028599330357142855,0.0011858258928571428,0.0013253348214285715,0.0018833705357142857,0.0006277901785714286,0.0015345982142857143,0.0016043526785714285,0.0015345982142857143,0.014508928571428572
welding_0009_18-06-32_p3,0.003942881500426257,0.0026641091219096334,0.0037297527706734866,0.0029838022165387893,0.00319693094629156,0.0038363171355498722,0.0037297527706734866,0.005328218243819267,0.00777919863597613,0.006500426257459505,0.005434782608695652,0.0068201193520886615,0.008525149190110827,0.008312020460358057,0.007885763000852515,0.007459505541346973,0.0076726342710997444,0.007033248081841432,0.006500426257459505,0.004688832054560955,0.00639386189258312,0.005647911338448423,0.005967604433077579,0.004901960784313725,0.0058610400682011935,0.004475703324808184,0.00618073316283035,0.004369138959931799,0.005221653878942882,0.007033248081841432,0.005754475703324808,0.005221653878942882,0.0041560102301790285,0.005008525149190111,0.005647911338448423,0.007566069906223359,0.007885763000852515,0.00959079283887468,0.012894288150042626,0.01097612958226769,0.014066496163682864,0.014492753623188406,0.011722080136402387,0.012894288150042626,0.015345268542199489,0.021099744245524295,0.028878942881500426,0.053388746803069057,0.050831202046035806,0.06340579710144928,0.09899829497016198,0.10912190963341858,0.08258738277919864,0.029198635976129584,0.020886615515771527,0.01555839727195226,0.015451832907075873,0.015132139812446719,0.011615515771526001,0.012468030690537084,0.007246376811594203,0.009057971014492754,0.008844842284739984,0.03292838874680307
welding_0009_18-06-32_p4,0.0,0.003605769230769231,0.004807692307692308,0.004206730769230769,0.007211538461538462,0.0030048076923076925,0.004807692307692308,0.006610576923076923,0.004807692307692308,0.006610576923076923,0.0018028846153846155,0.004807692307692308,0.008413461538461538,0.006610576923076923,0.012620192307692308,0.010817307692307692,0.009615384615384616,0.01141826923076923,0.018028846153846152,0.010216346153846154,0.006009615384615385,0.010216346153846154,0.010817307692307692,0.009615384615384616,0.013221153846153846,0.009615384615384616,0.009014423076923076,0.021033653846153848,0.01201923076923077,0.01201923076923077,0.015625,0.014423076923076924,0.007211538461538462,0.0078125,0.003605769230769231,0.015625,0.009615384615384616,0.007211538461538462,0.01201923076923077,0.010216346153846154,0.012620192307692308,0.014423076923076924,0.01201923076923077,0.008413461538461538,0.016826923076923076,0.022235576923076924,0.025841346153846152,0.027644230769230768,0.03125,0.03665865384615385,0.034254807692307696,0.05709134615384615,0.039663461538461536,0.02283653846153846,0.034254807692307696,0.024639423076923076,0.033052884615384616,0.021033653846153848,0.022235576923076924,0.024639423076923076,0.019831730769230768,0.02283653846153846,0.021634615384615384,0.05709134615384615
welding_0009_18-06-32_p5,0.017011834319526627,0.026627218934911243,0.01787475345167653,0.015162721893491124,0.014669625246548324,0.017135108481262328,0.01910749506903353,0.01947731755424063,0.016272189349112426,0.017504930966469427,0.01873767258382643,0.017504930966469427,0.02021696252465483,0.022312623274161735,0.01972386587771203,0.01861439842209073,0.02009368836291913,0.01960059171597633,0.016148915187376725,0.01775147928994083,0.019970414201183433,0.01910749506903353,0.012943786982248521,0.013313609467455622,0.013806706114398421,0.014546351084812623,0.016148915187376725,0.014176528599605522,0.01282051282051282,0.014176528599605522,0.016272189349112426,0.013683431952662722,0.014176528599605522,0.013067061143984222,0.014053254437869823,0.01171104536489152,0.013929980276134122,0.012943786982248521,0.01245069033530572,0.013313609467455622,0.012943786982248521,0.010355029585798817,0.012080867850098619,0.01245069033530572,0.01960059171597633,0.020833333333333332,0.023545364891518736,0.022682445759368838,0.027736686390532544,0.03710552268244576,0.033160749506903356,0.029832347140039447,0.020833333333333332,0.014792899408284023,0.010355029585798817,0.008752465483234714,0.004930966469428008,0.005424063116370809,0.004314595660749507,0.0016025641025641025,0.002095660749506903,0.0011094674556213018,0.0011094674556213018,0.004191321499013806
welding_0009_18-06-32_p6,0.002635046113306983,0.01844532279314888,0.007575757575757576,0.005270092226613966,0.015151515151515152,0.015480895915678524,0.012516469038208168,0.005270092226613966,0.005928853754940711,0.007246376811594203,0.010540184453227932,0.008563899868247694,0.011198945981554678,0.010210803689064558,0.015480895915678524,0.022397891963109356,0.015480895915678524,0.00691699604743083,0.00691699604743083,0.010869565217391304,0.007246376811594203,0.010210803689064558,0.00691699604743083,0.007575757575757576,0.010210803689064558,0.014163372859025032,0.011857707509881422,0.007246376811594203,0.009552042160737812,0.008234519104084322,0.007575757575757576,0.005599472990777339,0.007575757575757576,0.010869565217391304,0.00922266139657444,0.013175230566534914,0.025362318840579712,0.01383399209486166,0.01152832674571805,0.010210803689064558,0.010869565217391304,0.009552042160737812,0.01152832674571805,0.02206851119894598,0.028985507246376812,0.017127799736495388,0.023386034255599472,0.027009222661396576,0.01745718050065876,0.011198945981554678,0.011857707509881422,0.009881422924901186,0.01152832674571805,0.010869565217391304,0.015151515151515152,0.015480895915678524,0.015480895915678524,0.014822134387351778,0.010540184453227932,0.013504611330698288,0.015810276679841896,0.015810276679841896,0.02206851119894598,0.21574440052700922
welding_0009_18-19-59_p0,0.0021929824561403508,0.005893640350877193,0.004660087719298245,0.004660087719298245,0.006441885964912281,0.005619517543859649,0.0069901315789473685,0.006853070175438596,0.005756578947368421,0.005619517543859649,0.007401315789473684,0.008771929824561403,0.01000548245614035,0.008908991228070175,0.00712719298245614,0.008634868421052632,0.010142543859649123,0.007949561403508772,0.010142543859649123,0.011101973684210526,0.012883771929824562,0.01918859649122807,0.013157894736842105,0.006578947368421052,0.005208333333333333,0.005893640350877193,0.006304824561403508,0.005482456140350877,0.005345394736842105,0.004797149122807018,0.006167763157894737,0.008086622807017545,0.0043859649122807015,0.006578947368421052,0.007401315789473684,0.00932017543859649,0.007949561403508772,0.006578947368421052,0.006304824561403508,0.006167763157894737,0.006441885964912281,0.008086622807017545,0.006441885964912281,0.0043859649122807015,0.006578947368421052,0.00918311403508772,0.005619517543859649,0.011101973684210526,0.010964912280701754,0.020148026315789474,0.025767543859649123,0.04015899122807018,0.07826206140350878,0.04413377192982456,0.04139254385964912,0.0434484649122807,0.04413377192982456,0.04180372807017544,0.06085526315789474,0.046875,0.03700657894736842,0.012335526315789474,0.012472587719298246,0.08374451754385964
welding_0009_18-19-59_p1,0.0,0.0,0.00017049329393043874,0.00011366219595362583,0.0006251420777449421,0.0008524664696521937,0.0020459195271652648,0.0021595817231188905,0.002557399408956581,0.0028983859968174587,0.0036371902705160265,0.0047169811320754715,0.004773812230052284,0.005285292111843601,0.007331211639008866,0.0057967719936349174,0.007842691520800181,0.008126847010684246,0.007899522618776994,0.008808820186406002,0.009490793362127756,0.009661286656058195,0.010286428733803137,0.011479881791316208,0.012502841554898841,0.01210502386906115,0.017276653784951124,0.020743350761536713,0.021311661741304843,0.0206865196635599,0.020118208683791772,0.02227779040691066,0.025801318481473063,0.02341441236644692,0.02364173675835417,0.02318708797453967,0.024551034325983177,0.029949988633780403,0.031370766083200725,0.042055012502841556,0.0669470334166856,0.05711525346669698,0.04569220277335758,0.03904296431007047,0.02733575812684701,0.023869061150261422,0.02125483064332803,0.01483291657194817,0.018470106842464196,0.0154012275517163,0.01324164582859741,0.01324164582859741,0.011366219595362582,0.009604455558081383,0.008013184814730621,0.007444873834962492,0.010002273243919073,0.010059104341895886,0.010059104341895886,0.00914980677426688,0.01113889520345533,0.013298476926574222,0.013923619004319163,0.04194135030688793
welding_0009_18-19-59_p2,0.0,0.00028935185185185184,0.0003616898148148148,0.0007233796296296296,0.0013744212962962963,0.001808449074074074,0.003399884259259259,0.004701967592592593,0.004484953703703704,0.006799768518518518,0.006004050925925926,0.008391203703703705,0.010416666666666666,0.010199652777777778,0.01070601851851852,0.010416666666666666,0.01099537037037037,0.011791087962962963,0.014756944444444444,0.015552662037037037,0.01765046296296296,0.019241898148148147,0.020905671296296297,0.019675925925925927,0.024305555555555556,0.028428819444444444,0.03501157407407408,0.03479456018518518,0.037109375,0.03414351851851852,0.03421585648148148,0.029875578703703703,0.030381944444444444,0.029079861111111112,0.025535300925925927,0.026258680555555556,0.0234375,0.02141203703703704,0.022135416666666668,0.023292824074074073,0.027560763888888888,0.022569444444444444,0.025173611111111112,0.02394386574074074,0.022063078703703703,0.02025462962962963,0.020543981481481483,0.01707175925925926,0.01678240740740741,0.01490162037037037,0.013310185185185185,0.01294849537037037,0.009403935185185185,0.007378472222222222,0.007089120370370371,0.007523148148148148,0.006438078703703704,0.005642361111111111,0.005570023148148148,0.005497685185185185,0.004918981481481482,0.005280671296296296,0.004557291666666667,0.02350983796296296
welding_0009_18-19-59_p3,0.0,0.0,0.0008658008658008658,0.0010822510822510823,0.0030303030303030303,0.006168831168831169,0.009632034632034632,0.00974025974025974,0.008766233766233766,0.0091991341991342,0.0091991341991342,0.009956709956709957,0.012445887445887446,0.014935064935064935,0.01038961038961039,0.010173160173160173,0.0091991341991342,0.010714285714285714,0.010064935064935065,0.014935064935064935,0.013852813852813853,0.014393939393939395,0.0183982683982684,0.019913419913419914,0.01893939393939394,0.02207792207792208,0.028354978354978355,0.02608225108225108,0.027705627705627706,0.029653679653679654,0.026406926406926406,0.024567099567099567,0.025216450216450217,0.022402597402597403,0.02088744588744589,0.020454545454545454,0.02077922077922078,0.020454545454545454,0.01829004329004329,0.016883116883116882,0.0158008658008658,0.014285714285714285,0.021536796536796538,0.022402597402597403,0.02316017316017316,0.021645021645021644,0.022294372294372294,0.022943722943722943,0.023051948051948053,0.023051948051948053,0.025324675324675326,0.02261904761904762,0.01753246753246753,0.020346320346320345,0.018506493506493506,0.015043290043290043,0.013311688311688311,0.012554112554112554,0.009523809523809525,0.005952380952380952,0.006060606060606061,0.004978354978354979,0.004761904761904762,0.0170995670995671
welding_0009_18-19-59_p4,0.00935374149659864,0.006377551020408163,0.007227891156462585,0.00935374149659864,0.00977891156462585,0.00935374149659864,0.013180272108843538,0.010629251700680272,0.00977891156462585,0.008928571428571428,0.01020408163265306,0.011904761904761904,0.008503401360544218,0.007653061224489796,0.00467687074829932,0.005952380952380952,0.007653061224489796,0.01020408163265306,0.01445578231292517,0.011904761904761904,0.00977891156462585,0.013180272108843538,0.012755102040816327,0.010629251700680272,0.011054421768707483,0.007653061224489796,0.008928571428571428,0.010629251700680272,0.00510204081632653,0.008928571428571428,0.00935374149659864,0.007227891156462585,0.007653061224489796,0.010629251700680272,0.007653061224489796,0.008503401360544218,0.005952380952380952,0.00467687074829932,0.007653061224489796,0.007227891156462585,0.0055272108843537416,0.006802721088435374,0.007653061224489796,0.00935374149659864,0.010629251700680272,0.011479591836734694,0.015306122448979591,0.018282312925170068,0.021258503401360544,0.025935374149659865,0.022534013605442178,0.017431972789115645,0.025935374149659865,0.036139455782312924,0.03316326530612245,0.07015306122448979,0.05187074829931973,0.050595238095238096,0.030612244897959183,0.025935374149659865,0.020833333333333332,0.02465986394557823,0.022534013605442178,0.07312925170068027
welding_0009_18-35-45_p0,0.020361990950226245,0.032381221719457016,0.02403846153846154,0.023048642533936653,0.02022058823529412,0.018311651583710408,0.01901866515837104,0.020644796380090497,0.023826357466063347,0.021917420814479636,0.02474547511312217,0.027290723981900453,0.026088800904977377,0.021846719457013573,0.01668552036199095,0.01392816742081448,0.013362556561085972,0.014069570135746607,0.012726244343891403,0.012867647058823529,0.013150452488687783,0.012938348416289592,0.014210972850678733,0.01371606334841629,0.014069570135746607,0.012302036199095022,0.012584841628959276,0.013221153846153846,0.010888009049773755,0.010675904977375566,0.011877828054298642,0.010605203619909503,0.011382918552036199,0.010675904977375566,0.012443438914027148,0.013574660633484163,0.013291855203619909,0.012584841628959276,0.010746606334841629,0.011382918552036199,0.01265554298642534,0.01541289592760181,0.014493778280542987,0.0135039592760181,0.016544117647058824,0.012796945701357466,0.01265554298642534,0.011241515837104072,0.01392816742081448,0.01159502262443439,0.012089932126696833,0.011877828054298642,0.01117081447963801,0.01307975113122172,0.012302036199095022,0.012302036199095022,0.011948529411764705,0.010817307692307692,0.008059954751131223,0.008130656108597286,0.009756787330316742,0.008484162895927601,0.009968891402714931,0.07147907239819004
welding_0009_18-35-45_p1,0.0330316978763469,0.04127000732294173,0.06295114551731353,0.060283502458416155,0.02905638665132336,0.014253583010775187,0.012501307668166126,0.016790459253059945,0.02026885657495554,0.020059629668375354,0.019301182132022178,0.01828120096244377,0.012109007218328277,0.01182132022178052,0.011925933675070614,0.0121351605816508,0.013678209017679674,0.012396694214876033,0.012972068207971544,0.014279736374097709,0.012553614394811173,0.011638246678522857,0.012004393765038184,0.011612093315200335,0.011507479861910242,0.01093210586881473,0.011272099592007532,0.01244900094152108,0.012867454754681451,0.0121351605816508,0.011899780311748091,0.012658227848101266,0.011141332775394915,0.012161313944973324,0.011376713045297625,0.011690553405167904,0.014541270007322941,0.01611047180667434,0.016345852076577048,0.016816612616382468,0.014881263730515744,0.014593576733967988,0.015378177633643686,0.015848938173449106,0.014907417093838268,0.014227429647452662,0.014985877183805837,0.015482791086933779,0.015064337273773407,0.013233601841196778,0.013181295114551732,0.012998221571294068,0.013521288837744535,0.012187467308295848,0.013442828747776964,0.012109007218328277,0.010749032325557066,0.00949367088607595,0.0071398681870488544,0.007558322000209227,0.00591066011089026,0.005649126477665027,0.004001464588346062,0.020373470028245633
welding_0009_18-35-45_p2,0.001212686567164179,0.0021455223880597015,0.0026119402985074628,0.0052238805970149255,0.007649253731343284,0.009608208955223881,0.009048507462686567,0.010261194029850746,0.011940298507462687,0.012966417910447761,0.016791044776119403,0.015671641791044775,0.01791044776119403,0.02080223880597015,0.023600746268656717,0.02453358208955224,0.02658582089552239,0.024720149253731342,0.027798507462686566,0.029384328358208957,0.02453358208955224,0.028731343283582088,0.028078358208955222,0.024906716417910448,0.022388059701492536,0.025559701492537314,0.02248134328358209,0.027425373134328357,0.02583955223880597,0.027985074626865673,0.02919776119402985,0.027611940298507463,0.021921641791044777,0.020335820895522386,0.01791044776119403,0.013619402985074627,0.013432835820895522,0.011100746268656717,0.010914179104477612,0.008675373134328358,0.009888059701492537,0.009794776119402986,0.009235074626865672,0.008488805970149253,0.010074626865671642,0.008488805970149253,0.010074626865671642,0.00998134328358209,0.011380597014925373,0.013246268656716418,0.01744402985074627,0.01333955223880597,0.0166044776119403,0.013899253731343283,0.011567164179104477,0.011100746268656717,0.009514925373134328,0.008861940298507462,0.00914179104477612,0.008582089552238806,0.007462686567164179,0.005317164179104478,0.004850746268656716,0.028544776119402985
welding_0009_18-35-45_p3,0.0020710059171597634,0.0046351084812623275,0.0053254437869822485,0.006804733727810651,0.011439842209072978,0.012919132149901381,0.013609467455621301,0.013708086785009862,0.015187376725838263,0.014398422090729782,0.01725838264299803,0.017455621301775148,0.01844181459566075,0.021400394477317553,0.021104536489151875,0.02495069033530572,0.02554240631163708,0.02514792899408284,0.028796844181459565,0.03244575936883629,0.028994082840236687,0.02544378698224852,0.0247534516765286,0.020710059171597635,0.020414201183431954,0.01903353057199211,0.01992110453648915,0.02347140039447732,0.020019723865877713,0.024161735700197237,0.022978303747534515,0.022978303747534515,0.01814595660749507,0.01903353057199211,0.013806706114398421,0.014497041420118343,0.014694280078895464,0.014595660749506903,0.014694280078895464,0.01272189349112426,0.014102564102564103,0.016765285996055226,0.016173570019723867,0.010946745562130178,0.010355029585798817,0.008579881656804733,0.011045364891518738,0.011637080867850098,0.011637080867850098,0.013708086785009862,0.014201183431952662,0.01301775147928994,0.013806706114398421,0.01222879684418146,0.011242603550295858,0.010157790927021695,0.009368836291913214,0.007692307692307693,0.007988165680473372,0.005917159763313609,0.005719921104536489,0.004142011834319527,0.004832347140039448,0.027021696252465484
welding_0009_18-35-45_p4,0.03204787234042553,0.03271276595744681,0.019747340425531914,0.015625,0.011303191489361703,0.013497340425531915,0.010106382978723405,0.011768617021276595,0.010571808510638298,0.010372340425531914,0.01389627659574468,0.015957446808510637,0.016688829787234044,0.013696808510638299,0.011303191489361703,0.00997340425531915,0.008577127659574468,0.007978723404255319,0.009375,0.008909574468085107,0.009707446808510638,0.008444148936170213,0.009042553191489361,0.009906914893617022,0.008111702127659574,0.009906914893617022,0.010571808510638298,0.01077127659574468,0.011569148936170212,0.011835106382978723,0.01589095744680851,0.014694148936170213,0.014428191489361702,0.015757978723404256,0.015425531914893617,0.011768617021276595,0.011968085106382979,0.01389627659574468,0.010704787234042553,0.010039893617021277,0.014361702127659574,0.014760638297872341,0.00964095744680851,0.009242021276595744,0.00791223404255319,0.010239361702127659,0.010305851063829786,0.011170212765957447,0.01110372340425532,0.012433510638297873,0.01276595744680851,0.011901595744680851,0.017486702127659574,0.01875,0.031117021276595744,0.047938829787234044,0.04175531914893617,0.028656914893617023,0.02127659574468085,0.018351063829787233,0.025066489361702127,0.020545212765957447,0.020545212765957447,0.05412234042553191
welding_0010_17-38-19_p0,0.0023965141612200436,0.008769063180827886,0.00784313725490196,0.008660130718954249,0.009041394335511982,0.00789760348583878,0.008387799564270153,0.00855119825708061,0.0105119825708061,0.012254901960784314,0.012962962962962963,0.011928104575163398,0.011982570806100218,0.012690631808278867,0.011383442265795208,0.0144880174291939,0.015087145969498911,0.01639433551198257,0.015305010893246188,0.010947712418300653,0.013398692810457516,0.01045751633986928,0.00991285403050109,0.008061002178649237,0.008769063180827886,0.009640522875816994,0.011710239651416121,0.01045751633986928,0.013180827886710239,0.018736383442265796,0.032407407407407406,0.020479302832244008,0.014270152505446623,0.014324618736383443,0.016230936819172113,0.02042483660130719,0.033877995642701525,0.04547930283224401,0.03344226579520697,0.030501089324618737,0.030664488017429194,0.02826797385620915,0.026633986928104574,0.030555555555555555,0.03556644880174292,0.050762527233115466,0.04106753812636166,0.0275599128540305,0.018191721132897604,0.010947712418300653,0.009640522875816994,0.011383442265795208,0.01247276688453159,0.012254901960784314,0.010185185185185186,0.00789760348583878,0.00849673202614379,0.006644880174291939,0.008333333333333333,0.0054466230936819175,0.0033224400871459695,0.002777777777777778,0.0022331154684095862,0.0054466230936819175
welding_0010_17-38-19_p1,0.0007861635220125787,0.0023584905660377358,0.00294811320754717,0.003636006289308176,0.003242924528301887,0.0038325471698113208,0.005306603773584905,0.005601415094339622,0.005699685534591195,0.005699685534591195,0.00805817610062893,0.0066823899371069185,0.005797955974842767,0.008746069182389937,0.008549528301886792,0.007763364779874214,0.010514937106918238,0.01650943396226415,0.01650943396226415,0.015625,0.013659591194968554,0.014150943396226415,0.01306996855345912,0.013266509433962265,0.014249213836477988,0.015428459119496855,0.015526729559748428,0.016804245283018868,0.013561320754716982,0.018867924528301886,0.016607704402515723,0.016312893081761006,0.018867924528301886,0.019261006289308175,0.020538522012578615,0.018376572327044025,0.020931603773584904,0.01896619496855346,0.02279874213836478,0.021029874213836477,0.025943396226415096,0.024764150943396228,0.025943396226415096,0.03881682389937107,0.05571933962264151,0.04540094339622641,0.03370676100628931,0.03262578616352201,0.04549921383647799,0.0330188679245283,0.014642295597484277,0.014544025157232705,0.015919811320754717,0.015428459119496855,0.015625,0.014937106918238994,0.013266509433962265,0.013364779874213837,0.008942610062893082,0.006191037735849057,0.004520440251572327,0.004520440251572327,0.002751572327044025,0.007763364779874214
welding_0010_17-38-24_p0,0.0,0.0010986328125,0.0008544921875,0.0028076171875,0.0042724609375,0.0062255859375,0.0068359375,0.00830078125,0.0125732421875,0.01611328125,0.013427734375,0.013427734375,0.0194091796875,0.0177001953125,0.0196533203125,0.0218505859375,0.0263671875,0.032958984375,0.035400390625,0.0350341796875,0.031982421875,0.0389404296875,0.037353515625,0.041259765625,0.03125,0.027099609375,0.0291748046875,0.0257568359375,0.0220947265625,0.0223388671875,0.0194091796875,0.01806640625,0.0203857421875,0.021484375,0.0205078125,0.020263671875,0.016357421875,0.0137939453125,0.01513671875,0.0128173828125,0.012451171875,0.0089111328125,0.0074462890625,0.0089111328125,0.0118408203125,0.0078125,0.0108642578125,0.009033203125,0.00830078125,0.009765625,0.013671875,0.010498046875,0.010498046875,0.0106201171875,0.0107421875,0.0098876953125,0.0072021484375,0.0074462890625,0.008544921875,0.00634765625,0.0048828125,0.0035400390625,0.0042724609375,0.0167236328125
welding_0010_17-38-24_p1,0.0004155124653739612,0.0011542012927054479,0.002031394275161588,0.0017543859649122807,0.0022622345337026777,0.003139427516158818,0.0025392428439519853,0.003554939981532779,0.003693444136657433,0.004570637119113574,0.004339796860572484,0.004709141274238227,0.004293628808864266,0.004755309325946445,0.005124653739612188,0.004893813481071099,0.00530932594644506,0.007940904893813482,0.007894736842105263,0.009972299168975069,0.009002770083102494,0.008264081255771006,0.010664819944598338,0.010110803324099723,0.01149584487534626,0.010110803324099723,0.0110803324099723,0.012557710064635273,0.015974145891043397,0.013850415512465374,0.017867036011080334,0.019113573407202215,0.019529085872576176,0.019067405355493998,0.020867959372114497,0.023361034164358262,0.022945521698984304,0.02497691597414589,0.0278393351800554,0.026454293628808863,0.027516158818097877,0.023591874422899353,0.024607571560480147,0.023407202216066483,0.021745152354570637,0.0203601108033241,0.018882733148661127,0.017636195752539243,0.017959372114496767,0.01772853185595568,0.017820867959372114,0.017636195752539243,0.018698060941828253,0.019575253924284396,0.020544783010156973,0.016528162511542013,0.015881809787626964,0.015373961218836565,0.014035087719298246,0.012742382271468145,0.012419205909510619,0.01301939058171745,0.020544783010156973,0.1522622345337027
welding_0010_17-38-24_p2,0.0045351473922902496,0.00510204081632653,0.005668934240362812,0.00963718820861678,0.013605442176870748,0.00935374149659864,0.013888888888888888,0.017006802721088437,0.0195578231292517,0.01984126984126984,0.022675736961451247,0.02806122448979592,0.031746031746031744,0.041383219954648526,0.041383219954648526,0.045068027210884355,0.04790249433106576,0.04195011337868481,0.035430839002267574,0.042800453514739226,0.03344671201814059,0.030045351473922902,0.02522675736961451,0.021541950113378686,0.016723356009070295,0.013605442176870748,0.011054421768707483,0.012755102040816327,0.008503401360544218,0.008219954648526076,0.007086167800453515,0.006519274376417234,0.005952380952380952,0.006802721088435374,0.006519274376417234,0.007936507936507936,0.006519274376417234,0.005385487528344671,0.00510204081632653,0.006802721088435374,0.005668934240362812,0.005668934240362812,0.007369614512471655,0.006519274376417234,0.007936507936507936,0.010487528344671202,0.009070294784580499,0.005385487528344671,0.0036848072562358277,0.006519274376417234,0.013888888888888888,0.01020408163265306,0.007086167800453515,0.007369614512471655,0.005952380952380952,0.006802721088435374,0.006519274376417234,0.015306122448979591,0.01445578231292517,0.010487528344671202,0.008503401360544218,0.011621315192743764,0.013888888888888888,0.0572562358276644
welding_0010_17-38-24_p3,0.00872093023255814,0.0061773255813953485,0.007267441860465116,0.00944767441860465,0.012354651162790697,0.01308139534883721,0.016715116279069766,0.010901162790697675,0.01126453488372093,0.018168604651162792,0.014171511627906976,0.017078488372093022,0.016351744186046513,0.015261627906976744,0.014171511627906976,0.010537790697674418,0.011991279069767442,0.012354651162790697,0.007630813953488372,0.011627906976744186,0.009084302325581396,0.01744186046511628,0.015625,0.013808139534883721,0.010901162790697675,0.013808139534883721,0.02071220930232558,0.015261627906976744,0.014898255813953489,0.018168604651162792,0.016351744186046513,0.01744186046511628,0.012718023255813954,0.00872093023255814,0.014898255813953489,0.014534883720930232,0.0061773255813953485,0.010901162790697675,0.010537790697674418,0.010174418604651164,0.00944767441860465,0.01126453488372093,0.01308139534883721,0.01308139534883721,0.011627906976744186,0.015625,0.018168604651162792,0.014898255813953489,0.024709302325581394,0.038517441860465115,0.02688953488372093,0.02507267441860465,0.021075581395348836,0.019622093023255814,0.015625,0.015625,0.014171511627906976,0.01744186046511628,0.015625,0.014171511627906976,0.009084302325581396,0.007630813953488372,0.00872093023255814,0.10138081395348837
welding_0010_17-38-24_p4,0.0060526315789473685,0.013421052631578948,0.011052631578947368,0.014473684210526316,0.016052631578947367,0.017105263157894738,0.02157894736842105,0.023421052631578947,0.020526315789473684,0.023421052631578947,0.024473684210526314,0.02763157894736842,0.035263157894736843,0.03631578947368421,0.03710526315789474,0.035789473684210524,0.037894736842105266,0.025,0.02763157894736842,0.025789473684210525,0.026578947368421053,0.02526315789473684,0.02526315789473684,0.015263157894736841,0.016578947368421054,0.012894736842105263,0.015526315789473685,0.013157894736842105,0.013421052631578948,0.013157894736842105,0.008421052631578947,0.009473684210526316,0.007631578947368421,0.009736842105263158,0.01,0.007631578947368421,0.012105263157894737,0.007105263157894737,0.00631578947368421,0.009210526315789473,0.011052631578947368,0.011052631578947368,0.011578947368421053,0.01,0.011578947368421053,0.010789473684210526,0.009736842105263158,0.008684210526315789,0.007631578947368421,0.007368421052631579,0.013157894736842105,0.009473684210526316,0.007631578947368421,0.005263157894736842,0.007894736842105263,0.005,0.00631578947368421,0.012894736842105263,0.012368421052631579,0.007368421052631579,0.007105263157894737,0.007894736842105263,0.010526315789473684,0.04289473684210526
welding_0010_17-38-24_p5,0.004472271914132379,0.007602862254025045,0.005813953488372093,0.005813953488372093,0.008050089445438283,0.014311270125223614,0.014311270125223614,0.014311270125223614,0.01744186046511628,0.01967799642218247,0.014311270125223614,0.01073345259391771,0.014758497316636851,0.010286225402504472,0.009391771019677997,0.012522361359570662,0.009838998211091235,0.009838998211091235,0.008944543828264758,0.008944543828264758,0.011180679785330949,0.018783542039355994,0.011180679785330949,0.016547406082289804,0.013416815742397137,0.018336314847942754,0.016100178890876567,0.016100178890876567,0.016547406082289804,0.014311270125223614,0.016547406082289804,0.015652951699463326,0.016100178890876567,0.014311270125223614,0.012522361359570662,0.014758497316636851,0.011180679785330949,0.018783542039355994,0.012075134168157423,0.017889087656529516,0.011180679785330949,0.01699463327370304,0.018336314847942754,0.01520572450805009,0.02101967799642218,0.016100178890876567,0.016547406082289804,0.018783542039355994,0.01744186046511628,0.020572450805008944,0.016100178890876567,0.017889087656529516,0.02728085867620751,0.015652951699463326,0.01967799642218247,0.01699463327370304,0.013416815742397137,0.014758497316636851,0.009838998211091235,0.014758497316636851,0.008944543828264758,0.009838998211091235,0.008944543828264758,0.11001788908765653
welding_0010_17-38-24_p6,0.00273224043715847,0.00853825136612022,0.00665983606557377,0.008025956284153006,0.009050546448087431,0.011099726775956284,0.014173497267759563,0.02151639344262295,0.024760928961748634,0.03551912568306011,0.033640710382513664,0.0391051912568306,0.04252049180327869,0.043203551912568305,0.038422131147540985,0.041325136612021855,0.03244535519125683,0.029883879781420764,0.03210382513661202,0.03090846994535519,0.025273224043715847,0.027663934426229508,0.027493169398907103,0.027151639344262294,0.026297814207650275,0.02424863387978142,0.018613387978142076,0.015198087431693989,0.011099726775956284,0.00973360655737705,0.014002732240437158,0.008709016393442622,0.00819672131147541,0.006830601092896175,0.005976775956284153,0.00853825136612022,0.007342896174863388,0.00819672131147541,0.008025956284153006,0.008879781420765027,0.008709016393442622,0.008025956284153006,0.008025956284153006,0.007513661202185792,0.008025956284153006,0.008879781420765027,0.00939207650273224,0.007855191256830601,0.013490437158469945,0.011612021857923498,0.011270491803278689,0.011612021857923498,0.009050546448087431,0.011612021857923498,0.009050546448087431,0.007684426229508197,0.005806010928961749,0.00853825136612022,0.005806010928961749,0.0023907103825136613,0.005122950819672131,0.003244535519125683,0.003927595628415301,0.010245901639344262
welding_0010_17-38-24_p7,0.0025111607142857145,0.00902157738095238,0.01097470238095238,0.013950892857142858,0.013764880952380952,0.015159970238095238,0.016927083333333332,0.017206101190476192,0.014136904761904762,0.013392857142857142,0.014322916666666666,0.015625,0.015997023809523808,0.019717261904761904,0.020833333333333332,0.021484375,0.021298363095238096,0.020554315476190476,0.020554315476190476,0.017857142857142856,0.018229166666666668,0.018508184523809524,0.018229166666666668,0.019810267857142856,0.016741071428571428,0.01636904761904762,0.015531994047619048,0.013764880952380952,0.014601934523809524,0.015438988095238096,0.01488095238095238,0.013578869047619048,0.013113839285714286,0.015625,0.01804315476190476,0.016648065476190476,0.021577380952380952,0.02390252976190476,0.022600446428571428,0.025018601190476192,0.023344494047619048,0.022321428571428572,0.021205357142857144,0.022135416666666668,0.019252232142857144,0.020089285714285716,0.021484375,0.023530505952380952,0.025948660714285716,0.024088541666666668,0.022507440476190476,0.019345238095238096,0.015438988095238096,0.013113839285714286,0.008091517857142858,0.005022321428571429,0.005673363095238095,0.005022321428571429,0.0030691964285714285,0.003162202380952381,0.002883184523809524,0.002232142857142857,0.0011160714285714285,0.002418154761904762
welding_0010_17-38-24_p8,0.0007102272727272727,0.004058441558441558,0.0035511363636363635,0.004768668831168831,0.006087662337662338,0.007305194805194805,0.009334415584415584,0.01176948051948052,0.016639610389610388,0.018567370129870128,0.01471185064935065,0.015422077922077922,0.018973214285714284,0.017857142857142856,0.01958198051948052,0.016030844155844156,0.017248376623376624,0.022524350649350648,0.021002435064935064,0.024857954545454544,0.024350649350649352,0.024452110389610388,0.020900974025974024,0.02130681818181818,0.021002435064935064,0.019176136363636364,0.020596590909090908,0.023031655844155844,0.0216112012987013,0.017857142857142856,0.017349837662337664,0.016639610389610388,0.01937905844155844,0.017146915584415584,0.016538149350649352,0.017045454545454544,0.0174512987012987,0.014001623376623376,0.01755275974025974,0.015523538961038962,0.015827922077922076,0.016132305194805196,0.0174512987012987,0.021712662337662336,0.023031655844155844,0.019987824675324676,0.02130681818181818,0.018973214285714284,0.019176136363636364,0.01755275974025974,0.014813311688311688,0.014813311688311688,0.013392857142857142,0.011870941558441558,0.009334415584415584,0.009232954545454546,0.007102272727272727,0.007913961038961038,0.009537337662337662,0.008116883116883116,0.006392045454545455,0.006189123376623377,0.006899350649350649,0.02932224025974026
welding_0010_17-38-24_p9,0.004615384615384616,0.016923076923076923,0.014423076923076924,0.015192307692307692,0.019230769230769232,0.01826923076923077,0.023846153846153847,0.02673076923076923,0.0275,0.036923076923076927,0.03653846153846154,0.041346153846153845,0.039038461538461536,0.036730769230769234,0.0325,0.02923076923076923,0.03,0.022884615384615385,0.0275,0.023269230769230768,0.023846153846153847,0.023076923076923078,0.023076923076923078,0.022115384615384617,0.023076923076923078,0.017115384615384616,0.01653846153846154,0.015192307692307692,0.013846153846153847,0.010576923076923078,0.010961538461538462,0.008653846153846154,0.007884615384615384,0.008461538461538461,0.008461538461538461,0.006538461538461538,0.010192307692307691,0.007884615384615384,0.006923076923076923,0.009423076923076923,0.011346153846153846,0.009423076923076923,0.011538461538461539,0.008461538461538461,0.009230769230769232,0.008846153846153846,0.01,0.009230769230769232,0.011923076923076923,0.009423076923076923,0.010192307692307691,0.01,0.008846153846153846,0.007692307692307693,0.006538461538461538,0.0038461538461538464,0.004230769230769231,0.0055769230769230765,0.006538461538461538,0.003269230769230769,0.004807692307692308,0.003653846153846154,0.006538461538461538,0.022307692307692306
welding_0010_17-38-24_p10,0.0,0.0024544179523141654,0.0010518934081346423,0.0038569424964936885,0.008064516129032258,0.010168302945301542,0.008415147265077139,0.006661991584852735,0.011921458625525946,0.016830294530154277,0.00876577840112202,0.012622720897615708,0.016479663394109396,0.012973352033660589,0.017180925666199158,0.024193548387096774,0.0182328190743338,0.019635343618513323,0.021739130434782608,0.02279102384291725,0.02699859747545582,0.03927068723702665,0.03260869565217391,0.03681626928471248,0.03190743338008415,0.03190743338008415,0.03541374474053296,0.030855539971949508,0.03120617110799439,0.029803646563814866,0.023842917251051893,0.021037868162692847,0.024193548387096774,0.03155680224403927,0.021037868162692847,0.0182328190743338,0.011921458625525946,0.01367461430575035,0.009817671809256662,0.00876577840112202,0.012973352033660589,0.009467040673211781,0.009467040673211781,0.012272089761570827,0.012973352033660589,0.011921458625525946,0.011220196353436185,0.009467040673211781,0.00876577840112202,0.005259467040673212,0.014025245441795231,0.008415147265077139,0.009817671809256662,0.010869565217391304,0.010518934081346423,0.011921458625525946,0.008064516129032258,0.010518934081346423,0.010168302945301542,0.0070126227208976155,0.005960729312762973,0.004908835904628331,0.00455820476858345,0.024544179523141654
welding_0010_18-06-32_p0,0.0989010989010989,0.04908424908424908,0.019230769230769232,0.011111111111111112,0.010073260073260074,0.00995115995115995,0.009157509157509158,0.009218559218559219,0.010134310134310135,0.009035409035409036,0.009584859584859586,0.007936507936507936,0.009584859584859586,0.009218559218559219,0.011843711843711843,0.013186813186813187,0.017826617826617826,0.025030525030525032,0.017643467643467643,0.014774114774114774,0.012576312576312577,0.008974358974358974,0.010683760683760684,0.010317460317460317,0.013125763125763126,0.013553113553113554,0.01575091575091575,0.01746031746031746,0.020818070818070817,0.023443223443223443,0.03241758241758242,0.028266178266178266,0.027045177045177046,0.03327228327228327,0.029975579975579977,0.03315018315018315,0.034432234432234435,0.035958485958485956,0.026678876678876678,0.022344322344322345,0.019413919413919414,0.01617826617826618,0.0163003663003663,0.0163003663003663,0.014163614163614164,0.014590964590964591,0.015323565323565323,0.013736263736263736,0.010195360195360196,0.006654456654456654,0.00463980463980464,0.004517704517704518,0.0030525030525030525,0.0015262515262515263,0.00115995115995116,0.0009768009768009768,0.0009768009768009768,0.0017094017094017094,0.0006715506715506716,0.0007326007326007326,0.001221001221001221,0.0010378510378510379,0.0007326007326007326,0.011416361416361416
welding_0010_18-06-32_p1,0.007606490872210953,0.005324543610547667,0.005747126436781609,0.00414131169709263,0.004310344827586207,0.005324543610547667,0.005662609871534821,0.0065077755240027044,0.005747126436781609,0.006930358350236646,0.007099391480730223,0.005662609871534821,0.0058316430020283975,0.007691007437457742,0.00777552400270453,0.006423258958755916,0.00777552400270453,0.006423258958755916,0.006169709263015551,0.006254225828262339,0.005578093306288032,0.005070993914807302,0.005493576741041244,0.004394861392832995,0.004563894523326572,0.005916159567275186,0.004479377958079784,0.003972278566599053,0.0042258282623394185,0.005578093306288032,0.005916159567275186,0.004817444219066937,0.004056795131845842,0.004901960784313725,0.006000676132521974,0.005578093306288032,0.006254225828262339,0.009127789046653144,0.011156186612576065,0.010141987829614604,0.013100067613252197,0.011832319134550372,0.012001352265043948,0.01343813387423935,0.014114266396213658,0.026538201487491548,0.037947937795807976,0.05037187288708587,0.059837728194726165,0.06735970250169034,0.0937288708586883,0.09516565246788371,0.0922920892494929,0.0312711291413117,0.020114942528735632,0.018002028397565924,0.013015551048005409,0.014283299526707234,0.012592968221771467,0.01039553752535497,0.007521974306964165,0.009550371872887086,0.009381338742393509,0.024509803921568627
welding_0010_18-06-32_p2,0.07470703125,0.037318638392857144,0.015276227678571428,0.013044084821428572,0.009068080357142858,0.007254464285714286,0.008858816964285714,0.0107421875,0.010951450892857142,0.011160714285714286,0.010463169642857142,0.013741629464285714,0.013602120535714286,0.016531808035714284,0.024344308035714284,0.02294921875,0.010602678571428572,0.007533482142857143,0.007463727678571429,0.008440290178571428,0.007603236607142857,0.007603236607142857,0.008649553571428572,0.011788504464285714,0.01318359375,0.014090401785714286,0.015973772321428572,0.017996651785714284,0.018205915178571428,0.0224609375,0.028250558035714284,0.027134486607142856,0.027064732142857144,0.03138950892857143,0.035923549107142856,0.036830357142857144,0.04345703125,0.04059709821428571,0.03424944196428571,0.026227678571428572,0.024065290178571428,0.018903459821428572,0.017926897321428572,0.015555245535714286,0.011788504464285714,0.012346540178571428,0.013323102678571428,0.011021205357142858,0.012276785714285714,0.009137834821428572,0.007603236607142857,0.006626674107142857,0.004045758928571429,0.003627232142857143,0.002650669642857143,0.0027901785714285715,0.0013253348214285715,0.0011160714285714285,0.0013253348214285715,0.0009765625,0.0012555803571428572,0.0015345982142857143,0.0016741071428571428,0.014369419642857142
welding_0010_18-06-32_p3,0.005328341013824885,0.01238479262672811,0.008208525345622119,0.009360599078341013,0.008352534562211982,0.011664746543778802,0.010368663594470046,0.015120967741935484,0.013248847926267281,0.013680875576036866,0.014256912442396314,0.011808755760368663,0.012960829493087557,0.017857142857142856,0.016705069124423964,0.017137096774193547,0.016993087557603686,0.01224078341013825,0.011376728110599078,0.010368663594470046,0.013680875576036866,0.015697004608294932,0.01972926267281106,0.03787442396313364,0.048099078341013825,0.034130184331797236,0.028513824884792628,0.025921658986175114,0.016129032258064516,0.014400921658986175,0.014544930875576036,0.011952764976958526,0.008928571428571428,0.009216589861751152,0.013536866359447005,0.013536866359447005,0.01555299539170507,0.01396889400921659,0.017713133640552995,0.016705069124423964,0.017713133640552995,0.018289170506912443,0.01886520737327189,0.021745391705069124,0.019297235023041474,0.01238479262672811,0.015408986175115207,0.016849078341013825,0.023185483870967742,0.021169354838709676,0.019441244239631335,0.019297235023041474,0.013536866359447005,0.014256912442396314,0.02044930875576037,0.015408986175115207,0.011376728110599078,0.006048387096774193,0.0067684331797235025,0.00576036866359447,0.0030241935483870967,0.002880184331797235,0.004896313364055299,0.03269009216589862
welding_0010_18-06-32_p4,0.016096866096866096,0.01680911680911681,0.01638176638176638,0.01680911680911681,0.019515669515669517,0.021082621082621083,0.013817663817663818,0.017378917378917377,0.01809116809116809,0.0245014245014245,0.025783475783475784,0.019515669515669517,0.020797720797720798,0.017663817663817662,0.023076923076923078,0.029914529914529916,0.019943019943019943,0.01623931623931624,0.015384615384615385,0.018376068376068377,0.01695156695156695,0.013247863247863248,0.015384615384615385,0.014672364672364673,0.014672364672364673,0.01225071225071225,0.010113960113960114,0.007407407407407408,0.008262108262108263,0.007834757834757835,0.009544159544159544,0.005698005698005698,0.007692307692307693,0.007122507122507123,0.006125356125356125,0.007407407407407408,0.008831908831908831,0.009686609686609686,0.008974358974358974,0.009686609686609686,0.009544159544159544,0.008831908831908831,0.010541310541310541,0.009971509971509971,0.014814814814814815,0.0150997150997151,0.014387464387464388,0.019373219373219373,0.028205128205128206,0.03675213675213675,0.044444444444444446,0.0452991452991453,0.03547008547008547,0.03176638176638177,0.024643874643874644,0.020370370370370372,0.013247863247863248,0.008974358974358974,0.005982905982905983,0.004558404558404558,0.0017094017094017094,0.002136752136752137,0.0011396011396011395,0.003988603988603989
welding_0010_18-06-32_p5,0.02824074074074074,0.03726851851851852,0.025925925925925925,0.022337962962962962,0.021296296296296296,0.016203703703703703,0.01412037037037037,0.016898148148148148,0.016898148148148148,0.018518518518518517,0.019791666666666666,0.018055555555555554,0.016087962962962964,0.013888888888888888,0.015393518518518518,0.021064814814814814,0.016898148148148148,0.016203703703703703,0.014351851851851852,0.019444444444444445,0.019212962962962963,0.014004629629629629,0.01678240740740741,0.016087962962962964,0.014814814814814815,0.014467592592592593,0.013773148148148149,0.011458333333333333,0.01087962962962963,0.011805555555555555,0.011921296296296296,0.009953703703703704,0.011342592592592593,0.011226851851851852,0.01099537037037037,0.011342592592592593,0.01099537037037037,0.012615740740740742,0.011689814814814814,0.01412037037037037,0.013194444444444444,0.011458333333333333,0.013541666666666667,0.012615740740740742,0.018865740740740742,0.015856481481481482,0.01597222222222222,0.01990740740740741,0.024421296296296295,0.030671296296296297,0.03564814814814815,0.030787037037037036,0.02546296296296296,0.02025462962962963,0.017013888888888887,0.014583333333333334,0.009837962962962963,0.006828703703703704,0.005208333333333333,0.003472222222222222,0.001388888888888889,0.0015046296296296296,0.00034722222222222224,0.002777777777777778
welding_0010_18-06-32_p6,0.008126934984520124,0.01934984520123839,0.008513931888544891,0.008513931888544891,0.008513931888544891,0.01238390092879257,0.015092879256965945,0.010061919504643963,0.008513931888544891,0.005030959752321981,0.006191950464396285,0.010061919504643963,0.01238390092879257,0.011609907120743035,0.01741486068111455,0.022058823529411766,0.020123839009287926,0.009287925696594427,0.00696594427244582,0.010061919504643963,0.008513931888544891,0.006578947368421052,0.008126934984520124,0.011222910216718266,0.011222910216718266,0.01238390092879257,0.013157894736842105,0.009674922600619196,0.011996904024767802,0.005417956656346749,0.00696594427244582,0.005417956656346749,0.007739938080495356,0.011222910216718266,0.01044891640866873,0.011609907120743035,0.02089783281733746,0.01741486068111455,0.013157894736842105,0.01238390092879257,0.007352941176470588,0.00696594427244582,0.01238390092879257,0.019736842105263157,0.021671826625386997,0.02244582043343653,0.020123839009287926,0.025928792569659444,0.015092879256965945,0.00890092879256966,0.012770897832817337,0.011222910216718266,0.01044891640866873,0.00890092879256966,0.01044891640866873,0.01044891640866873,0.016253869969040248,0.016253869969040248,0.011222910216718266,0.018188854489164085,0.015092879256965945,0.022058823529411766,0.01934984520123839,0.21091331269349844
welding_0010_18-19-59_p0,0.001827485380116959,0.005604288499025341,0.003654970760233918,0.003167641325536062,0.003654970760233918,0.004142300194931774,0.0043859649122807015,0.005360623781676413,0.0060916179337231965,0.0045077972709551654,0.006457115009746588,0.007188109161793372,0.006944444444444444,0.009015594541910331,0.009015594541910331,0.009990253411306042,0.008162768031189083,0.013157894736842105,0.01364522417153996,0.015229044834307991,0.018518518518518517,0.017178362573099414,0.013888888888888888,0.010477582846003898,0.006457115009746588,0.005482456140350877,0.005604288499025341,0.0045077972709551654,0.004873294346978557,0.005726120857699805,0.004873294346978557,0.0060916179337231965,0.005360623781676413,0.005847953216374269,0.007797270955165692,0.006944444444444444,0.007188109161793372,0.006700779727095516,0.00804093567251462,0.0060916179337231965,0.004629629629629629,0.007675438596491228,0.004264132553606238,0.004873294346978557,0.005969785575048733,0.006457115009746588,0.005969785575048733,0.006944444444444444,0.007553606237816764,0.012914230019493177,0.023148148148148147,0.041544834307992204,0.07029727095516569,0.051778752436647174,0.04995126705653021,0.03764619883040936,0.045077972709551654,0.04678362573099415,0.050560428849902535,0.04276315789473684,0.039473684210526314,0.01888401559454191,0.010599415204678362,0.1053849902534113
welding_0010_18-19-59_p1,0.0,0.00015432098765432098,0.0002314814814814815,0.0012345679012345679,0.0021604938271604936,0.002700617283950617,0.002700617283950617,0.0023919753086419754,0.0033950617283950617,0.00625,0.00625,0.006095679012345679,0.006712962962962963,0.0091820987654321,0.011111111111111112,0.01087962962962963,0.012114197530864198,0.014351851851851852,0.013734567901234567,0.017592592592592594,0.02322530864197531,0.025848765432098766,0.02785493827160494,0.028009259259259258,0.024074074074074074,0.026851851851851852,0.033179012345679014,0.03680555555555556,0.03973765432098766,0.03881172839506173,0.03587962962962963,0.028858024691358026,0.02785493827160494,0.02962962962962963,0.027391975308641976,0.02368827160493827,0.026851851851851852,0.02029320987654321,0.022762345679012346,0.024228395061728396,0.022762345679012346,0.021913580246913582,0.017978395061728394,0.016975308641975308,0.01890432098765432,0.020061728395061727,0.019753086419753086,0.01751543209876543,0.016203703703703703,0.013194444444444444,0.012654320987654321,0.009645061728395061,0.009953703703703704,0.008641975308641974,0.007484567901234568,0.004089506172839506,0.004166666666666667,0.0030864197530864196,0.0035493827160493828,0.004398148148148148,0.0038580246913580245,0.0047067901234567906,0.005015432098765432,0.032407407407407406
welding_0010_18-19-59_p2,0.0003225806451612903,0.0006451612903225806,0.0008064516129032258,0.0007526881720430108,0.001935483870967742,0.001989247311827957,0.0024193548387096775,0.0024193548387096775,0.0033870967741935483,0.003709677419354839,0.005053763440860215,0.006236559139784947,0.006881720430107527,0.007688172043010753,0.008064516129032258,0.007849462365591397,0.007258064516129033,0.008602150537634409,0.010860215053763441,0.011989247311827957,0.012043010752688172,0.010913978494623656,0.012741935483870967,0.014139784946236559,0.015376344086021506,0.014408602150537634,0.016397849462365593,0.018440860215053763,0.022903225806451613,0.023010752688172043,0.026236559139784947,0.02731182795698925,0.030376344086021505,0.03155913978494624,0.03204301075268817,0.03188172043010753,0.03779569892473118,0.0467741935483871,0.05946236559139785,0.062204301075268816,0.05639784946236559,0.044838709677419354,0.03634408602150538,0.028763440860215053,0.025483870967741934,0.021774193548387097,0.019408602150537635,0.0160752688172043,0.0139247311827957,0.01043010752688172,0.009516129032258064,0.00881720430107527,0.008172043010752689,0.006827956989247312,0.006666666666666667,0.006935483870967742,0.007204301075268817,0.006935483870967742,0.00564516129032258,0.004462365591397849,0.003924731182795699,0.001881720430107527,0.0016666666666666668,0.003010752688172043
welding_0010_18-19-59_p3,0.005681818181818182,0.002029220779220779,0.0016233766233766235,0.005275974025974026,0.013392857142857142,0.019886363636363636,0.014204545454545454,0.010957792207792208,0.007305194805194805,0.008928571428571428,0.006493506493506494,0.006899350649350649,0.005681818181818182,0.016639610389610388,0.011363636363636364,0.002840909090909091,0.006087662337662338,0.008522727272727272,0.015422077922077922,0.010957792207792208,0.015422077922077922,0.01176948051948052,0.010551948051948052,0.005681818181818182,0.012581168831168832,0.015016233766233766,0.01461038961038961,0.005275974025974026,0.006087662337662338,0.005275974025974026,0.007305194805194805,0.008522727272727272,0.008928571428571428,0.010957792207792208,0.007711038961038961,0.007305194805194805,0.008522727272727272,0.004058441558441558,0.005275974025974026,0.0012175324675324675,0.00974025974025974,0.006087662337662338,0.002840909090909091,0.008116883116883116,0.01461038961038961,0.020698051948051948,0.019886363636363636,0.030438311688311688,0.024350649350649352,0.018668831168831168,0.01948051948051948,0.013392857142857142,0.024756493506493508,0.03814935064935065,0.03449675324675325,0.040990259740259744,0.05519480519480519,0.04586038961038961,0.03125,0.01176948051948052,0.024756493506493508,0.05560064935064935,0.04180194805194805,0.05478896103896104
welding_0010_18-19-59_p4,0.0011278195488721805,0.0015037593984962407,0.0015037593984962407,0.0015037593984962407,0.010150375939849625,0.005639097744360902,0.009774436090225564,0.013909774436090226,0.014661654135338346,0.012030075187969926,0.016541353383458645,0.010526315789473684,0.008646616541353383,0.005263157894736842,0.016541353383458645,0.017669172932330827,0.013157894736842105,0.014285714285714285,0.012030075187969926,0.015413533834586466,0.018796992481203006,0.013157894736842105,0.010526315789473684,0.009398496240601503,0.009774436090225564,0.017669172932330827,0.017669172932330827,0.011654135338345865,0.02293233082706767,0.019548872180451128,0.021052631578947368,0.015789473684210527,0.015037593984962405,0.018796992481203006,0.017293233082706767,0.018421052631578946,0.015789473684210527,0.015789473684210527,0.016541353383458645,0.01804511278195489,0.021052631578947368,0.02819548872180451,0.02030075187969925,0.01992481203007519,0.014285714285714285,0.014661654135338346,0.03045112781954887,0.02894736842105263,0.027819548872180452,0.03496240601503759,0.02443609022556391,0.01804511278195489,0.012406015037593985,0.008646616541353383,0.006766917293233083,0.006766917293233083,0.0037593984962406013,0.006390977443609023,0.006766917293233083,0.009398496240601503,0.009398496240601503,0.007518796992481203,0.011278195488721804,0.10225563909774436
welding_0010_18-35-46_p0,0.017640389489128983,0.016673336001067095,0.011271175136721356,0.00860344137655062,0.008069894624516473,0.00796985460851007,0.00837001467253568,0.010937708416700014,0.010704281712685074,0.009670534880618914,0.011237828464719221,0.01250500200080032,0.011571295184740564,0.010570895024676537,0.009603841536614645,0.007936507936507936,0.008303321328531413,0.0070028011204481795,0.006069094304388422,0.007369614512471655,0.007603041216486595,0.007869814592503669,0.008503401360544218,0.008703481392557022,0.008303321328531413,0.007603041216486595,0.0071028411364545815,0.008403361344537815,0.007703081232492998,0.007436307856475924,0.008803521408563426,0.010737628384687208,0.010704281712685074,0.010104041616646658,0.010037348272642391,0.00803654795251434,0.008970254768574097,0.010137388288648793,0.009570494864612512,0.011237828464719221,0.018307322929171668,0.02030812324929972,0.019374416433239963,0.03344671201814059,0.03264639189008937,0.012138188608776844,0.011304521808723489,0.012004801920768308,0.013972255568894225,0.01750700280112045,0.021241830065359478,0.026643990929705215,0.03184607176203815,0.03938241963452047,0.03714819261037748,0.04198346005068694,0.04388422035480859,0.03081232492997199,0.02964519140989729,0.02414299052954515,0.02037481659330399,0.01784046952114179,0.02300920368147259,0.041383219954648526
welding_0010_18-35-46_p1,0.018793706293706292,0.033216783216783216,0.021416083916083916,0.017118298368298368,0.019667832167832168,0.018793706293706292,0.018283799533799532,0.019886363636363636,0.020032051282051284,0.020833333333333332,0.022144522144522144,0.0245483682983683,0.027826340326340328,0.020323426573426572,0.015661421911421912,0.015005827505827506,0.014641608391608392,0.015151515151515152,0.013913170163170164,0.01333041958041958,0.013913170163170164,0.012747668997668998,0.01252913752913753,0.013111888111888112,0.01201923076923077,0.012601981351981352,0.014131701631701632,0.013111888111888112,0.01303904428904429,0.011727855477855478,0.011655011655011656,0.012674825174825174,0.012674825174825174,0.01231060606060606,0.01282051282051282,0.01231060606060606,0.012674825174825174,0.013111888111888112,0.012893356643356644,0.014714452214452214,0.014423076923076924,0.014204545454545454,0.014277389277389278,0.013403263403263404,0.01303904428904429,0.013111888111888112,0.013986013986013986,0.012893356643356644,0.012747668997668998,0.012966200466200466,0.012164918414918414,0.012747668997668998,0.011946386946386946,0.01231060606060606,0.011873543123543124,0.01333041958041958,0.012456293706293706,0.011946386946386946,0.009542540792540792,0.008886946386946386,0.009324009324009324,0.008741258741258742,0.01078088578088578,0.07153263403263403
welding_0010_18-35-46_p2,0.0014508928571428572,0.0046875,0.010714285714285714,0.011495535714285715,0.012276785714285714,0.011495535714285715,0.017410714285714286,0.017075892857142855,0.017299107142857144,0.01908482142857143,0.020870535714285713,0.0234375,0.02924107142857143,0.024330357142857143,0.01953125,0.019419642857142858,0.019308035714285715,0.022321428571428572,0.021875,0.022433035714285714,0.020535714285714286,0.020535714285714286,0.026339285714285714,0.02890625,0.03515625,0.034486607142857145,0.027008928571428573,0.01875,0.020870535714285713,0.019419642857142858,0.022098214285714287,0.017857142857142856,0.018415178571428572,0.016183035714285716,0.015848214285714285,0.015848214285714285,0.013392857142857142,0.009821428571428571,0.007477678571428572,0.009933035714285714,0.009040178571428572,0.008928571428571428,0.008928571428571428,0.007254464285714286,0.008035714285714285,0.010491071428571428,0.009709821428571429,0.009486607142857142,0.008370535714285714,0.013169642857142857,0.015290178571428571,0.012388392857142856,0.011607142857142858,0.011830357142857142,0.012053571428571429,0.013058035714285715,0.011272321428571428,0.0109375,0.009040178571428572,0.007142857142857143,0.006361607142857143,0.006361607142857143,0.004352678571428572,0.030245535714285714
