roi_id,1.5,4.5,7.5,10.5,13.5,16.5,19.5,22.5,25.5,28.5,31.5,34.5,37.5,40.5,43.5,46.5,49.5,52.5,55.5,58.5,61.5,64.5,67.5,70.5,73.5,76.5,79.5,82.5,85.5,88.5,91.5,94.5,97.5,100.5,103.5,106.5,109.5,112.5,115.5,118.5,121.5,124.5,127.5,130.5,133.5,136.5,139.5,142.5,145.5,148.5,151.5,154.5,157.5,160.5,163.5,166.5,169.5,172.5,175.5,178.5
welding_0001_17-38-12_p0,0.029379401408450703,0.009022887323943662,0.012213908450704225,0.011003521126760563,0.014524647887323943,0.014964788732394365,0.015074823943661973,0.017715669014084508,0.014964788732394365,0.004071302816901408,0.02211707746478873,0.01914612676056338,0.009683098591549295,0.0005501760563380282,0.008362676056338027,0.0007702464788732394,0.005171654929577465,0.00044014084507042255,0.0014304577464788733,0.0,0.002970950704225352,0.00022007042253521127,0.003301056338028169,0.0009903169014084507,0.0008802816901408451,0.01210387323943662,0.005391725352112676,0.0034110915492957744,0.002640845070422535,0.0038512323943661973,0.015625,0.009352992957746479,0.020026408450704226,0.01859595070422535,0.04192341549295775,0.03884242957746479,0.06580105633802817,0.0898987676056338,0.042803697183098594,0.0014304577464788733,0.05710827464788732,0.035101232394366196,0.01991637323943662,0.00957306338028169,0.03345070422535211,0.005831866197183099,0.022557218309859156,0.032460387323943664,0.040492957746478875,0.0062720070422535214,0.02244718309859155,0.011553697183098592,0.03003961267605634,0.016505281690140844,0.01210387323943662,0.01034330985915493,0.018265845070422535,0.01210387323943662,0.0048415492957746475,0.008362676056338027
welding_0001_17-38-12_p1,0.029530360531309297,0.009606261859582542,0.016722011385199242,0.02051707779886148,0.01790796963946869,0.018263757115749527,0.014587286527514232,0.014824478178368121,0.009724857685009488,0.003913662239089184,0.014824478178368121,0.006522770398481974,0.003795066413662239,0.0,0.007471537001897533,0.0009487666034155598,0.005455407969639468,0.0007115749525616698,0.0017789373814041745,0.00023719165085388995,0.004150853889943074,0.0005929791271347248,0.005811195445920303,0.0026091081593927895,0.002727703984819734,0.011859582542694497,0.01838235294117647,0.009131878557874763,0.0017789373814041745,0.003676470588235294,0.015417457305502846,0.009131878557874763,0.011029411764705883,0.024549335863377608,0.041389943074003795,0.04293168880455408,0.05811195445920304,0.08159392789373814,0.03735768500948767,0.0003557874762808349,0.08313567362428842,0.05680740037950664,0.025379506641366224,0.010792220113851992,0.030953510436432637,0.005336812144212524,0.01577324478178368,0.033562618595825426,0.03415559772296015,0.007590132827324478,0.01743358633776091,0.010555028462998103,0.019449715370018977,0.011622390891840606,0.010080645161290322,0.009369070208728653,0.011859582542694497,0.011978178368121442,0.006997153700189753,0.0072343453510436435
welding_0001_17-38-12_p2,0.014794435215946844,0.009759136212624584,0.02320390365448505,0.028135382059800665,0.04054194352159468,0.044746677740863786,0.04620016611295681,0.06961171096345516,0.0464078073089701,0.007267441860465116,0.029017857142857144,0.019362541528239203,0.013496677740863787,0.0030627076411960134,0.013963870431893687,0.004931478405315615,0.0289140365448505,0.012821843853820599,0.013496677740863787,0.01058970099667774,0.008565199335548173,0.01033014950166113,0.007890365448504983,0.005398671096345515,0.0004152823920265781,0.002803156146179402,0.0003633720930232558,0.00020764119601328904,0.0,0.0003633720930232558,0.0015053986710963456,0.0,0.003841362126245847,0.002335963455149502,0.006488787375415282,0.002647425249169435,0.012614202657807308,0.041683970099667775,0.05995639534883721,0.00031146179401993354,0.05933347176079734,0.01837624584717608,0.003374169435215947,0.003633720930232558,0.013340946843853821,0.0004152823920265781,0.020296926910299003,0.01033014950166113,0.026629983388704318,0.007682724252491694,0.029744601328903653,0.011679817275747508,0.036233388704318935,0.03768687707641196,0.02097176079734219,0.013652408637873753,0.01744186046511628,0.012614202657807308,0.002543604651162791,0.00596968438538206
welding_0001_17-38-12_p3,0.06542372881355932,0.02271186440677966,0.021016949152542375,0.015254237288135594,0.018813559322033897,0.01728813559322034,0.03220338983050847,0.02593220338983051,0.03593220338983051,0.001694915254237288,0.06796610169491525,0.08271186440677966,0.021864406779661016,0.00423728813559322,0.04406779661016949,0.000847457627118644,0.03203389830508475,0.002033898305084746,0.002542372881355932,0.0,0.012372881355932203,0.0005084745762711864,0.004406779661016949,0.0005084745762711864,0.001016949152542373,0.018813559322033897,0.005593220338983051,0.005593220338983051,0.0023728813559322033,0.0013559322033898306,0.006271186440677966,0.004915254237288135,0.010508474576271187,0.0032203389830508474,0.008305084745762711,0.0047457627118644066,0.010847457627118645,0.00711864406779661,0.011864406779661017,0.0,0.02423728813559322,0.01440677966101695,0.011016949152542373,0.003728813559322034,0.026440677966101694,0.0011864406779661016,0.03728813559322034,0.011864406779661017,0.03627118644067796,0.003389830508474576,0.02322033898305085,0.010338983050847458,0.03542372881355932,0.012711864406779662,0.014576271186440677,0.039491525423728815,0.024915254237288135,0.00847457627118644,0.010338983050847458,0.01576271186440678
welding_0001_17-38-12_p4,0.09090909090909091,0.059015151515151514,0.03840909090909091,0.03196969696969697,0.03916666666666667,0.0425,0.03507575757575757,0.03977272727272727,0.03598484848484849,0.010833333333333334,0.03803030303030303,0.03856060606060606,0.022727272727272728,0.007348484848484848,0.03015151515151515,0.0067424242424242425,0.015303030303030303,0.006666666666666667,0.054015151515151516,0.013939393939393939,0.026060606060606062,0.004166666666666667,0.02825757575757576,0.006287878787878788,0.001287878787878788,0.04128787878787879,0.004318181818181818,0.0069696969696969695,0.0026515151515151517,0.005606060606060606,0.009924242424242424,0.003787878787878788,0.005,0.00196969696969697,0.006590909090909091,0.00015151515151515152,0.010303030303030303,0.0008333333333333334,0.0048484848484848485,0.0,0.012954545454545455,0.0006818181818181819,0.002575757575757576,0.00015151515151515152,0.002575757575757576,0.0007575757575757576,0.006287878787878788,0.00022727272727272727,0.0023484848484848484,0.0,0.00045454545454545455,0.00030303030303030303,0.006666666666666667,0.0029545454545454545,0.006439393939393939,0.019015151515151516,0.020984848484848485,0.013560606060606061,0.024696969696969696,0.04893939393939394
welding_0001_17-38-12_p5,0.046120689655172416,0.02456896551724138,0.02025862068965517,0.021120689655172414,0.041379310344827586,0.04913793103448276,0.03879310344827586,0.03836206896551724,0.04181034482758621,0.01939655172413793,0.02543103448275862,0.005172413793103448,0.009913793103448277,0.0004310344827586207,0.00603448275862069,0.0021551724137931034,0.005603448275862069,0.0008620689655172414,0.0,0.0,0.005172413793103448,0.0,0.00646551724137931,0.002586206896551724,0.001293103448275862,0.014224137931034483,0.00603448275862069,0.0047413793103448275,0.0021551724137931034,0.010775862068965518,0.043534482758620686,0.028879310344827585,0.034913793103448276,0.03879310344827586,0.03103448275862069,0.025,0.027155172413793102,0.03362068965517241,0.029310344827586206,0.005603448275862069,0.054741379310344826,0.020689655172413793,0.010344827586206896,0.005603448275862069,0.014224137931034483,0.008189655172413794,0.013793103448275862,0.010775862068965518,0.013362068965517242,0.0008620689655172414,0.016379310344827588,0.0021551724137931034,0.011206896551724138,0.008620689655172414,0.0125,0.005603448275862069,0.016379310344827588,0.0034482758620689655,0.00603448275862069,0.017241379310344827
welding_0001_17-38-12_p6,0.03317307692307692,0.020072115384615386,0.028846153846153848,0.02920673076923077,0.026682692307692307,0.02139423076923077,0.014182692307692308,0.009615384615384616,0.011778846153846154,0.0004807692307692308,0.010817307692307692,0.0038461538461538464,0.01141826923076923,0.0021634615384615386,0.0125,0.003966346153846154,0.00985576923076923,0.005288461538461539,0.010096153846153847,0.0003605769230769231,0.00985576923076923,0.012980769230769231,0.03545673076923077,0.01875,0.0028846153846153848,0.0125,0.026201923076923078,0.014423076923076924,0.027884615384615386,0.011298076923076923,0.031129807692307693,0.0203125,0.031850961538461536,0.017548076923076923,0.061057692307692306,0.025600961538461538,0.04807692307692308,0.02391826923076923,0.0546875,0.0009615384615384616,0.02175480769230769,0.0078125,0.010336538461538461,0.003125,0.009975961538461538,0.0016826923076923078,0.013822115384615384,0.005528846153846154,0.008413461538461538,0.0008413461538461539,0.004086538461538462,0.0014423076923076924,0.007692307692307693,0.006370192307692308,0.009014423076923076,0.02175480769230769,0.020432692307692308,0.07211538461538461,0.006370192307692308,0.014302884615384615
welding_0001_17-38-12_p7,0.05406976744186046,0.017015503875968993,0.01686046511627907,0.013875968992248062,0.017674418604651163,0.011434108527131783,0.020775193798449613,0.02131782945736434,0.035852713178294575,0.008449612403100775,0.02868217054263566,0.021705426356589147,0.02065891472868217,0.011046511627906977,0.02941860465116279,0.016356589147286823,0.03689922480620155,0.03372093023255814,0.050348837209302326,0.018410852713178296,0.0286046511627907,0.013914728682170543,0.03387596899224806,0.04015503875968992,0.05011627906976744,0.05189922480620155,0.04050387596899225,0.014651162790697675,0.013875968992248062,0.014186046511627907,0.020581395348837208,0.020930232558139535,0.02616279069767442,0.03205426356589147,0.016550387596899224,0.006162790697674419,0.010387596899224806,0.006124031007751938,0.011046511627906977,0.0005426356589147286,0.013992248062015504,0.0021705426356589145,0.003565891472868217,0.000310077519379845,0.0021705426356589145,0.00023255813953488373,0.0057751937984496125,7.751937984496124e-05,0.0003875968992248062,0.0,3.875968992248062e-05,0.0,0.0008527131782945736,0.0003875968992248062,0.0005426356589147286,0.0053100775193798445,0.0045736434108527135,0.0025193798449612403,0.0007751937984496124,0.01941860465116279
welding_0001_17-38-17_p0,0.06912002775208141,0.003671369102682701,0.015090194264569843,0.006215309898242368,0.012922062904717854,0.01191026827012026,0.026191026827012028,0.010840656799259945,0.02330018501387604,0.001734505087881591,0.04449005550416281,0.022375115633672525,0.015003469010175763,0.002977567067530065,0.01170790934320074,0.0023415818686401482,0.02341581868640148,0.0021681313598519887,0.0034111933395004623,0.0006070767807585569,0.014887835337650323,0.0007227104532839963,0.006446577243293247,0.0039604532839963,0.002717391304347826,0.029486586493987048,0.01734505087881591,0.010580481036077706,0.001156336725254394,0.004914431082331175,0.027954440333024976,0.0019368640148011102,0.02951549491211841,0.008961609620721555,0.0198022664199815,0.012546253469010176,0.046484736355226645,0.029949121184088805,0.05862627197039778,0.0003469010175763182,0.09265148011100832,0.030064754856614247,0.03315795559666975,0.014136216466234967,0.04318917668825162,0.005550416281221091,0.028272432932469935,0.0077763644773358,0.012864246068455135,0.0001734505087881591,0.006620027752081406,0.0007227104532839963,0.016217622571692878,0.010204671600370028,0.005463691026827012,0.028185707678075857,0.009250693802035153,0.01179463459759482,0.0022548566142460685,0.0036135522664199815
welding_0001_17-38-17_p1,0.09733893557422969,0.035968933027756556,0.04341736694677871,0.0397886427298192,0.03947033358798065,0.02667430608607079,0.03189457601222307,0.01502419149477973,0.017952635599694424,0.00617519735166794,0.024191494779730073,0.010949834479246244,0.012286732874968169,0.0017825311942959,0.006557168321874204,0.0005092946269416857,0.00980392156862745,0.0010822510822510823,0.0017825311942959,0.00012732365673542143,0.007257448433919022,0.00025464731347084286,0.002737458619811561,0.0014005602240896359,0.0006366182836771072,0.05551311433664375,0.0015278838808250573,0.004010695187165776,0.0005729564553093965,0.00025464731347084286,0.004329004329004329,0.00025464731347084286,0.00789406671759613,0.0018461930226636109,0.003374076903488668,0.0007639419404125286,0.03806977336389101,0.0070028011204481795,0.027947542653425007,0.0,0.07798573975044563,0.03908836261777438,0.024255156608097784,0.003628724216959511,0.01572447160682455,0.0029921059332824037,0.023491214667685258,0.009039979628214923,0.012286732874968169,0.0028011204481792717,0.008912655971479501,0.0035650623885918,0.016997708174178762,0.01578813343519226,0.019735166793990323,0.03189457601222307,0.04558186911128088,0.021072065189712247,0.013177998472116119,0.023554876496052965
welding_0001_17-38-17_p2,0.05557036247334755,0.032116204690831554,0.020655650319829424,0.012926439232409381,0.013192963752665245,0.015191897654584221,0.016924307036247335,0.016924307036247335,0.015458422174840085,0.01585820895522388,0.009195095948827291,0.0013326226012793177,0.0006663113006396588,0.00026652452025586353,0.0005330490405117271,0.0003997867803837953,0.0005330490405117271,0.0005330490405117271,0.0003997867803837953,0.0,0.00026652452025586353,0.0003997867803837953,0.0009328358208955224,0.0005330490405117271,0.0010660980810234541,0.0015991471215351812,0.0015991471215351812,0.0007995735607675906,0.0014658848614072495,0.007595948827292111,0.03158315565031983,0.020122601279317698,0.01572494669509595,0.015991471215351813,0.02931769722814499,0.03451492537313433,0.03251599147121535,0.036780383795309166,0.0457089552238806,0.0046641791044776115,0.05970149253731343,0.09155117270788912,0.024386993603411514,0.013859275053304905,0.023054371002132198,0.004797441364605544,0.009994669509594883,0.006796375266524521,0.010394456289978678,0.0018656716417910447,0.010127931769722815,0.010927505330490405,0.020655650319829424,0.01199360341151386,0.020655650319829424,0.016391257995735608,0.0482409381663113,0.023587420042643924,0.04650852878464819,0.03264925373134328
welding_0001_17-38-17_p3,0.060833333333333336,0.027166666666666665,0.029333333333333333,0.036833333333333336,0.034333333333333334,0.033166666666666664,0.024333333333333332,0.023166666666666665,0.023166666666666665,0.025833333333333333,0.0205,0.021,0.002,0.0003333333333333333,0.0003333333333333333,0.0005,0.0008333333333333334,0.0008333333333333334,0.0005,0.0,0.0003333333333333333,0.0005,0.0013333333333333333,0.0003333333333333333,0.001,0.0016666666666666668,0.0006666666666666666,0.0006666666666666666,0.0,0.0025,0.0035,0.003833333333333333,0.005833333333333334,0.0075,0.018,0.018166666666666668,0.0315,0.042333333333333334,0.06183333333333333,0.007,0.0595,0.03666666666666667,0.024166666666666666,0.011333333333333334,0.029333333333333333,0.007166666666666667,0.015333333333333332,0.011166666666666667,0.014,0.0026666666666666666,0.006,0.005833333333333334,0.0165,0.013166666666666667,0.012333333333333333,0.0195,0.029833333333333333,0.030333333333333334,0.0515,0.030166666666666668
welding_0001_17-38-17_p4,0.06884902143522834,0.04461789375582479,0.04019105312208761,0.031104380242311276,0.05090866728797763,0.059063373718546135,0.045083876980428705,0.036230195712954334,0.03157036346691519,0.02411463187325256,0.012581547064305684,0.005358807082945014,0.003145386766076421,0.001048462255358807,0.0015144454799627214,0.0006989748369058714,0.00081547064305685,0.0006989748369058714,0.00046598322460391424,0.00011649580615097856,0.0013979496738117428,0.00046598322460391424,0.001048462255358807,0.0009319664492078285,0.0009319664492078285,0.0011649580615097856,0.0006989748369058714,0.0006989748369058714,0.0,0.0012814538676607643,0.002912395153774464,0.0012814538676607643,0.00897017707362535,0.011416589002795898,0.03087138863000932,0.027260018639328983,0.03063839701770736,0.022833178005591797,0.02679403541472507,0.0038443616029822927,0.03005591798695247,0.019920782851817333,0.02015377446411929,0.006290773532152842,0.0179403541472507,0.006756756756756757,0.015027958993476235,0.013280521901211557,0.020037278657968314,0.002213420316868593,0.014095992544268406,0.011882572227399813,0.027143522833178006,0.013863000931966449,0.022367194780987885,0.012115563839701771,0.04543336439888164,0.01875582479030755,0.02679403541472507,0.022250698974836905
welding_0001_17-38-17_p5,0.06872356785851595,0.04652056901191849,0.04555940023068051,0.029892349096501347,0.04152249134948097,0.041906958861976165,0.03316032295271049,0.020761245674740483,0.018166089965397925,0.00720876585928489,0.009900038446751249,0.003556324490580546,0.0034602076124567475,0.0006728181468665898,0.0022106881968473662,0.0004805843906189927,0.002114571318723568,0.00038446751249519417,0.0008650519031141869,9.611687812379854e-05,0.0019223375624759708,9.611687812379854e-05,0.0004805843906189927,0.0005767012687427913,0.00019223375624759708,0.0017301038062283738,0.0007689350249903883,0.002306805074971165,0.0,0.00019223375624759708,0.004036908881199538,0.0009611687812379854,0.013936947327950788,0.005478662053056517,0.03316032295271049,0.004036908881199538,0.03806228373702422,0.02700884275278739,0.06632064590542099,0.0013456362937331796,0.04863514033064206,0.024509803921568627,0.03316032295271049,0.005574778931180315,0.027297193387158785,0.012206843521722414,0.02249134948096886,0.027873894655901576,0.031910803537101115,0.010668973471741637,0.01730103806228374,0.009707804690503653,0.024509803921568627,0.01720492118415994,0.019800076893502497,0.014513648596693579,0.025855440215301808,0.014994232987312572,0.014225297962322183,0.01778162245290273
welding_0001_17-38-17_p6,0.0785639958376691,0.03082726326742976,0.035119667013527575,0.045525494276795,0.04539542143600416,0.05163891779396462,0.03577003121748179,0.03225806451612903,0.029786680541103016,0.026925078043704476,0.021722164412070758,0.023803329864724245,0.002991675338189386,0.0007804370447450572,0.0009105098855359001,0.0005202913631633715,0.0006503642039542144,0.0006503642039542144,0.0005202913631633715,0.0,0.00026014568158168577,0.0003902185223725286,0.0011706555671175858,0.0003902185223725286,0.0009105098855359001,0.0009105098855359001,0.0007804370447450572,0.0006503642039542144,0.0,0.003121748178980229,0.006893860561914672,0.0048126951092611866,0.007414151925078044,0.011056191467221643,0.01899063475546306,0.027055150884495317,0.020551508844953173,0.01768990634755463,0.02302289281997919,0.0032518210197710717,0.03524973985431842,0.024063475546305932,0.013527575442247659,0.00858480749219563,0.022112382934443287,0.005853277835587929,0.011836628511966702,0.01404786680541103,0.01677939646201873,0.0027315296566077004,0.01131633714880333,0.008454734651404786,0.0172996878251821,0.014438085327783559,0.01495837669094693,0.012356919875130074,0.047866805411030174,0.025754422476586887,0.04708636836628512,0.03199791883454735
welding_0001_17-38-17_p7,0.08402777777777778,0.04013888888888889,0.034027777777777775,0.026111111111111113,0.02375,0.021944444444444444,0.02236111111111111,0.01,0.008888888888888889,0.004166666666666667,0.012777777777777779,0.0019444444444444444,0.0020833333333333333,0.0002777777777777778,0.0018055555555555555,0.0002777777777777778,0.007638888888888889,0.001388888888888889,0.0005555555555555556,0.0,0.0059722222222222225,0.0,0.002916666666666667,0.0016666666666666668,0.0004166666666666667,0.013472222222222222,0.00125,0.0011111111111111111,0.0008333333333333334,0.0001388888888888889,0.0008333333333333334,0.0005555555555555556,0.0033333333333333335,0.0006944444444444445,0.0044444444444444444,0.0016666666666666668,0.035694444444444445,0.03236111111111111,0.05430555555555556,0.0,0.10375,0.10861111111111112,0.03763888888888889,0.008472222222222223,0.03263888888888889,0.007222222222222222,0.023194444444444445,0.026805555555555555,0.0225,0.004722222222222222,0.010416666666666666,0.0044444444444444444,0.011527777777777777,0.01138888888888889,0.010833333333333334,0.021388888888888888,0.02347222222222222,0.014722222222222222,0.017777777777777778,0.03263888888888889
welding_0001_17-38-17_p8,0.07634320175438597,0.027412280701754384,0.031112938596491228,0.023300438596491228,0.030153508771929825,0.03262061403508772,0.030975877192982455,0.02055921052631579,0.01644736842105263,0.008908991228070175,0.01493969298245614,0.002055921052631579,0.003974780701754386,0.0005482456140350877,0.001781798245614035,0.00027412280701754384,0.0030153508771929823,0.0,0.00041118421052631577,0.0,0.0021929824561403508,0.0,0.00013706140350877192,0.00041118421052631577,0.0,0.0027412280701754384,0.00027412280701754384,0.00027412280701754384,0.0,0.0,0.00013706140350877192,0.0,0.0023300438596491227,0.00027412280701754384,0.0030153508771929823,0.0026041666666666665,0.013020833333333334,0.017543859649122806,0.03522478070175439,0.0,0.07757675438596491,0.13843201754385964,0.044270833333333336,0.008908991228070175,0.038240131578947366,0.014802631578947368,0.025356359649122806,0.03262061403508772,0.03179824561403509,0.014802631578947368,0.011239035087719298,0.006030701754385965,0.018914473684210526,0.019736842105263157,0.016036184210526317,0.020833333333333332,0.02850877192982456,0.01343201754385965,0.013980263157894737,0.019462719298245616
welding_0001_17-38-17_p9,0.07441176470588236,0.0035294117647058825,0.024705882352941175,0.013235294117647059,0.023529411764705882,0.008823529411764706,0.027058823529411764,0.01764705882352941,0.030294117647058822,0.005294117647058823,0.02823529411764706,0.011470588235294118,0.009117647058823529,0.0058823529411764705,0.010294117647058823,0.010294117647058823,0.012647058823529412,0.009117647058823529,0.006176470588235294,0.0029411764705882353,0.007352941176470588,0.00411764705882353,0.02,0.006764705882352941,0.009117647058823529,0.07176470588235294,0.03764705882352941,0.025588235294117648,0.013529411764705882,0.01764705882352941,0.07029411764705883,0.03,0.029411764705882353,0.015,0.010588235294117647,0.006176470588235294,0.06558823529411764,0.008823529411764706,0.007647058823529412,0.0,0.03529411764705882,0.006470588235294118,0.007058823529411765,0.0,0.013823529411764707,0.0,0.01411764705882353,0.0058823529411764705,0.016764705882352942,0.0002941176470588235,0.008823529411764706,0.0008823529411764706,0.018823529411764704,0.007941176470588234,0.0035294117647058825,0.03058823529411765,0.008823529411764706,0.023823529411764705,0.001176470588235294,0.00411764705882353
welding_0001_18-06-25_p0,0.08794300766283525,0.008500957854406131,0.009877873563218391,0.00305316091954023,0.005268199233716475,0.004190613026819923,0.017241379310344827,0.008620689655172414,0.016882183908045977,0.009937739463601533,0.019815613026819924,0.010476532567049808,0.005806992337164751,0.0009578544061302681,0.002514367816091954,0.00035919540229885057,0.0028136973180076627,0.0005387931034482759,0.0010177203065134099,5.986590038314176e-05,0.0011374521072796935,0.00017959770114942528,0.0019157088122605363,0.0013170498084291188,0.001257183908045977,0.003771551724137931,0.005926724137931034,0.005806992337164751,0.0005387931034482759,0.003472222222222222,0.004190613026819923,0.0004789272030651341,0.011793582375478928,0.007004310344827586,0.021851053639846744,0.011135057471264368,0.0210727969348659,0.023647030651340994,0.032088122605363985,0.00023946360153256704,0.10614224137931035,0.023647030651340994,0.08596743295019157,0.03693726053639847,0.038852969348659006,0.0217911877394636,0.06878591954022989,0.0015565134099616857,0.0028735632183908046,0.00017959770114942528,0.0016163793103448276,0.0014367816091954023,0.010835727969348658,0.008740421455938696,0.02586206896551724,0.04495929118773946,0.05639367816091954,0.008979885057471264,0.06261973180076628,0.017121647509578543
welding_0001_18-06-25_p1,0.05224609375,0.011439732142857142,0.024693080357142856,0.005440848214285714,0.01220703125,0.006487165178571429,0.03131975446428571,0.017787388392857144,0.021205357142857144,0.012276785714285714,0.022879464285714284,0.0011858258928571428,0.0007672991071428571,6.975446428571428e-05,0.0007672991071428571,0.00013950892857142856,0.0015345982142857143,6.975446428571428e-05,0.00020926339285714285,0.0,0.0011858258928571428,0.0,0.0007672991071428571,6.975446428571428e-05,0.0,0.0027901785714285715,0.0008370535714285714,0.0013253348214285715,0.0,0.0025809151785714285,0.0018136160714285715,0.0015345982142857143,0.007672991071428571,0.0048828125,0.019112723214285716,0.013113839285714286,0.06780133928571429,0.09521484375,0.04087611607142857,0.008091517857142858,0.05378069196428571,0.0185546875,0.029854910714285716,0.010532924107142858,0.09305245535714286,0.03522600446428571,0.06710379464285714,0.011928013392857142,0.01123046875,0.0009765625,0.004813058035714286,0.0023018973214285715,0.00927734375,0.005301339285714286,0.00390625,0.043666294642857144,0.036900111607142856,0.010602678571428572,0.043247767857142856,0.015345982142857142
welding_0001_18-06-25_p2,0.024131944444444445,0.0012152777777777778,0.015364583333333333,0.0030381944444444445,0.011197916666666667,0.0024305555555555556,0.010850694444444444,0.004427083333333333,0.012586805555555556,0.004861111111111111,0.019270833333333334,0.00546875,0.00546875,0.00017361111111111112,0.0011284722222222221,8.680555555555556e-05,0.004079861111111111,0.00017361111111111112,0.0016493055555555556,0.0,0.00078125,0.0,0.0014756944444444444,0.0019097222222222222,0.0,0.005555555555555556,0.00234375,0.003993055555555555,0.0,0.0012152777777777778,0.0018229166666666667,0.0018229166666666667,0.006163194444444444,0.005989583333333334,0.013020833333333334,0.021701388888888888,0.03871527777777778,0.06397569444444444,0.049652777777777775,0.0,0.07760416666666667,0.04852430555555556,0.07282986111111112,0.010850694444444444,0.049305555555555554,0.014930555555555556,0.043229166666666666,0.03637152777777778,0.09331597222222222,0.009809027777777778,0.06935763888888889,0.010243055555555556,0.047135416666666666,0.016927083333333332,0.004600694444444445,0.018055555555555554,0.01015625,0.015711805555555555,0.0022569444444444442,0.0010416666666666667
welding_0001_18-06-25_p3,0.05822568389057751,0.03523936170212766,0.03514437689969605,0.06268996960486323,0.06800911854103343,0.10058890577507598,0.061170212765957445,0.07579787234042554,0.06800911854103343,0.02621580547112462,0.07969224924012158,0.03808890577507599,0.026500759878419454,0.011018237082066869,0.03523936170212766,0.010448328267477203,0.014817629179331307,0.0008548632218844985,0.0011398176291793312,0.0010448328267477203,0.001614741641337386,0.00037993920972644377,0.001519756838905775,0.0013297872340425532,0.001519756838905775,0.004464285714285714,0.0055091185410334345,0.003134498480243161,0.0026595744680851063,0.00503419452887538,0.004749240121580547,0.0056990881458966565,0.013297872340425532,0.003799392097264438,0.0027545592705167173,0.0020896656534954406,0.009688449848024316,0.0009498480243161094,0.001899696048632219,0.0,0.004464285714285714,0.0009498480243161094,0.00018996960486322188,9.498480243161094e-05,0.0002849544072948328,0.00018996960486322188,0.001804711246200608,0.0,0.00037993920972644377,9.498480243161094e-05,0.0002849544072948328,0.00037993920972644377,0.0013297872340425532,0.0014247720364741641,0.001899696048632219,0.014532674772036474,0.02317629179331307,0.013582826747720364,0.026975683890577508,0.025930851063829786
welding_0001_18-06-25_p4,0.07206156716417911,0.05250116604477612,0.04352262126865672,0.05320079291044776,0.05620335820895522,0.061275652985074626,0.04011194029850746,0.05191814365671642,0.0421816697761194,0.009794776119402986,0.03655550373134328,0.014896222014925372,0.014458955223880597,0.0047516324626865674,0.01993936567164179,0.005859375,0.0169951026119403,0.0006413246268656716,0.00043726679104477613,0.0003206623134328358,0.0013701026119402986,0.0001166044776119403,0.005480410447761194,0.0010785914179104478,0.0004664179104477612,0.0066173041044776115,0.002827658582089552,0.0032940764925373134,0.0009328358208955224,0.002040578358208955,0.005742770522388059,0.0025361473880597014,0.014575559701492538,0.005363805970149254,0.008803638059701493,0.005509561567164179,0.015420942164179104,0.00827891791044776,0.014313199626865671,0.0,0.030200559701492536,0.011631296641791045,0.012884794776119403,0.0011660447761194029,0.018889925373134327,0.0004955690298507463,0.01614972014925373,0.002623600746268657,0.013671875,0.00017490671641791044,0.005130597014925373,0.0018656716417910447,0.022825326492537313,0.01189365671641791,0.009678171641791045,0.019822761194029852,0.04124883395522388,0.02224230410447761,0.027256296641791043,0.02775186567164179
welding_0001_18-19-52_p0,0.021506211180124225,0.008152173913043478,0.009472049689440994,0.014440993788819875,0.016614906832298135,0.011180124223602485,0.01281055900621118,0.018090062111801242,0.021506211180124225,0.0008540372670807453,0.022282608695652174,0.0156055900621118,0.009006211180124223,0.003027950310559006,0.01079192546583851,0.002018633540372671,0.01048136645962733,0.005279503105590062,0.01987577639751553,0.0013975155279503106,0.006677018633540373,0.0013198757763975156,0.0156055900621118,0.015683229813664597,0.012732919254658385,0.026475155279503105,0.03152173913043478,0.013975155279503106,0.01048136645962733,0.016304347826086956,0.03462732919254658,0.018090062111801242,0.027795031055900622,0.01684782608695652,0.034161490683229816,0.03563664596273292,0.0390527950310559,0.07127329192546585,0.08757763975155279,0.04580745341614907,0.08680124223602484,0.02872670807453416,0.010947204968944099,0.003959627329192547,0.009006211180124223,0.0017080745341614906,0.004192546583850931,0.004580745341614907,0.006055900621118012,0.0008540372670807453,0.0035714285714285713,0.0013975155279503106,0.003260869565217391,0.002018633540372671,0.0022515527950310557,0.006987577639751553,0.00986024844720497,0.005279503105590062,0.006366459627329193,0.006133540372670807
welding_0001_18-19-52_p1,0.018631436314363144,0.01592140921409214,0.01016260162601626,0.02049457994579946,0.014312330623306233,0.014227642276422764,0.007791327913279133,0.009315718157181572,0.0065210027100271,0.005420054200542005,0.003980352303523035,0.0021172086720867207,0.00033875338753387534,0.0004234417344173442,0.0004234417344173442,0.0,0.001609078590785908,0.0005928184281842818,0.002540650406504065,0.0,0.00016937669376693767,0.0,0.0033875338753387536,0.00016937669376693767,0.0,0.0013550135501355014,0.0012703252032520325,0.004573170731707317,0.0,0.0007621951219512195,0.005589430894308943,0.003048780487804878,0.009993224932249323,0.011856368563685637,0.015497967479674796,0.02523712737127371,0.05005081300813008,0.09603658536585366,0.1749661246612466,0.13998983739837398,0.0719850948509485,0.03319783197831978,0.013465447154471545,0.012533875338753388,0.014651084010840108,0.010331978319783199,0.011178861788617886,0.009231029810298103,0.011686991869918699,0.005420054200542005,0.01084010840108401,0.009908536585365854,0.012957317073170731,0.019054878048780487,0.01668360433604336,0.01092479674796748,0.013888888888888888,0.0037262872628726286,0.01617547425474255,0.013380758807588076
welding_0001_18-19-52_p2,0.0001645458534444932,0.0,0.0,0.0,0.0,0.0,5.484861781483107e-05,0.0,0.0,0.0,5.484861781483107e-05,0.0,0.0,0.0,0.0,5.484861781483107e-05,0.0,0.0,0.0,0.0,0.0,0.0,0.0,0.00021939447125932427,0.0003290917068889864,0.00010969723562966213,0.0009324265028521281,0.0,0.0010969723562966214,0.000767880649407635,0.00872093023255814,0.004936375603334796,0.005100921456779289,0.011518209741114524,0.026875822729267224,0.06647652479157526,0.1410706450197455,0.2328323826239579,0.29338525669153137,0.1297718297498903,0.049967090829311105,0.014973672663448881,0.00466213251426064,0.0037845546292233434,0.0007130320315928038,0.0003290917068889864,0.0001645458534444932,0.00043878894251864854,0.00027424308907415536,5.484861781483107e-05,0.00010969723562966213,0.0,0.0,0.0,0.0,0.0,0.0,5.484861781483107e-05,0.0,0.0
welding_0001_18-19-52_p3,0.014682539682539682,0.0,0.004365079365079365,0.001984126984126984,0.0003968253968253968,0.0,0.003968253968253968,0.0,0.0007936507936507937,0.0,0.021031746031746033,0.041666666666666664,0.026587301587301587,0.014285714285714285,0.03134920634920635,0.01746031746031746,0.05952380952380952,0.022222222222222223,0.018253968253968255,0.002777777777777778,0.02142857142857143,0.00873015873015873,0.04484126984126984,0.06547619047619048,0.07539682539682539,0.06547619047619048,0.04642857142857143,0.01904761904761905,0.0035714285714285713,0.0035714285714285713,0.016666666666666666,0.0015873015873015873,0.013888888888888888,0.007142857142857143,0.05238095238095238,0.013095238095238096,0.09801587301587301,0.06587301587301587,0.037698412698412696,0.0007936507936507937,0.049206349206349205,0.0011904761904761906,0.0,0.0,0.0,0.0,0.002777777777777778,0.0,0.0,0.0,0.0,0.0,0.0007936507936507937,0.0,0.0,0.0011904761904761906,0.0,0.0015873015873015873,0.0,0.0007936507936507937
welding_0001_18-19-52_p4,0.014266817838246409,0.008975812547241118,0.006330309901738473,0.012755102040816327,0.005668934240362812,0.005763416477702192,0.006235827664399093,0.008881330309901738,0.004346182917611489,0.0035903250188964475,0.0017951625094482237,0.0001889644746787604,0.0002834467120181406,9.44822373393802e-05,0.0,0.0,0.0,0.0,0.0,0.0,0.0,0.0,0.0,0.0,0.0,0.0003779289493575208,9.44822373393802e-05,0.0,0.0,0.0,0.0061413454270597126,0.0031179138321995466,0.006802721088435374,0.00973167044595616,0.015684051398337114,0.023337112622826908,0.07605820105820106,0.20625472411186696,0.21022297808012094,0.10279667422524566,0.03250188964474679,0.02475434618291761,0.012849584278155708,0.017101284958427814,0.015117157974300832,0.016439909297052153,0.017668178382464098,0.011999244142101285,0.01379440665154951,0.007464096749811035,0.008786848072562359,0.007275132275132275,0.008408919123204838,0.00963718820861678,0.007842025699168557,0.007842025699168557,0.011904761904761904,0.006519274376417234,0.011243386243386243,0.011054421768707483
welding_0001_18-35-38_p0,0.03394522144522145,0.014641608391608392,0.019740675990675992,0.016098484848484848,0.02556818181818182,0.020687645687645688,0.025786713286713288,0.024766899766899768,0.029793123543123544,0.017628205128205128,0.027316433566433568,0.00946969696969697,0.011145104895104896,0.004006410256410256,0.01099941724941725,0.002768065268065268,0.009906759906759906,0.004079254079254079,0.008886946386946386,0.0012383449883449883,0.005681818181818182,0.002331002331002331,0.004297785547785548,0.0030594405594405595,0.003715034965034965,0.008886946386946386,0.008012820512820512,0.004880536130536131,0.001456876456876457,0.008522727272727272,0.012092074592074592,0.001893939393939394,0.010926573426573426,0.004953379953379953,0.015224358974358974,0.016681235431235432,0.023310023310023312,0.030667249417249416,0.03918997668997669,0.01537004662004662,0.07029428904428904,0.08530011655011654,0.06111596736596737,0.026442307692307692,0.027462121212121212,0.013184731934731934,0.02258158508158508,0.011727855477855478,0.012164918414918414,0.00539044289044289,0.012893356643356644,0.006993006993006993,0.015734265734265736,0.01231060606060606,0.019740675990675992,0.033726689976689976,0.008595571095571096,0.005827505827505828,0.004006410256410256,0.004880536130536131
welding_0001_18-35-38_p1,0.0239067055393586,0.012172011661807581,0.012463556851311954,0.012244897959183673,0.012900874635568512,0.009766763848396502,0.009766763848396502,0.011880466472303206,0.017565597667638485,0.011078717201166181,0.011880466472303206,0.001530612244897959,0.0013119533527696794,0.0005102040816326531,0.001530612244897959,0.0001457725947521866,0.001749271137026239,0.0007288629737609329,0.0002915451895043732,0.0,0.00043731778425655976,0.0002915451895043732,0.0006559766763848397,0.0002915451895043732,0.00043731778425655976,0.003061224489795918,0.0006559766763848397,0.0010932944606413995,0.00021865889212827988,0.0006559766763848397,0.0011661807580174927,0.0008017492711370263,0.005393586005830904,0.0016763848396501458,0.006705539358600583,0.009183673469387756,0.039285714285714285,0.08884839650145773,0.18440233236151604,0.05153061224489796,0.0902332361516035,0.07908163265306123,0.0413265306122449,0.01705539358600583,0.024416909620991252,0.010422740524781341,0.019970845481049562,0.011443148688046648,0.0119533527696793,0.00685131195335277,0.011224489795918367,0.011661807580174927,0.01574344023323615,0.01129737609329446,0.019606413994169097,0.03206997084548105,0.012099125364431487,0.00816326530612245,0.0074344023323615165,0.007725947521865889
welding_0001_18-35-38_p2,0.0275,0.0009931506849315068,0.003493150684931507,0.0015753424657534247,0.003972602739726027,0.003184931506849315,0.010034246575342467,0.005410958904109589,0.01,0.001095890410958904,0.011780821917808219,0.005136986301369863,0.005102739726027397,0.0013356164383561645,0.004041095890410959,0.0013356164383561645,0.0050342465753424655,0.0008904109589041096,0.0018493150684931506,0.00034246575342465754,0.004623287671232877,0.000136986301369863,0.002191780821917808,0.0009246575342465753,0.0008561643835616438,0.014143835616438356,0.003938356164383562,0.0032876712328767125,0.003767123287671233,0.007534246575342466,0.03863013698630137,0.011301369863013699,0.018184931506849314,0.011061643835616438,0.03232876712328767,0.030445205479452054,0.06726027397260274,0.10702054794520548,0.10219178082191781,0.015068493150684932,0.10996575342465753,0.11356164383561644,0.05095890410958904,0.031883561643835615,0.0288013698630137,0.013219178082191781,0.016952054794520548,0.00934931506849315,0.006780821917808219,0.003184931506849315,0.01154109589041096,0.0015753424657534247,0.004794520547945206,0.003938356164383562,0.0019178082191780822,0.006678082191780822,0.002397260273972603,0.002363013698630137,0.00020547945205479453,0.0009246575342465753
welding_0001_18-35-38_p3,0.01971153846153846,0.013942307692307693,0.017211538461538462,0.021346153846153845,0.027307692307692307,0.036923076923076927,0.012884615384615385,0.014423076923076924,0.026153846153846153,0.029615384615384616,0.011826923076923077,0.006634615384615385,0.0019230769230769232,0.0010576923076923077,0.001346153846153846,0.0002884615384615385,0.0009615384615384616,0.000673076923076923,0.008846153846153846,0.0,0.000673076923076923,9.615384615384615e-05,0.01,0.0033653846153846156,9.615384615384615e-05,0.0017307692307692308,0.0038461538461538464,0.005288461538461539,0.0010576923076923077,0.003173076923076923,0.0075,0.004326923076923077,0.005673076923076923,0.005865384615384615,0.013557692307692307,0.008653846153846154,0.026634615384615385,0.06894230769230769,0.12990384615384615,0.11067307692307693,0.07663461538461538,0.05519230769230769,0.02201923076923077,0.009807692307692307,0.014134615384615384,0.008557692307692308,0.0125,0.010769230769230769,0.01326923076923077,0.006538461538461538,0.011538461538461539,0.006826923076923077,0.013173076923076923,0.01326923076923077,0.01423076923076923,0.012884615384615385,0.0125,0.006923076923076923,0.00625,0.008846153846153846
welding_0001_18-35-38_p4,0.02336641852770885,0.017576509511993382,0.011579818031430935,0.017576509511993382,0.02543424317617866,0.024710504549214227,0.011476426799007445,0.011476426799007445,0.013647642679900745,0.011062861869313483,0.005893300248138958,0.0,0.00020678246484698098,0.0,0.0,0.0,0.0,0.0,0.0013440860215053765,0.0,0.0,0.0,0.0063068651778329194,0.0,0.0,0.0014474772539288668,0.00020678246484698098,0.004342431761786601,0.0,0.0,0.002791563275434243,0.0,0.003515301902398677,0.0007237386269644334,0.006100082712985939,0.009098428453267164,0.032671629445823,0.10556244830438379,0.18269230769230768,0.10153019023986766,0.1468155500413565,0.048283705541770056,0.021815550041356494,0.008788254755996691,0.013130686517783293,0.006720430107526882,0.011683209263854424,0.007961124896608768,0.009201819685690654,0.0029983457402812243,0.009098428453267164,0.002791563275434243,0.006617038875103391,0.007030603804797354,0.008995037220843672,0.009511993382961124,0.014164598842018197,0.007857733664185277,0.012096774193548387,0.012096774193548387
welding_0001_18-35-38_p5,0.019941277220455102,0.005627599706386102,0.005505260582334231,0.004037191093711769,0.005444091020308295,0.0038536824076339615,0.009358942989968191,0.011499877660875948,0.02098115977489601,0.011683386346953756,0.026792268167359922,0.02177636408123318,0.013334964521654025,0.010337655982383166,0.014864203572302422,0.011071690726694398,0.02055297284071446,0.02489601174455591,0.01951309028627355,0.0033643259114264743,0.002202104232933692,0.0019574259848299485,0.0047712258380229996,0.0017127477367262051,0.001101052116466846,0.004954734524100808,0.0007952043063371667,0.0029973085392708586,0.0007340347443112308,0.001162221678492782,0.017066307805236113,0.0038536824076339615,0.00923660386591632,0.005994617078541717,0.01266209933936873,0.016148764374847076,0.038659163200391485,0.0780523611450942,0.15451431367751406,0.09915586004404209,0.07474920479569366,0.05976266209933937,0.028627355028138,0.00893075605578664,0.020614142402740395,0.0033643259114264743,0.017983851235625153,0.006116956202593589,0.008563738683631025,0.002202104232933692,0.007034499632982628,0.0026914607291411794,0.006912160508930756,0.0030584781012967946,0.004220699779789576,0.007585025691216051,0.005749938830437974,0.004526547589919256,0.0017127477367262051,0.0034254954734524103
welding_0001_18-35-38_p6,0.08061334289813486,0.05021520803443329,0.05756814921090388,0.037571736011477765,0.04250358680057389,0.0351506456241033,0.03183285509325681,0.053174318507890964,0.09549856527977045,0.057119799139167864,0.07899928263988522,0.06465208034433285,0.030667144906743184,0.016140602582496413,0.016050932568149212,0.006725251076040172,0.00824964131994261,0.0018830703012912482,0.0027797704447632713,0.000627690100430416,0.007263271162123386,0.0,0.0009863701578192252,0.000627690100430416,0.0,0.006456241032998565,0.0004483500717360115,0.0016140602582496414,0.0,0.0002690100430416069,0.0003586800573888092,0.0,0.0016140602582496414,0.0001793400286944046,0.0008070301291248207,0.0003586800573888092,0.004214490674318508,0.000627690100430416,0.007173601147776184,0.0019727403156384504,0.019368723098995694,0.021610473457675753,0.024838593974175035,0.0032281205164992827,0.00860832137733142,0.0037661406025824963,0.010581061692969872,0.0034074605451936872,0.005290530846484936,0.0005380200860832137,0.003317790530846485,0.0017037302725968436,0.004662840746054519,0.006097560975609756,0.006456241032998565,0.011567431850789097,0.01883070301291248,0.009146341463414634,0.011477761836441894,0.022507173601147776
welding_0002_17-38-12_p0,0.031176272328951805,0.007077856420626896,0.02666835187057634,0.021739130434782608,0.0448685540950455,0.03812773845635322,0.05552746882372767,0.06808223795079205,0.05952982810920121,0.008426019548365353,0.03096562184024267,0.013439501179642736,0.011164475901584092,0.00311762723289518,0.012933940006740816,0.003833838894506235,0.01937984496124031,0.006825075834175936,0.01714694978092349,0.005224132119986518,0.0047185709470845974,0.001769464105156724,0.01613582743511965,0.00042130097741826763,0.0,0.013860802157061005,0.0001263902932254803,0.003749578699022582,0.0,0.0,0.0020643747893495114,0.001390293225480283,0.00754128749578699,0.006319514661274014,0.019801145938658577,0.009395011796427368,0.02578361981799798,0.06555443208628244,0.04743849005729693,0.00155881361644759,0.051019548365352205,0.018452982810920122,0.009395011796427368,0.005813953488372093,0.020517357600269633,0.0025699359622514324,0.012976070104482642,0.009605662285136502,0.04048702392989552,0.001769464105156724,0.011670037074486012,0.006825075834175936,0.022202561509942702,0.010827435119649478,0.013650151668351871,0.015251095382541288,0.014366363329962925,0.008510279743849006,0.002780586450960566,0.008426019548365353
welding_0002_17-38-12_p1,0.026014568158168574,0.01313735691987513,0.012617065556711759,0.020031217481789803,0.020031217481789803,0.017039542143600418,0.01586888657648283,0.012356919875130074,0.00949531737773153,0.001951092611862643,0.005593132154006243,0.0023413111342351716,0.0022112382934443287,0.0,0.0026014568158168575,0.0,0.003121748178980229,0.0007804370447450572,0.0023413111342351716,0.0,0.0024713839750260145,0.001040582726326743,0.004942767950052029,0.002991675338189386,0.0035119667013527576,0.010015608740894901,0.03082726326742976,0.010535900104058273,0.005202913631633715,0.015478668054110302,0.02133194588969823,0.020031217481789803,0.022112382934443287,0.021852237252861603,0.02848595213319459,0.045655567117585845,0.06074401664932362,0.1471123829344433,0.08597814776274713,0.00013007284079084288,0.06191467221644121,0.07284079084287201,0.01768990634755463,0.013007284079084287,0.0172996878251821,0.0027315296566077004,0.015478668054110302,0.021071800208116546,0.01131633714880333,0.0035119667013527576,0.006373569198751301,0.002991675338189386,0.008194588969823101,0.007154006243496358,0.0036420395421436005,0.004552549427679501,0.005593132154006243,0.0032518210197710717,0.0036420395421436005,0.009755463059313215
welding_0002_17-38-12_p2,0.04726890756302521,0.017331932773109245,0.01680672268907563,0.022058823529411766,0.030987394957983194,0.05567226890756303,0.04831932773109244,0.059873949579831935,0.05304621848739496,0.006827731092436975,0.014180672268907563,0.006827731092436975,0.003676470588235294,0.0010504201680672268,0.0026260504201680674,0.0,0.0010504201680672268,0.0010504201680672268,0.0005252100840336134,0.0,0.0031512605042016808,0.0015756302521008404,0.0021008403361344537,0.0021008403361344537,0.0,0.0021008403361344537,0.005777310924369748,0.0021008403361344537,0.0005252100840336134,0.009978991596638655,0.03991596638655462,0.025210084033613446,0.037815126050420166,0.0273109243697479,0.031512605042016806,0.025735294117647058,0.02888655462184874,0.03466386554621849,0.050945378151260504,0.0010504201680672268,0.04831932773109244,0.025210084033613446,0.017331932773109245,0.004726890756302521,0.02153361344537815,0.0015756302521008404,0.008403361344537815,0.0063025210084033615,0.009978991596638655,0.0,0.01050420168067227,0.0010504201680672268,0.01680672268907563,0.015756302521008403,0.02153361344537815,0.006827731092436975,0.02468487394957983,0.011554621848739496,0.01523109243697479,0.011029411764705883
welding_0002_17-38-12_p3,0.07379737609329447,0.03990524781341108,0.03261661807580175,0.04828717201166181,0.052660349854227406,0.049107142857142856,0.0345298833819242,0.046465014577259475,0.036898688046647234,0.01239067055393586,0.042911807580174925,0.035896501457725945,0.02560131195335277,0.0075619533527696795,0.05830903790087463,0.0059220116618075806,0.024325801749271136,0.01639941690962099,0.05639577259475219,0.01694606413994169,0.030156705539358602,0.0058309037900874635,0.030794460641399415,0.0052842565597667635,0.002824344023323615,0.018768221574344022,0.007926384839650146,0.009748542274052478,0.006286443148688046,0.008108600583090379,0.011115160349854228,0.003826530612244898,0.008290816326530613,0.0011844023323615161,0.003370991253644315,0.0005466472303206997,0.013848396501457727,0.0007288629737609329,0.004464285714285714,0.0,0.003735422740524781,0.0010932944606413995,0.0020043731778425656,0.0,0.0006377551020408163,9.110787172011662e-05,0.002551020408163265,0.0,0.0,0.0,0.00018221574344023323,0.0,0.0014577259475218659,0.0010932944606413995,0.0010021865889212828,0.004646501457725947,0.007288629737609329,0.011115160349854228,0.029974489795918366,0.04309402332361516
welding_0002_17-38-18_p0,0.021921182266009854,0.015517241379310345,0.016748768472906402,0.01921182266009852,0.024753694581280787,0.020566502463054186,0.011083743842364532,0.01625615763546798,0.010960591133004927,0.009729064039408868,0.005665024630541872,0.0001231527093596059,0.0001231527093596059,0.0002463054187192118,0.0004926108374384236,0.0,0.0006157635467980296,0.0002463054187192118,0.0002463054187192118,0.0,0.0001231527093596059,0.0,0.0,0.0002463054187192118,0.0,0.00036945812807881776,0.0001231527093596059,0.0004926108374384236,0.0,0.0002463054187192118,0.0011083743842364533,0.0009852216748768472,0.0018472906403940886,0.0020935960591133003,0.007019704433497537,0.009729064039408868,0.021182266009852218,0.04051724137931034,0.11317733990147784,0.10197044334975369,0.09285714285714286,0.08596059113300493,0.03226600985221675,0.030541871921182268,0.02019704433497537,0.017857142857142856,0.014285714285714285,0.014039408866995074,0.017610837438423645,0.013546798029556651,0.013300492610837438,0.014901477832512316,0.01896551724137931,0.021921182266009854,0.014655172413793103,0.021798029556650247,0.02327586206896552,0.01539408866995074,0.017364532019704434,0.02352216748768473
welding_0002_17-38-18_p1,0.009006211180124223,0.006366459627329193,0.0045031055900621115,0.005279503105590062,0.007453416149068323,0.006987577639751553,0.008540372670807454,0.012111801242236025,0.012111801242236025,0.013509316770186335,0.010869565217391304,0.007919254658385094,0.010869565217391304,0.009472049689440994,0.015683229813664597,0.0,0.0037267080745341614,0.0013975155279503106,0.0009316770186335404,0.0,0.0004658385093167702,0.0,0.0004658385093167702,0.0004658385093167702,0.0,0.002018633540372671,0.002329192546583851,0.0009316770186335404,0.002329192546583851,0.0055900621118012426,0.017236024844720498,0.014751552795031056,0.017080745341614908,0.02531055900621118,0.045186335403726706,0.06956521739130435,0.061801242236024845,0.0827639751552795,0.11273291925465838,0.07406832298136647,0.0812111801242236,0.05015527950310559,0.011180124223602485,0.007453416149068323,0.011645962732919254,0.011801242236024845,0.012111801242236025,0.010093167701863354,0.014906832298136646,0.010559006211180125,0.013198757763975156,0.012732919254658385,0.013354037267080746,0.015217391304347827,0.011180124223602485,0.009472049689440994,0.010248447204968944,0.005900621118012423,0.0038819875776397515,0.0018633540372670807
welding_0002_17-38-18_p2,0.01834975369458128,0.01416256157635468,0.011330049261083743,0.011330049261083743,0.017857142857142856,0.010098522167487686,0.010591133004926109,0.008374384236453201,0.0064039408866995075,0.0018472906403940886,0.001354679802955665,0.00036945812807881776,0.00036945812807881776,0.0001231527093596059,0.00036945812807881776,0.0,0.00036945812807881776,0.0002463054187192118,0.0001231527093596059,0.0,0.0007389162561576355,0.0,0.00036945812807881776,0.0004926108374384236,0.00036945812807881776,0.0002463054187192118,0.0007389162561576355,0.00036945812807881776,0.0,0.0004926108374384236,0.0002463054187192118,0.0008620689655172414,0.0035714285714285713,0.0019704433497536944,0.013793103448275862,0.026847290640394088,0.03583743842364532,0.0583743842364532,0.12573891625615763,0.1416256157635468,0.13177339901477833,0.11761083743842364,0.038177339901477834,0.03669950738916256,0.03165024630541872,0.01145320197044335,0.009236453201970444,0.006527093596059113,0.007266009852216749,0.0034482758620689655,0.004433497536945813,0.002586206896551724,0.008866995073891626,0.008251231527093596,0.00603448275862069,0.007389162561576354,0.013054187192118226,0.007635467980295567,0.008004926108374385,0.013546798029556651
welding_0002_17-38-18_p3,0.009859625668449197,0.004846256684491979,0.0030080213903743314,0.005681818181818182,0.006517379679144385,0.006183155080213904,0.008522727272727272,0.009692513368983958,0.009692513368983958,0.010862299465240642,0.008188502673796791,0.016544117647058824,0.026905080213903743,0.02289438502673797,0.028409090909090908,0.000501336898395722,0.008355614973262033,0.002005347593582888,0.004010695187165776,0.0030080213903743314,0.0030080213903743314,0.0016711229946524064,0.005848930481283422,0.00267379679144385,0.00267379679144385,0.008856951871657755,0.011697860962566845,0.009692513368983958,0.008188502673796791,0.007185828877005348,0.016544117647058824,0.0106951871657754,0.012366310160427808,0.021724598930481284,0.04428475935828877,0.057987967914438505,0.05731951871657754,0.09057486631016043,0.12616978609625668,0.0830548128342246,0.08355614973262032,0.04946524064171123,0.008856951871657755,0.004512032085561497,0.008188502673796791,0.004679144385026738,0.0055147058823529415,0.003843582887700535,0.0053475935828877,0.0030080213903743314,0.0053475935828877,0.004846256684491979,0.006851604278074866,0.0066844919786096255,0.004010695187165776,0.007018716577540107,0.005681818181818182,0.002005347593582888,0.001336898395721925,0.001336898395721925
welding_0002_17-38-18_p4,0.008333333333333333,0.0060185185185185185,0.005401234567901234,0.007407407407407408,0.012962962962962963,0.017746913580246913,0.009413580246913581,0.010802469135802469,0.009104938271604938,0.008950617283950617,0.006790123456790123,0.020061728395061727,0.043209876543209874,0.03441358024691358,0.05308641975308642,0.0016975308641975309,0.011728395061728396,0.002777777777777778,0.004166666666666667,0.002777777777777778,0.0030864197530864196,0.0015432098765432098,0.0060185185185185185,0.002932098765432099,0.0024691358024691358,0.010339506172839507,0.010956790123456791,0.011574074074074073,0.007407407407407408,0.010339506172839507,0.012808641975308642,0.014969135802469136,0.012808641975308642,0.022530864197530864,0.031018518518518518,0.034722222222222224,0.03780864197530864,0.06435185185185185,0.1007716049382716,0.08040123456790123,0.07376543209876543,0.049074074074074076,0.009104938271604938,0.0038580246913580245,0.011728395061728396,0.006635802469135803,0.0070987654320987656,0.005246913580246914,0.0033950617283950617,0.002777777777777778,0.0038580246913580245,0.0021604938271604936,0.005401234567901234,0.004475308641975309,0.008796296296296297,0.02808641975308642,0.00787037037037037,0.004320987654320987,0.0023148148148148147,0.004320987654320987
welding_0002_17-38-18_p5,0.01685049019607843,0.006127450980392157,0.009497549019607842,0.007965686274509803,0.012254901960784314,0.0070465686274509805,0.013480392156862746,0.015012254901960785,0.015931372549019607,0.0055147058823529415,0.006740196078431373,0.00428921568627451,0.006127450980392157,0.0015318627450980392,0.011029411764705883,0.004901960784313725,0.006740196078431373,0.006127450980392157,0.007659313725490196,0.001838235294117647,0.006127450980392157,0.002144607843137255,0.006127450980392157,0.01133578431372549,0.007659313725490196,0.007659313725490196,0.018688725490196078,0.00980392156862745,0.02297794117647059,0.024816176470588234,0.07352941176470588,0.03553921568627451,0.05698529411764706,0.03768382352941176,0.06801470588235294,0.025122549019607844,0.04136029411764706,0.046262254901960786,0.04503676470588235,0.002144607843137255,0.04442401960784314,0.04044117647058824,0.04442401960784314,0.02022058823529412,0.03952205882352941,0.015931372549019607,0.021139705882352942,0.004595588235294118,0.0055147058823529415,0.001838235294117647,0.0024509803921568627,0.0006127450980392157,0.006433823529411764,0.00428921568627451,0.0030637254901960784,0.008884803921568627,0.0033700980392156864,0.011642156862745098,0.001838235294117647,0.003676470588235294
welding_0002_17-38-18_p6,0.017011834319526627,0.015409270216962525,0.016148915187376725,0.019230769230769232,0.020340236686390532,0.01171104536489152,0.008752465483234714,0.010355029585798817,0.005054240631163708,0.0009861932938856016,0.0040680473372781065,0.0025887573964497044,0.0018491124260355029,0.0,0.0013560157790927022,0.0,0.0029585798816568047,0.0,0.0011094674556213018,0.0,0.004437869822485207,0.0002465483234714004,0.009492110453648915,0.004314595660749507,0.003205128205128205,0.008505917159763314,0.004314595660749507,0.00641025641025641,0.0,0.0,0.0014792899408284023,0.0,0.010478303747534517,0.004314595660749507,0.021819526627218935,0.02490138067061144,0.047583826429980276,0.07519723865877712,0.09640039447731756,0.050788954635108484,0.10428994082840237,0.09344181459566075,0.07618343195266272,0.045364891518737675,0.02490138067061144,0.009492110453648915,0.01319033530571992,0.008752465483234714,0.005793885601577909,0.003081854043392505,0.004930966469428008,0.005054240631163708,0.009492110453648915,0.01282051282051282,0.011217948717948718,0.013067061143984222,0.016765285996055226,0.009245562130177515,0.010478303747534517,0.009615384615384616
welding_0002_17-38-18_p7,0.007766812865497076,0.0,0.0,0.0,0.0,0.0,0.00013706140350877192,0.0,0.0,0.0,0.0023300438596491227,0.00022843567251461987,0.0007309941520467836,4.5687134502923974e-05,0.0001827485380116959,0.0003654970760233918,0.00027412280701754384,0.0,0.0,0.0,4.5687134502923974e-05,0.0,4.5687134502923974e-05,0.0001827485380116959,4.5687134502923974e-05,0.0014163011695906432,0.0001827485380116959,0.00045687134502923974,0.001827485380116959,0.007035818713450292,0.049798976608187134,0.011056286549707603,0.012838084795321638,0.020285087719298246,0.029696637426900586,0.0481999269005848,0.0727796052631579,0.1465186403508772,0.2540204678362573,0.19293676900584794,0.08813048245614036,0.0343110380116959,0.007447002923976608,0.0027412280701754384,0.00041118421052631577,0.0007766812865497076,0.0001827485380116959,0.00013706140350877192,0.0,0.0,0.004340277777777778,0.0,0.0,0.0,0.0,9.137426900584795e-05,0.0,0.0,0.0,0.0
welding_0002_17-38-18_p8,0.03537735849056604,0.023191823899371068,0.019654088050314465,0.015919811320754717,0.01945754716981132,0.014937106918238994,0.01474056603773585,0.017492138364779874,0.011202830188679245,0.012578616352201259,0.00805817610062893,0.00039308176100628933,0.0005896226415094339,0.00019654088050314466,0.0009827044025157233,0.0,0.0005896226415094339,0.00039308176100628933,0.00019654088050314466,0.0,0.001768867924528302,0.0,0.0005896226415094339,0.0007861635220125787,0.0005896226415094339,0.00019654088050314466,0.0013757861635220125,0.00039308176100628933,0.0,0.0007861635220125787,0.00019654088050314466,0.0009827044025157233,0.0011792452830188679,0.0007861635220125787,0.0019654088050314465,0.00294811320754717,0.004520440251572327,0.01139937106918239,0.08333333333333333,0.16627358490566038,0.1299135220125786,0.09119496855345911,0.031839622641509434,0.0202437106918239,0.016705974842767295,0.007075471698113208,0.00550314465408805,0.0047169811320754715,0.005699685534591195,0.003930817610062893,0.007272012578616352,0.0066823899371069185,0.015330188679245283,0.016705974842767295,0.012775157232704403,0.02535377358490566,0.03557389937106918,0.022602201257861634,0.025157232704402517,0.03970125786163522
welding_0002_17-38-18_p9,0.022022332506203474,0.021401985111662532,0.02946650124069479,0.02791563275434243,0.02512406947890819,0.06265508684863523,0.057692307692307696,0.09305210918114144,0.1324441687344913,0.08188585607940446,0.031327543424317615,0.039081885856079406,0.005583126550868486,0.0021712158808933004,0.005583126550868486,0.00031017369727047146,0.006823821339950372,0.0009305210918114144,0.0006203473945409429,0.0,0.00031017369727047146,0.0,0.004032258064516129,0.0012406947890818859,0.0012406947890818859,0.004962779156327543,0.005893300248138958,0.006823821339950372,0.00031017369727047146,0.002791563275434243,0.0024813895781637717,0.0012406947890818859,0.009615384615384616,0.0015508684863523574,0.006513647642679901,0.003411910669975186,0.022642679900744415,0.024503722084367244,0.06451612903225806,0.02109181141439206,0.03722084367245657,0.022642679900744415,0.006823821339950372,0.004032258064516129,0.008374689826302729,0.0012406947890818859,0.00620347394540943,0.0006203473945409429,0.005272952853598015,0.0009305210918114144,0.0012406947890818859,0.0012406947890818859,0.00620347394540943,0.004652605459057072,0.008684863523573201,0.020471464019851116,0.007754342431761787,0.01240694789081886,0.008995037220843672,0.0037220843672456576
welding_0002_17-38-18_p10,0.04240766073871409,0.010259917920656635,0.008549931600547196,0.010601915184678522,0.014705882352941176,0.008891928864569083,0.02188782489740082,0.040697674418604654,0.03180574555403557,0.006497948016415869,0.006155950752393981,0.005129958960328317,0.005129958960328317,0.0023939808481532147,0.011969904240766074,0.005471956224350205,0.007181942544459644,0.0047879616963064295,0.006497948016415869,0.0010259917920656635,0.006155950752393981,0.0013679890560875513,0.005129958960328317,0.008891928864569083,0.003419972640218878,0.004103967168262654,0.014363885088919288,0.0027359781121751026,0.005471956224350205,0.028727770177838577,0.07079343365253078,0.013679890560875513,0.04616963064295486,0.0338577291381669,0.06908344733242135,0.016757865937072503,0.04719562243502052,0.022571819425444596,0.041723666210670314,0.0010259917920656635,0.038303693570451436,0.03522571819425445,0.04240766073871409,0.02188782489740082,0.04343365253077976,0.018467852257181942,0.016757865937072503,0.0047879616963064295,0.006839945280437756,0.002051983584131327,0.006497948016415869,0.0003419972640218878,0.007523939808481532,0.005813953488372093,0.007181942544459644,0.010259917920656635,0.015389876880984952,0.005813953488372093,0.0047879616963064295,0.01094391244870041
welding_0002_17-38-18_p11,0.019230769230769232,0.007692307692307693,0.008791208791208791,0.013186813186813187,0.008241758241758242,0.011538461538461539,0.02912087912087912,0.04835164835164835,0.1697802197802198,0.046703296703296704,0.1054945054945055,0.16043956043956045,0.023626373626373626,0.007142857142857143,0.016483516483516484,0.0027472527472527475,0.010439560439560439,0.0038461538461538464,0.0016483516483516484,0.0,0.0,0.0,0.002197802197802198,0.0,0.0,0.005494505494505495,0.0,0.0032967032967032967,0.0,0.0,0.0005494505494505495,0.0,0.004945054945054945,0.001098901098901099,0.006593406593406593,0.0016483516483516484,0.014835164835164835,0.012087912087912088,0.03076923076923077,0.015934065934065933,0.02857142857142857,0.038461538461538464,0.03626373626373627,0.012637362637362638,0.023626373626373626,0.0005494505494505495,0.00989010989010989,0.0027472527472527475,0.006593406593406593,0.0,0.001098901098901099,0.001098901098901099,0.005494505494505495,0.001098901098901099,0.0038461538461538464,0.011538461538461539,0.007142857142857143,0.007142857142857143,0.0038461538461538464,0.004395604395604396
welding_0002_18-06-26_p0,0.08472906403940887,0.00812807881773399,0.007204433497536946,0.002832512315270936,0.005911330049261084,0.004495073891625616,0.017241379310344827,0.00855911330049261,0.016687192118226602,0.010714285714285714,0.025,0.008497536945812808,0.0054802955665024635,0.0006773399014778325,0.0021551724137931034,0.0003078817733990148,0.0035098522167487686,0.0002463054187192118,0.0004926108374384236,0.0,0.0054802955665024635,0.00018472906403940888,0.002401477832512315,0.0010467980295566501,0.0010467980295566501,0.023583743842364533,0.010344827586206896,0.009544334975369459,0.0,0.003694581280788177,0.009051724137931035,0.0041871921182266006,0.021366995073891625,0.013054187192118226,0.021243842364532018,0.010160098522167487,0.05067733990147783,0.02727832512315271,0.030295566502463053,0.0001231527093596059,0.07986453201970443,0.02038177339901478,0.07493842364532019,0.02795566502463054,0.028386699507389163,0.021613300492610836,0.06139162561576355,0.0020935960591133003,0.0019088669950738917,0.0002463054187192118,0.0011083743842364533,0.0009236453201970443,0.0037561576354679803,0.005665024630541872,0.025554187192118227,0.037130541871921184,0.06256157635467981,0.0054802955665024635,0.06305418719211822,0.01834975369458128
welding_0002_18-06-26_p1,0.040372670807453416,0.004347826086956522,0.02194616977225673,0.005900621118012423,0.0068322981366459624,0.004347826086956522,0.02060041407867495,0.004140786749482402,0.011904761904761904,0.0033126293995859213,0.02877846790890269,0.016149068322981366,0.010455486542443064,0.0009316770186335404,0.005383022774327122,0.00020703933747412008,0.006314699792960662,0.0011387163561076604,0.0036231884057971015,0.0,0.004347826086956522,0.0,0.004347826086956522,0.0015527950310559005,0.0018633540372670807,0.008281573498964804,0.004140786749482402,0.002691511387163561,0.0007246376811594203,0.0014492753623188406,0.002898550724637681,0.0017598343685300208,0.005486542443064182,0.008074534161490683,0.015424430641821946,0.02598343685300207,0.028985507246376812,0.06677018633540373,0.030538302277432712,0.00010351966873706004,0.055175983436853,0.01884057971014493,0.045548654244306416,0.0068322981366459624,0.0536231884057971,0.019979296066252587,0.03457556935817806,0.015424430641821946,0.06811594202898551,0.012008281573498964,0.059730848861283645,0.02298136645962733,0.06376811594202898,0.02142857142857143,0.014906832298136646,0.031366459627329195,0.020496894409937887,0.01832298136645963,0.0018633540372670807,0.002898550724637681
welding_0002_18-06-26_p2,0.07315668202764977,0.010368663594470046,0.020377304147465438,0.005688364055299539,0.011736751152073732,0.00655241935483871,0.03233006912442396,0.018433179723502304,0.0244815668202765,0.011952764976958526,0.02692972350230415,0.0007920506912442397,0.0008640552995391706,0.00014400921658986175,0.0013680875576036866,0.00014400921658986175,0.0020161290322580645,0.00021601382488479264,0.000576036866359447,0.0,0.002232142857142857,0.0,0.0014400921658986176,7.200460829493088e-05,0.0,0.008496543778801843,0.0008640552995391706,0.004032258064516129,0.0,0.004464285714285714,0.006048387096774193,0.0037442396313364054,0.022033410138248846,0.012672811059907835,0.025849654377880185,0.02059331797235023,0.09396601382488479,0.06444412442396313,0.03405817972350231,0.004320276497695853,0.05025921658986175,0.020737327188940093,0.02138536866359447,0.015336981566820276,0.07337269585253456,0.027865783410138248,0.05731566820276498,0.004608294930875576,0.008496543778801843,0.0007920506912442397,0.0017281105990783411,0.0019441244239631337,0.007128456221198157,0.0045362903225806455,0.004464285714285714,0.040466589861751154,0.03744239631336405,0.005832373271889401,0.04507488479262673,0.013752880184331797
welding_0002_18-06-26_p3,0.08364790665751544,0.06537405628002746,0.0456417295813315,0.06829100892244337,0.07240905971173645,0.09342827728208648,0.06288606726149623,0.07755662319835278,0.06777625257378174,0.019989704873026766,0.06451612903225806,0.03165751544269046,0.0174159231297186,0.015528483184625944,0.03826355525051476,0.0068634179821551134,0.0072923816060398074,0.0018874399450926561,0.0013726835964310226,0.00034317089910775565,0.0023164035689773508,0.0008579272477693892,0.0026595744680851063,0.002230610844200412,0.0012868908716540837,0.00634866163349348,0.0026595744680851063,0.003260123541523679,0.0023164035689773508,0.0037748798901853123,0.0043754289636238845,0.003345916266300618,0.0061770761839396015,0.0013726835964310226,0.0012010981468771448,0.00025737817433081676,0.009608785175017159,0.00025737817433081676,0.00317433081674674,0.0,0.007635552505147564,0.00025737817433081676,0.0006005490734385724,8.579272477693891e-05,0.0006005490734385724,0.0,0.0012010981468771448,0.00034317089910775565,0.0009437199725463281,0.0,0.0006863417982155113,0.00025737817433081676,0.0013726835964310226,0.0013726835964310226,0.0034317089910775567,0.00634866163349348,0.008922443376801648,0.009780370624571036,0.024365133836650652,0.03217227179135209
welding_0002_18-06-26_p4,0.01771255060728745,0.010121457489878543,0.015182186234817813,0.012651821862348178,0.016700404858299597,0.02631578947368421,0.03896761133603239,0.040991902834008095,0.029352226720647773,0.011133603238866396,0.018724696356275303,0.008097165991902834,0.016194331983805668,0.009109311740890687,0.07995951417004049,0.016700404858299597,0.0465587044534413,0.01720647773279352,0.0673076923076923,0.0010121457489878543,0.018218623481781375,0.0010121457489878543,0.026821862348178137,0.009615384615384616,0.0,0.0298582995951417,0.00354251012145749,0.03744939271255061,0.0,0.0005060728744939271,0.025809716599190284,0.0,0.057692307692307696,0.00354251012145749,0.02631578947368421,0.003036437246963563,0.039979757085020245,0.018218623481781375,0.01062753036437247,0.0,0.013157894736842105,0.005566801619433198,0.00860323886639676,0.0025303643724696357,0.005060728744939271,0.0020242914979757085,0.018218623481781375,0.0075910931174089065,0.016194331983805668,0.004048582995951417,0.013157894736842105,0.003036437246963563,0.020748987854251014,0.015182186234817813,0.0075910931174089065,0.014676113360323886,0.012145748987854251,0.011639676113360324,0.0015182186234817814,0.005060728744939271
welding_0002_18-19-53_p0,0.026100852272727272,0.006924715909090909,0.010919744318181818,0.013938210227272728,0.02423650568181818,0.030628551136363636,0.03107244318181818,0.026899857954545456,0.016246448863636364,0.004083806818181818,0.03125,0.029651988636363636,0.052911931818181816,0.022549715909090908,0.039506392045454544,0.007990056818181818,0.024058948863636364,0.025035511363636364,0.03409090909090909,0.017489346590909092,0.027610085227272728,0.028675426136363636,0.034357244318181816,0.015980113636363636,0.009055397727272728,0.008345170454545454,0.01837713068181818,0.007368607954545455,0.0005326704545454545,0.007102272727272727,0.022993607954545456,0.004261363636363636,0.02618963068181818,0.015181107954545454,0.03133877840909091,0.01171875,0.02325994318181818,0.041193181818181816,0.05087002840909091,0.013494318181818182,0.037109375,0.03284801136363636,0.016157670454545456,0.0007102272727272727,0.005415482954545455,0.0007102272727272727,0.002752130681818182,0.0011541193181818182,0.001864346590909091,0.0,0.0023970170454545455,0.0005326704545454545,0.0032848011363636365,0.0023970170454545455,0.002041903409090909,0.003018465909090909,0.006303267045454545,0.0017755681818181818,0.0022194602272727275,0.003817471590909091
welding_0002_18-19-53_p1,0.011559139784946236,0.0008064516129032258,0.002889784946236559,0.0008736559139784947,0.002688172043010753,0.0031586021505376344,0.006989247311827957,0.004166666666666667,0.0049059139784946235,0.0024865591397849464,0.007728494623655914,0.0066532258064516125,0.009811827956989247,0.0068548387096774195,0.01424731182795699,0.0049059139784946235,0.010752688172043012,0.012836021505376344,0.015053763440860216,0.009072580645161291,0.012970430107526881,0.010080645161290322,0.00967741935483871,0.004704301075268817,0.003293010752688172,0.004368279569892473,0.0039650537634408605,0.0019489247311827956,6.720430107526882e-05,0.0017473118279569893,0.0027553763440860213,0.0030241935483870967,0.005981182795698925,0.008467741935483872,0.01881720430107527,0.025201612903225805,0.032795698924731186,0.09254032258064517,0.1327284946236559,0.040053763440860216,0.1176747311827957,0.22325268817204302,0.050268817204301076,0.015591397849462365,0.012029569892473118,0.002889784946236559,0.006384408602150538,0.0034946236559139786,0.002889784946236559,0.0012768817204301076,0.0019489247311827956,0.000739247311827957,0.0016129032258064516,0.0009408602150537635,0.00026881720430107527,0.0020161290322580645,0.00047043010752688175,0.0017473118279569893,0.0004032258064516129,0.00047043010752688175
welding_0002_18-19-53_p2,0.015870364183093885,0.01545272302038089,0.018209154694286668,0.03190778483127297,0.02614433678583361,0.01119278316070832,0.007684597393919144,0.007183427998663549,0.008018710324089542,0.004761109254928166,0.003424657534246575,0.007183427998663549,0.008102238556632141,0.008269295021717341,0.008770464416972937,0.0020046775810223854,0.007183427998663549,0.0007517540928833945,0.0020046775810223854,8.35282325425994e-05,0.0005011693952555964,8.35282325425994e-05,0.0011693952555963916,0.0002505846976277982,0.0002505846976277982,0.00417641162712997,0.001085867023053792,0.000835282325425994,0.0,0.0003341129301703976,0.004844637487470765,0.0020046775810223854,0.006431673905780154,0.011276311393250919,0.022636151019044436,0.04702639492148346,0.05437687938523221,0.12829936518543267,0.19787838289341797,0.0698296024056131,0.038255930504510524,0.03691947878382893,0.01812562646174407,0.013364517206815904,0.011861009021049114,0.008185766789174742,0.006348145673237555,0.005262278650183762,0.006765786835950551,0.005846976277981958,0.006682258603407952,0.004426996324757768,0.006598730370865353,0.007935182091546943,0.013448045439358503,0.019545606414968258,0.015619779485466088,0.007434012696291347,0.008853992649515537,0.011025726695623121
welding_0002_18-19-53_p3,0.000450755014649538,0.0003944106378183457,0.0005070993914807302,0.000225377507324769,0.0003380662609871535,0.0005070993914807302,0.0010705431597926526,0.000225377507324769,0.001126887536623845,0.0,0.0018593644354293441,0.0024791525805724587,0.0005634437683119225,0.0001126887536623845,0.000676132521974307,5.634437683119225e-05,0.0005634437683119225,0.0001126887536623845,0.000225377507324769,0.0,0.0001126887536623845,0.0,0.0003944106378183457,0.000225377507324769,0.000225377507324769,0.0007324768988054992,0.0003944106378183457,0.0007324768988054992,5.634437683119225e-05,0.0011832319134550372,0.003887762001352265,0.005409060175794456,0.0042258282623394185,0.00980392156862745,0.01707234617985125,0.05623168807752986,0.0799526707234618,0.22571557358575614,0.2376042370971377,0.107561415370746,0.14210051836826684,0.06197881451431147,0.014874915483434753,0.004338517016001803,0.005183682668469687,0.0024228082037412667,0.0016339869281045752,0.0010705431597926526,0.0005070993914807302,5.634437683119225e-05,0.0010705431597926526,0.0,0.0003944106378183457,0.0001126887536623845,0.0001126887536623845,0.0005070993914807302,0.0001126887536623845,0.0003944106378183457,5.634437683119225e-05,5.634437683119225e-05
welding_0002_18-19-53_p4,0.08206229860365198,0.00510204081632653,0.003920515574650913,0.007518796992481203,0.008002148227712138,0.006659505907626208,0.004940923737916219,0.00359828141783029,0.005800214822771214,0.00397422126745435,0.012943071965628357,0.0035445757250268527,0.0011278195488721805,5.3705692803437166e-05,0.0005907626208378088,0.001611170784103115,0.0010741138560687433,0.00032223415682062297,0.00010741138560687433,0.0,0.00010741138560687433,0.0,0.00016111707841031148,0.00037593984962406017,0.00021482277121374866,0.001933404940923738,0.0004833512352309345,0.0009129967776584318,0.0011278195488721805,0.007679914070891514,0.052148227712137486,0.009505907626208378,0.00816326530612245,0.012835660580021483,0.027551020408163266,0.05875402792696026,0.09119226638023631,0.14473684210526316,0.17518796992481203,0.06885069817400645,0.040279269602577876,0.03485499462943072,0.01417830290010741,0.007626208378088077,0.00945220193340494,0.008378088077336197,0.009720730397422127,0.005800214822771214,0.005048335123523094,0.004081632653061225,0.01476906552094522,0.003061224489795918,0.004027926960257788,0.003276047261009667,0.005800214822771214,0.0037593984962406013,0.003651987110633727,0.0020945220193340493,0.002900107411385607,0.002363050483351235
welding_0002_18-19-53_p5,0.008686936184430337,0.01252923488138991,0.009438690277313732,0.016288005345806884,0.009438690277313732,0.007434012696291347,0.0035917139993317743,0.0045105245573003674,0.00559639158035416,0.005095222185098563,0.001252923488138991,0.0,0.0,0.0,0.0,0.0001670564650851988,8.35282325425994e-05,0.0,0.0,0.0,0.0,0.0,0.0,0.0,0.0,0.000417641162712997,0.0,8.35282325425994e-05,0.0,0.0,0.006264617440694955,0.0006682258603407952,0.0007517540928833945,0.0030905446040761777,0.007768125626461744,0.03040427664550618,0.05228867357166722,0.20631473438022052,0.3471433344470431,0.07317073170731707,0.030654861343133978,0.025810223855663214,0.011443367858336117,0.012111593718676913,0.008770464416972937,0.007768125626461744,0.007434012696291347,0.00843635148680254,0.007266956231206148,0.006598730370865353,0.006014032743067156,0.006431673905780154,0.007935182091546943,0.010524557300367525,0.00960574674239893,0.004928165720013365,0.006014032743067156,0.0014199799532241897,0.0030905446040761777,0.005262278650183762
welding_0002_18-19-53_p6,0.015217391304347827,0.0007246376811594203,0.003985507246376811,0.0014492753623188406,0.0036231884057971015,0.004347826086956522,0.0036231884057971015,0.006884057971014493,0.006521739130434782,0.0010869565217391304,0.016304347826086956,0.030072463768115943,0.059782608695652176,0.07028985507246377,0.1286231884057971,0.030434782608695653,0.05253623188405797,0.03985507246376811,0.041304347826086954,0.012318840579710146,0.029347826086956522,0.025362318840579712,0.05217391304347826,0.03695652173913044,0.015217391304347827,0.04492753623188406,0.02826086956521739,0.009420289855072464,0.0007246376811594203,0.007608695652173913,0.006159420289855073,0.0007246376811594203,0.011956521739130435,0.003260869565217391,0.005434782608695652,0.003260869565217391,0.08079710144927536,0.004710144927536232,0.0286231884057971,0.0,0.02789855072463768,0.007971014492753623,0.02246376811594203,0.0,0.0007246376811594203,0.00036231884057971015,0.002173913043478261,0.0,0.0,0.0,0.0,0.0,0.00036231884057971015,0.0,0.0,0.003260869565217391,0.006159420289855073,0.003260869565217391,0.0,0.0014492753623188406
welding_0002_18-35-39_p0,0.030048076923076924,0.01201923076923077,0.013362556561085972,0.014352375565610859,0.020291289592760182,0.019725678733031674,0.025664592760180995,0.020008484162895926,0.02474547511312217,0.01626131221719457,0.03018947963800905,0.012302036199095022,0.010393099547511312,0.003959276018099547,0.009615384615384616,0.005161199095022624,0.0065752262443438915,0.004029977375565611,0.005726809954751131,0.005444004524886878,0.0053733031674208145,0.001201923076923077,0.004454185520361991,0.0043127828054298645,0.003464366515837104,0.010251696832579186,0.005161199095022624,0.0077771493212669685,0.0008484162895927602,0.0021210407239819003,0.010039592760180996,0.0014847285067873302,0.009968891402714931,0.004736990950226244,0.015130090497737557,0.010817307692307692,0.02531108597285068,0.027361425339366516,0.03485576923076923,0.006787330316742082,0.0632777149321267,0.12302036199095022,0.0775593891402715,0.022907239819004523,0.04256221719457014,0.0198670814479638,0.025735294117647058,0.015978506787330315,0.012938348416289592,0.006009615384615385,0.012867647058823529,0.007423642533936651,0.012443438914027148,0.010393099547511312,0.013857466063348416,0.022200226244343892,0.015766402714932126,0.008342760180995475,0.0031815610859728507,0.0023331447963800904
welding_0002_18-35-39_p1,0.018835616438356163,0.0075627853881278535,0.009275114155251141,0.012271689497716894,0.010987442922374429,0.008276255707762557,0.010630707762557078,0.010345319634703197,0.015410958904109588,0.009346461187214612,0.008418949771689497,0.002069063926940639,0.001569634703196347,0.0007848173515981735,0.0017123287671232876,0.0004280821917808219,0.0012842465753424657,0.0004280821917808219,0.0004280821917808219,0.0,0.0012128995433789954,7.134703196347032e-05,0.0003567351598173516,7.134703196347032e-05,0.00021404109589041095,0.003924086757990867,0.0005707762557077625,0.00221175799086758,7.134703196347032e-05,0.0004280821917808219,0.001141552511415525,0.0007134703196347032,0.005707762557077625,0.001783675799086758,0.008561643835616438,0.010488013698630137,0.036458333333333336,0.09803082191780822,0.13976883561643835,0.041523972602739725,0.09910102739726027,0.1259988584474886,0.06428367579908675,0.019691780821917807,0.02896689497716895,0.014340753424657534,0.01976312785388128,0.014055365296803653,0.013627283105022831,0.007491438356164383,0.009489155251141553,0.007420091324200913,0.010702054794520547,0.010488013698630137,0.014554794520547944,0.015054223744292237,0.018692922374429224,0.00898972602739726,0.007206050228310502,0.00670662100456621
welding_0002_18-35-39_p2,0.021614583333333333,0.004036458333333334,0.0039713541666666664,0.0032552083333333335,0.0044921875,0.0059244791666666664,0.011783854166666666,0.009830729166666666,0.016666666666666666,0.009830729166666666,0.021809895833333332,0.0263671875,0.0162109375,0.010872395833333333,0.0169921875,0.007291666666666667,0.015690104166666666,0.016080729166666665,0.020963541666666665,0.012434895833333333,0.0077473958333333336,0.0024088541666666668,0.005533854166666667,0.0022786458333333335,0.0018880208333333333,0.008463541666666666,0.000390625,0.0034505208333333332,0.0,0.0001953125,0.011328125,0.0013671875,0.005143229166666667,0.004231770833333333,0.007942708333333333,0.004752604166666666,0.020833333333333332,0.04609375,0.11842447916666667,0.051171875,0.1017578125,0.1494140625,0.0693359375,0.021744791666666666,0.027018229166666668,0.008723958333333334,0.015625,0.008203125,0.006184895833333333,0.0016276041666666667,0.007877604166666666,0.0016276041666666667,0.003125,0.0024088541666666668,0.0022786458333333335,0.0067708333333333336,0.0024088541666666668,0.0018229166666666667,0.0008463541666666667,0.0014322916666666666
welding_0003_17-38-13_p0,0.05165692007797271,0.012914230019493177,0.0402046783625731,0.01709133945976051,0.034217488164856584,0.03554023948760791,0.04406850459482038,0.05214424951267056,0.05043859649122807,0.00556947925368978,0.04796714007240323,0.022765246449456975,0.02760373155109997,0.003898635477582846,0.02203425229741019,0.003446115288220551,0.02081592871066555,0.007866889445836814,0.01023391812865497,0.005430242272347535,0.006578947368421052,0.003620161514898357,0.011835143414090782,0.0026455026455026454,0.001148705096073517,0.015420495683653578,0.0035853522695627957,0.006265664160401002,0.00038290169869117235,0.0018796992481203006,0.004908103592314118,0.0024366471734892786,0.008423837371205792,0.010790866054023948,0.015629351155666944,0.015420495683653578,0.016360345307713728,0.05364104706209969,0.041005291005291,0.00020885547201336674,0.05921052631578947,0.02384433305485937,0.011347813979392926,0.0024714564188248397,0.011104149262043998,6.961849067112225e-05,0.008806739069896964,0.002018936229462545,0.008632692843219159,0.0006265664160401002,0.004177109440267335,0.0037942077415761624,0.018031189083820662,0.012566137566137565,0.016569200779727095,0.015072403230297966,0.030492898913951544,0.01148705096073517,0.003376496797549429,0.018205235310498467
welding_0003_17-38-13_p1,0.035095856524427954,0.014842300556586271,0.012677798392084107,0.017006802721088437,0.01422387136672851,0.017006802721088437,0.017316017316017316,0.023809523809523808,0.011595547309833023,0.005875077303648732,0.0027829313543599257,0.0,0.00046382189239332097,0.00015460729746444033,0.0006184291898577613,0.0,0.0035559678416821274,0.00030921459492888067,0.00015460729746444033,0.0,0.0007730364873222016,0.0,0.00046382189239332097,0.00030921459492888067,0.00030921459492888067,0.004174397031539889,0.0021645021645021645,0.0026283240568954853,0.0035559678416821274,0.005720470006184292,0.018089053803339517,0.010822510822510822,0.012523191094619666,0.006957328385899814,0.01855287569573284,0.03293135435992579,0.04483611626468769,0.24768089053803338,0.07390228818800247,0.00030921459492888067,0.07498453927025356,0.04700061842918986,0.01499690785405071,0.02396413110698825,0.01437847866419295,0.015306122448979591,0.015769944341372914,0.015769944341372914,0.012677798392084107,0.003865182436611008,0.005256648113790971,0.008348794063079777,0.01453308596165739,0.002937538651824366,0.012677798392084107,0.006029684601113173,0.017779839208410638,0.004329004329004329,0.016852195423623994,0.008348794063079777
welding_0003_17-38-13_p2,0.042717086834733894,0.009278711484593838,0.026785714285714284,0.010679271708683474,0.027661064425770307,0.02494747899159664,0.04718137254901961,0.06214985994397759,0.049019607843137254,0.004201680672268907,0.05427170868347339,0.023284313725490197,0.0273109243697479,0.00586484593837535,0.02652310924369748,0.004901960784313725,0.025997899159663867,0.00507703081232493,0.004376750700280112,0.002538515406162465,0.003238795518207283,0.00035014005602240897,0.006214985994397759,0.002188375350140056,0.0007002801120448179,0.01995798319327731,0.0019257703081232494,0.0070903361344537815,0.0,0.0007002801120448179,0.004026610644257703,0.001838235294117647,0.009103641456582634,0.013830532212885153,0.01488095238095238,0.012867647058823529,0.018907563025210083,0.02223389355742297,0.0429796918767507,0.0002626050420168067,0.058385854341736695,0.025735294117647058,0.012780112044817927,0.0020133053221288513,0.005952380952380952,8.753501400560224e-05,0.009278711484593838,0.0010504201680672268,0.005427170868347339,0.0015756302521008404,0.006039915966386555,0.009453781512605041,0.03282563025210084,0.020920868347338934,0.0313375350140056,0.0234593837535014,0.04534313725490196,0.012342436974789915,0.006477591036414566,0.02144607843137255
welding_0003_17-38-13_p3,0.018870192307692307,0.0028846153846153848,0.003966346153846154,0.0003605769230769231,0.0010817307692307693,0.002403846153846154,0.005408653846153846,0.003966346153846154,0.0019230769230769232,0.0,0.010697115384615385,0.0,0.0006009615384615385,0.0,0.0003605769230769231,0.0018028846153846155,0.0007211538461538462,0.0001201923076923077,0.0001201923076923077,0.0,0.0001201923076923077,0.0,0.0004807692307692308,0.0008413461538461539,0.0,0.003605769230769231,0.0015625,0.0003605769230769231,0.010216346153846154,0.011778846153846154,0.06201923076923077,0.03569711538461538,0.053966346153846156,0.04675480769230769,0.08990384615384615,0.13088942307692308,0.10108173076923077,0.11778846153846154,0.050841346153846154,0.003125,0.04266826923076923,0.041826923076923074,0.019471153846153846,0.0125,0.010697115384615385,0.002764423076923077,0.008894230769230769,0.008173076923076924,0.013100961538461539,0.0002403846153846154,0.009134615384615385,0.0013221153846153847,0.012139423076923077,0.0006009615384615385,0.0003605769230769231,0.005408653846153846,0.0028846153846153848,0.0296875,0.0002403846153846154,0.0015625
welding_0003_17-38-18_p0,0.007906692294251267,0.0,0.0006115673597763411,4.368338284116722e-05,0.0004368338284116722,0.0,0.00393150445570505,8.736676568233443e-05,0.0008736676568233444,0.0,0.005678839769351738,0.00235890267342303,0.0020968023763760267,0.00039315044557050496,0.002227852524899528,0.001397868250917351,0.00345098724445221,0.0010484011881880134,0.0024025860562641973,8.736676568233443e-05,0.005154639175257732,0.00034946706272933774,0.002970470033199371,0.007557225231521929,0.0023152192905818627,0.0030141534160405383,0.012056613664162153,0.0030141534160405383,0.0005678839769351739,0.0034073038616110433,0.02262799231172462,0.00864930980255111,0.01603180150270837,0.02310850952297746,0.040756596190809014,0.0473091036169841,0.049886423204612965,0.18810064651406605,0.18298969072164947,0.16438056963131226,0.0894198846758693,0.05499737899702953,0.009522977459374454,0.0032325703302463742,0.0048051721125283945,0.0006989341254586755,0.0044120216669578894,0.0011357679538703477,0.0023152192905818627,0.00039315044557050496,0.002577319587628866,0.0006115673597763411,0.001965752227852525,0.0005242005940940067,4.368338284116722e-05,0.0025336362047876987,0.0005678839769351739,0.0008736676568233444,0.0,8.736676568233443e-05
welding_0003_17-38-18_p1,0.029296875,0.006569602272727273,0.006392045454545455,0.00870028409090909,0.011186079545454546,0.013849431818181818,0.02361505681818182,0.02556818181818182,0.024325284090909092,0.009588068181818182,0.05344460227272727,0.056640625,0.012251420454545454,0.002130681818181818,0.007102272727272727,0.002840909090909091,0.006392045454545455,0.002840909090909091,0.005681818181818182,0.0005326704545454545,0.010475852272727272,0.0008877840909090909,0.010475852272727272,0.007102272727272727,0.007102272727272727,0.004083806818181818,0.004616477272727273,0.0033735795454545455,0.0033735795454545455,0.0024857954545454545,0.011008522727272728,0.010120738636363636,0.008522727272727272,0.007990056818181818,0.013139204545454546,0.016512784090909092,0.033380681818181816,0.06267755681818182,0.13920454545454544,0.024857954545454544,0.02361505681818182,0.07741477272727272,0.048828125,0.01970880681818182,0.023082386363636364,0.009410511363636364,0.006569602272727273,0.011363636363636364,0.005504261363636364,0.0015980113636363637,0.0035511363636363635,0.0026633522727272725,0.005859375,0.007102272727272727,0.007279829545454545,0.009410511363636364,0.01083096590909091,0.007102272727272727,0.01260653409090909,0.016157670454545456
welding_0003_17-38-18_p2,0.020052083333333335,0.014192708333333333,0.013671875,0.021614583333333333,0.030729166666666665,0.031640625,0.022135416666666668,0.026953125,0.018229166666666668,0.013020833333333334,0.014192708333333333,0.031510416666666666,0.001953125,0.0020833333333333333,0.001171875,0.0,0.0006510416666666666,0.0,0.00026041666666666666,0.0,0.001171875,0.0,0.00026041666666666666,0.00013020833333333333,0.0,0.00078125,0.00013020833333333333,0.0006510416666666666,0.0,0.0,0.00026041666666666666,0.0006510416666666666,0.00078125,0.0005208333333333333,0.002864583333333333,0.007942708333333333,0.006640625,0.017317708333333334,0.08541666666666667,0.03229166666666667,0.056380208333333334,0.10885416666666667,0.055338541666666664,0.025260416666666667,0.026171875,0.010416666666666666,0.016536458333333334,0.013932291666666667,0.016276041666666668,0.012369791666666666,0.015755208333333333,0.014973958333333334,0.0203125,0.023046875,0.025651041666666666,0.037109375,0.037760416666666664,0.020703125,0.025260416666666667,0.016015625
welding_0003_17-38-18_p3,0.015928906773977198,0.003688799463447351,0.005030181086519115,0.002850435949027498,0.006036217303822937,0.005700871898054996,0.007377598926894702,0.008551307847082495,0.0102280348759222,0.01324614352783367,0.026324614352783368,0.09138162307176392,0.009054325955734407,0.0025150905432595573,0.006371562709590879,0.0026827632461435278,0.00335345405767941,0.0026827632461435278,0.004024144869215292,0.0005030181086519115,0.008048289738430584,0.00016767270288397049,0.003688799463447351,0.0031857813547954395,0.0013413816230717639,0.001676727028839705,0.004359490274983233,0.0011737089201877935,0.0031857813547954395,0.00335345405767941,0.012743125419181758,0.008551307847082495,0.011066398390342052,0.014922870556673374,0.02649228705566734,0.05298457411133468,0.0937290409121395,0.10010060362173039,0.10093896713615023,0.0335345405767941,0.042085848423876596,0.08417169684775319,0.0409121395036888,0.018443997317236754,0.02012072434607646,0.007880617035546614,0.0077129443326626424,0.006203890006706908,0.006539235412474849,0.004359490274983233,0.0053655264922870555,0.004359490274983233,0.006371562709590879,0.005868544600938967,0.007377598926894702,0.006036217303822937,0.005533199195171026,0.0013413816230717639,0.0031857813547954395,0.00335345405767941
welding_0003_17-38-18_p4,0.0259391771019678,0.02119856887298748,0.02066189624329159,0.02334525939177102,0.02853309481216458,0.026118067978533093,0.014221824686940965,0.007334525939177102,0.007334525939177102,0.0008944543828264759,0.004025044722719142,0.003041144901610018,0.003667262969588551,0.0005366726296958855,0.003398926654740608,0.0,0.0034883720930232558,8.944543828264758e-05,0.003935599284436494,0.0,0.0037567084078711987,0.00017889087656529517,0.006618962432915921,0.0029516994633273703,0.007602862254025045,0.00849731663685152,0.009123434704830053,0.0035778175313059034,0.0,0.001967799642218247,0.007602862254025045,8.944543828264758e-05,0.00966010733452594,0.006350626118067979,0.026207513416815743,0.005008944543828265,0.02915921288014311,0.06869409660107334,0.06735241502683363,0.0009838998211091235,0.07236135957066189,0.12039355992844365,0.06788908765652951,0.06404293381037567,0.037209302325581395,0.009391771019677997,0.013774597495527728,0.011270125223613595,0.012254025044722719,0.0029516994633273703,0.007960644007155635,0.005635062611806798,0.017173524150268335,0.011180679785330949,0.014311270125223614,0.011806797853309481,0.021377459749552772,0.006261180679785331,0.012701252236135958,0.016905187835420395
welding_0003_17-38-18_p5,0.031071428571428573,0.030892857142857142,0.01767857142857143,0.02035714285714286,0.019464285714285715,0.022321428571428572,0.016785714285714286,0.01375,0.0075,0.009107142857142857,0.0064285714285714285,0.0005357142857142857,0.00035714285714285714,0.0,0.00035714285714285714,0.0,0.0,0.0,0.0,0.0,0.00017857142857142857,0.0,0.0,0.0,0.0,0.0,0.0,0.0,0.0,0.0,0.0,0.0,0.0,0.0,0.0017857142857142857,0.004642857142857143,0.0019642857142857144,0.010535714285714285,0.07589285714285714,0.06553571428571428,0.10589285714285715,0.16410714285714287,0.06303571428571429,0.024285714285714285,0.020535714285714286,0.00875,0.009107142857142857,0.00875,0.007678571428571429,0.0030357142857142857,0.009107142857142857,0.004285714285714286,0.00875,0.01125,0.010535714285714285,0.031964285714285716,0.03696428571428571,0.03357142857142857,0.048035714285714286,0.03321428571428572
welding_0003_17-38-18_p6,0.03278688524590164,0.02892960462873674,0.02157666345226615,0.027242044358727097,0.026398264223722274,0.02507232401157184,0.021335583413693345,0.023746383799421407,0.012415621986499517,0.008437801350048216,0.009161041465766635,0.0025313404050144647,0.002772420443587271,0.0016875602700096432,0.0028929604628736743,0.00048216007714561236,0.0034956605593056897,0.0008437801350048216,0.0012054001928640309,0.0,0.00012054001928640309,0.0,0.001325940212150434,0.0,0.0,0.0021697203471552555,0.0,0.00156702025072324,0.0,0.0,0.0010848601735776277,0.0,0.0007232401157184186,0.0008437801350048216,0.005062680810028929,0.006509161041465767,0.014585342333654773,0.041224686595949855,0.059064609450337514,0.02302314368370299,0.06412729026036644,0.15103664416586307,0.06087270973963356,0.024710703953712634,0.02495178399228544,0.010366441658630666,0.010848601735776278,0.009643201542912247,0.011571841851494697,0.005424300867888139,0.00904050144648023,0.006870781099324976,0.01289778206364513,0.01253616200578592,0.01518804243008679,0.034112825458052075,0.03543876567020251,0.026398264223722274,0.03652362584378013,0.027121504339440695
welding_0003_17-38-18_p7,0.02673611111111111,0.02673611111111111,0.020833333333333332,0.044097222222222225,0.060069444444444446,0.058680555555555555,0.025,0.02048611111111111,0.02013888888888889,0.011458333333333333,0.00625,0.004166666666666667,0.001388888888888889,0.00034722222222222224,0.0006944444444444445,0.0,0.00034722222222222224,0.0,0.0,0.0,0.0,0.0,0.0,0.0,0.0,0.00034722222222222224,0.0,0.00034722222222222224,0.0,0.0,0.0,0.0,0.0,0.0,0.00034722222222222224,0.0,0.0006944444444444445,0.001388888888888889,0.009375,0.005902777777777778,0.010763888888888889,0.04583333333333333,0.05590277777777778,0.03159722222222222,0.022569444444444444,0.005555555555555556,0.01597222222222222,0.01597222222222222,0.02013888888888889,0.018055555555555554,0.025694444444444443,0.025,0.0375,0.050347222222222224,0.05659722222222222,0.06493055555555556,0.06145833333333333,0.027777777777777776,0.03715277777777778,0.025347222222222222
welding_0003_17-38-18_p8,0.02872340425531915,0.004609929078014184,0.003900709219858156,0.00673758865248227,0.008865248226950355,0.00673758865248227,0.01099290780141844,0.01950354609929078,0.015602836879432624,0.00673758865248227,0.03333333333333333,0.014539007092198582,0.024822695035460994,0.009574468085106383,0.019858156028368795,0.004964539007092199,0.024822695035460994,0.008156028368794326,0.007801418439716312,0.0017730496453900709,0.006028368794326241,0.0028368794326241137,0.01099290780141844,0.006028368794326241,0.009574468085106383,0.05602836879432624,0.02269503546099291,0.02872340425531915,0.004609929078014184,0.0070921985815602835,0.05106382978723404,0.00851063829787234,0.07056737588652483,0.015602836879432624,0.02446808510638298,0.016666666666666666,0.05673758865248227,0.016666666666666666,0.04929078014184397,0.0007092198581560284,0.03475177304964539,0.04929078014184397,0.035106382978723406,0.01524822695035461,0.04326241134751773,0.014893617021276596,0.01879432624113475,0.01099290780141844,0.011702127659574468,0.0017730496453900709,0.009929078014184398,0.0017730496453900709,0.005319148936170213,0.0017730496453900709,0.0024822695035460994,0.00851063829787234,0.002127659574468085,0.00425531914893617,0.0003546099290780142,0.0007092198581560284
welding_0003_17-38-18_p9,0.021759047182775996,0.013742556115437472,0.01694915254237288,0.01912505726065048,0.02038479157123225,0.02233165368758589,0.021759047182775996,0.015689418231791114,0.008016491067338524,0.003092075125973431,0.00744388456252863,0.002748511223087494,0.004809894640403115,0.0011452130096197893,0.009390746678882272,0.0006871278057718735,0.013628034814475493,0.001374255611543747,0.0008016491067338525,0.0,0.0008016491067338525,0.0,0.001488776912505726,0.00022904260192395785,0.00011452130096197893,0.01076500229042602,0.0012597343105817682,0.002977553825011452,0.0,0.00034356390288593677,0.005153458543289051,0.0,0.008932661475034357,0.004695373339441136,0.008932661475034357,0.0037792029317453048,0.01809436555199267,0.03309665597801191,0.07753092075125974,0.06103985341273477,0.19594594594594594,0.17166743014200642,0.0385936784241869,0.02027027027027027,0.020613834173156206,0.005153458543289051,0.00950526797984425,0.005611543747136968,0.006642235455794778,0.0005726065048098947,0.002748511223087494,0.001374255611543747,0.00538250114521301,0.004351809436555199,0.005267979844251031,0.011566651397159872,0.012024736601007788,0.00858909757214842,0.014086120018323408,0.01591846083371507
welding_0003_17-38-18_p10,0.03223981900452489,0.026583710407239818,0.024226998491704375,0.023755656108597284,0.022907239819004523,0.021681749622926093,0.022058823529411766,0.015648567119155354,0.008861236802413273,0.0053733031674208145,0.00773001508295626,0.0012254901960784314,0.0016025641025641025,0.0003770739064856712,0.003110859728506787,0.0,0.005090497737556561,0.0001885369532428356,0.0001885369532428356,0.0,9.42684766214178e-05,0.0,0.000471342383107089,0.0,0.0,0.0029223227752639518,9.42684766214178e-05,0.0005656108597285068,0.0,0.0,0.001885369532428356,9.42684766214178e-05,0.001791101055806938,0.001885369532428356,0.006127450980392157,0.0074472096530920065,0.011972096530920061,0.12302036199095022,0.0916289592760181,0.013009049773755657,0.1122737556561086,0.1603506787330317,0.04157239819004525,0.024604072398190045,0.02441553544494721,0.006787330316742082,0.011312217194570135,0.006787330316742082,0.007824283559577677,0.0010369532428355958,0.003770739064856712,0.001791101055806938,0.006221719457013574,0.005938914027149321,0.005750377073906486,0.015271493212669683,0.01498868778280543,0.014517345399698341,0.024509803921568627,0.02441553544494721
welding_0003_17-38-18_p11,0.020833333333333332,0.005533854166666667,0.011393229166666666,0.013997395833333334,0.0205078125,0.0302734375,0.03515625,0.052083333333333336,0.1982421875,0.09602864583333333,0.03515625,0.050455729166666664,0.006184895833333333,0.0013020833333333333,0.0013020833333333333,0.0,0.0022786458333333335,0.0003255208333333333,0.0,0.0,0.0003255208333333333,0.0,0.001953125,0.0022786458333333335,0.0003255208333333333,0.0029296875,0.004231770833333333,0.0032552083333333335,0.0,0.0032552083333333335,0.008463541666666666,0.0003255208333333333,0.021484375,0.009765625,0.015299479166666666,0.0107421875,0.016927083333333332,0.013997395833333334,0.0302734375,0.011393229166666666,0.08170572916666667,0.0390625,0.017252604166666668,0.004231770833333333,0.0107421875,0.001953125,0.010091145833333334,0.0048828125,0.004231770833333333,0.0013020833333333333,0.00390625,0.0026041666666666665,0.015950520833333332,0.009440104166666666,0.004231770833333333,0.013671875,0.0126953125,0.010091145833333334,0.0068359375,0.0068359375
welding_0003_18-06-27_p0,0.048431513409961685,0.009339080459770116,0.01119492337164751,0.00646551724137931,0.009219348659003831,0.004729406130268199,0.011793582375478928,0.012811302681992338,0.01873802681992337,0.010296934865900383,0.018438697318007662,0.004849137931034483,0.005567528735632184,0.00023946360153256704,0.0008381226053639847,5.986590038314176e-05,0.002334770114942529,0.0,0.0006585249042145594,0.0,0.006944444444444444,0.0,0.0028735632183908046,0.0004789272030651341,0.0007782567049808429,0.028556034482758622,0.003352490421455939,0.0026939655172413795,0.0,0.0016762452107279694,0.008500957854406131,0.004549808429118774,0.025203544061302683,0.01526580459770115,0.02490421455938697,0.011015325670498084,0.06902538314176246,0.0108955938697318,0.05172413793103448,0.0016163793103448276,0.14727011494252873,0.039810823754789275,0.04130747126436782,0.011613984674329503,0.011434386973180076,0.022988505747126436,0.04897030651340996,0.014487547892720307,0.015924329501915708,0.0006585249042145594,0.002454501915708812,0.0016762452107279694,0.010416666666666666,0.004849137931034483,0.02197078544061303,0.01766044061302682,0.060225095785440615,0.007243773946360154,0.05944683908045977,0.013529693486590038
welding_0003_18-06-27_p1,0.04285714285714286,0.0025274725274725277,0.01835164835164835,0.008021978021978023,0.008461538461538461,0.004065934065934066,0.031868131868131866,0.004175824175824176,0.024285714285714285,0.0025274725274725277,0.016483516483516484,0.010439560439560439,0.004835164835164835,0.00032967032967032967,0.008461538461538461,0.0008791208791208791,0.011428571428571429,0.00032967032967032967,0.002087912087912088,0.0,0.004615384615384616,0.0,0.002197802197802198,0.00032967032967032967,0.00010989010989010989,0.0074725274725274725,0.0007692307692307692,0.0027472527472527475,0.00021978021978021978,0.0008791208791208791,0.0035164835164835165,0.0014285714285714286,0.015604395604395605,0.01835164835164835,0.03494505494505495,0.03373626373626373,0.03824175824175824,0.0478021978021978,0.05978021978021978,0.00032967032967032967,0.051648351648351645,0.013626373626373627,0.025714285714285714,0.006043956043956044,0.05351648351648352,0.01978021978021978,0.05175824175824176,0.03054945054945055,0.04362637362637363,0.01901098901098901,0.02879120879120879,0.03934065934065934,0.04758241758241758,0.023296703296703296,0.02021978021978022,0.023736263736263738,0.013956043956043955,0.007142857142857143,0.0013186813186813187,0.0038461538461538464
welding_0003_18-06-27_p2,0.036108689334495785,0.007265329845975007,0.00980819529206626,0.006320836965998256,0.012351060738157513,0.006756756756756757,0.017654751525719267,0.01859924440569602,0.03458297006684104,0.012351060738157513,0.03545480964835804,0.0018163324614937518,0.0034147050276082534,0.00021795989537925023,0.0018163324614937518,7.265329845975008e-05,0.0037053182214472537,0.00014530659691950015,0.00021795989537925023,0.0,0.004068584713746004,0.0,0.000944492879976751,0.0005812263876780006,0.0,0.017146178436501017,0.0015257192676547515,0.003995931415286254,0.0013077593722755014,0.0029787852368497528,0.007192676547515257,0.008064516129032258,0.01750944492879977,0.014458006393490264,0.026300494042429526,0.018018018018018018,0.09190642255158384,0.06764022086602732,0.04170299331589654,0.005666957279860506,0.12670735251380413,0.028407439697762278,0.0500581226387678,0.024702121476315026,0.03596338273757629,0.008936355710549258,0.03007846556233653,0.005739610578320255,0.005158384190642255,0.0006538796861377507,0.0014530659691950015,0.0007991862830572508,0.004141238012205754,0.004431851206044755,0.0074106364428945075,0.021142109851787272,0.05056669572798605,0.006974716652136007,0.03451031676838128,0.012496367335077013
welding_0003_18-06-27_p3,0.06260064412238325,0.05424718196457327,0.0339170692431562,0.04508856682769726,0.05646135265700483,0.06531803542673108,0.06380837359098229,0.12811996779388085,0.09289452495974235,0.02526167471819646,0.07971014492753623,0.024355877616747183,0.013687600644122383,0.007045088566827697,0.05213365539452496,0.02254428341384863,0.007347020933977455,0.00392512077294686,0.0025161030595813203,0.0007045088566827697,0.003421900161030596,0.001710950080515298,0.0014090177133655394,0.001710950080515298,0.0009057971014492754,0.0036231884057971015,0.002012882447665056,0.004126409017713366,0.00040257648953301127,0.0025161030595813203,0.005837359098228663,0.008252818035426731,0.004730273752012883,0.00040257648953301127,0.0012077294685990338,0.000503220611916264,0.005132850241545894,0.0008051529790660225,0.0008051529790660225,0.0,0.0029186795491143317,0.0009057971014492754,0.0008051529790660225,0.00010064412238325282,0.0007045088566827697,0.000503220611916264,0.0009057971014492754,0.0007045088566827697,0.0007045088566827697,0.00020128824476650564,0.000503220611916264,0.00020128824476650564,0.001006441223832528,0.000503220611916264,0.00030193236714975844,0.00392512077294686,0.0089573268921095,0.021940418679549115,0.03492351046698873,0.028079710144927536
welding_0003_18-19-54_p0,0.02619047619047619,0.005257936507936508,0.01130952380952381,0.008432539682539682,0.013194444444444444,0.015178571428571428,0.01369047619047619,0.013095238095238096,0.013095238095238096,0.00496031746031746,0.013888888888888888,0.01746031746031746,0.02996031746031746,0.024603174603174603,0.05773809523809524,0.026884920634920637,0.048313492063492065,0.03184523809523809,0.03422619047619048,0.010515873015873017,0.017857142857142856,0.012003968253968255,0.036210317460317464,0.03184523809523809,0.02470238095238095,0.02400793650793651,0.02906746031746032,0.013392857142857142,0.0026785714285714286,0.020436507936507937,0.03611111111111111,0.0036706349206349206,0.02906746031746032,0.01626984126984127,0.013293650793650793,0.0021825396825396826,0.02490079365079365,0.008035714285714285,0.02351190476190476,0.02628968253968254,0.05992063492063492,0.01130952380952381,0.008134920634920636,0.0017857142857142857,0.003472222222222222,0.0010912698412698413,0.008234126984126984,0.001884920634920635,0.003472222222222222,0.0003968253968253968,0.002976190476190476,0.0007936507936507937,0.004166666666666667,0.0020833333333333333,0.0035714285714285713,0.00744047619047619,0.03005952380952381,0.005257936507936508,0.018154761904761906,0.010416666666666666
welding_0003_18-19-54_p1,0.0,0.0,0.0,0.0,0.0,0.0,0.0,0.0,0.0,0.0,0.0,5.549389567147614e-05,0.0006104328523862375,0.000832408435072142,0.0018867924528301887,0.0,0.0014983351831298556,0.0007769145394006659,0.0010543840177580466,0.0,0.0002774694783573807,0.0,0.0012763596004439512,0.00011098779134295228,0.0,0.0012763596004439512,0.0006659267480577136,0.0014983351831298556,5.549389567147614e-05,0.000832408435072142,0.0097669256381798,0.004661487236403996,0.008102108768035516,0.012042175360710321,0.03324084350721421,0.05738068812430633,0.0937291897891232,0.2107103218645949,0.28662597114317423,0.13052164261931187,0.08296337402885683,0.044617092119866815,0.008213096559378468,0.0009988901220865706,0.0012763596004439512,0.0002774694783573807,0.0004439511653718091,0.00022197558268590456,0.0002774694783573807,0.0,0.0007214206437291898,5.549389567147614e-05,5.549389567147614e-05,0.00011098779134295228,0.0,0.00011098779134295228,0.0,5.549389567147614e-05,0.00011098779134295228,0.0
welding_0003_18-19-54_p2,0.013030404276645506,0.012278650183762112,0.01269629134647511,0.01795856999665887,0.028817240227196794,0.017206815903775475,0.007768125626461744,0.009271633812228534,0.012779819579017708,0.007266956231206148,0.0036752422318743734,0.011777480788506515,0.007851653859004343,0.005679919812896759,0.005846976277981958,0.0022552622786501837,0.0028399599064483794,0.0020046775810223854,0.003341129301703976,0.0,0.0003341129301703976,0.0,0.002171734046107584,8.35282325425994e-05,0.0,0.0005846976277981958,0.0005846976277981958,0.001670564650851988,0.0,0.0,0.006264617440694955,0.0011693952555963916,0.002505846976277982,0.007601069161376545,0.02530905446040762,0.05821917808219178,0.06481790845305713,0.12896759104577346,0.18985967256932842,0.08895756765786836,0.039926495155362514,0.029903107250250586,0.013280988974273305,0.01261276311393251,0.011359839625793518,0.011610424323421317,0.007601069161376545,0.0053458068827263614,0.006515202138322753,0.0035917139993317743,0.00417641162712997,0.003842298696959572,0.006014032743067156,0.007768125626461744,0.008686936184430337,0.009772803207484129,0.013364517206815904,0.008686936184430337,0.022886735716672234,0.00960574674239893
welding_0003_18-19-54_p3,0.010338345864661654,0.010455827067669173,0.01856203007518797,0.02044172932330827,0.011630639097744361,0.00387687969924812,0.0031719924812030073,0.004699248120300752,0.005404135338345864,0.0035244360902255637,0.00775375939849624,0.002232142857142857,0.00035244360902255637,0.0,0.00011748120300751879,0.0,0.00023496240601503758,0.0,0.0,0.0,0.0,0.0,0.0,0.0,0.0,0.00035244360902255637,0.0,0.0,0.0,0.00011748120300751879,0.0024671052631578946,0.0012922932330827067,0.001644736842105263,0.0030545112781954886,0.0035244360902255637,0.016212406015037595,0.045112781954887216,0.17457706766917294,0.17892387218045114,0.10549812030075188,0.0918703007518797,0.07894736842105263,0.02044172932330827,0.013392857142857142,0.01961936090225564,0.010925751879699248,0.01961936090225564,0.007166353383458646,0.008223684210526315,0.005756578947368421,0.011395676691729324,0.005051691729323308,0.011630639097744361,0.008928571428571428,0.010808270676691729,0.00975093984962406,0.013980263157894737,0.006109022556390977,0.005169172932330827,0.005639097744360902
welding_0003_18-19-54_p4,0.07840501792114696,0.006328405017921147,0.010136648745519714,0.009352598566308244,0.008008512544802867,0.00408826164874552,0.00492831541218638,0.005544354838709678,0.00576836917562724,0.0030801971326164875,0.01243279569892473,0.0015120967741935483,0.001736111111111111,0.00016801075268817206,0.0007280465949820789,0.002632168458781362,0.001064068100358423,0.0005600358422939068,0.0003360215053763441,0.0,0.00011200716845878136,0.0,0.0006160394265232974,0.0008400537634408602,0.0005600358422939068,0.0019601254480286737,0.0007280465949820789,0.001232078853046595,0.0014560931899641578,0.00576836917562724,0.043290770609319,0.013328853046594981,0.014952956989247312,0.02391353046594982,0.02861783154121864,0.05818772401433692,0.12595206093189965,0.15176971326164876,0.10601478494623656,0.05465949820788531,0.03466621863799283,0.03528225806451613,0.013776881720430107,0.011816756272401434,0.013664874551971327,0.008904569892473119,0.01148073476702509,0.00408826164874552,0.0036402329749103944,0.002688172043010753,0.017529121863799284,0.002800179211469534,0.006496415770609319,0.00408826164874552,0.0045362903225806455,0.007504480286738351,0.011648745519713262,0.006216397849462365,0.0036402329749103944,0.004760304659498208
welding_0003_18-19-54_p5,0.007305194805194805,0.0,0.0016233766233766235,0.0012175324675324675,0.004058441558441558,0.0012175324675324675,0.002435064935064935,0.0036525974025974025,0.009334415584415584,0.00040584415584415587,0.016233766233766232,0.05478896103896104,0.07142857142857142,0.08522727272727272,0.07102272727272728,0.05519480519480519,0.08076298701298701,0.0625,0.07305194805194805,0.014204545454545454,0.026785714285714284,0.004058441558441558,0.017857142857142856,0.016233766233766232,0.00974025974025974,0.01176948051948052,0.04017857142857143,0.016233766233766232,0.015827922077922076,0.012175324675324676,0.011363636363636364,0.002840909090909091,0.025162337662337664,0.008928571428571428,0.025974025974025976,0.002435064935064935,0.05438311688311688,0.007305194805194805,0.03612012987012987,0.00040584415584415587,0.024350649350649352,0.004464285714285714,0.0016233766233766235,0.0,0.0016233766233766235,0.0008116883116883117,0.0016233766233766235,0.0,0.0,0.0,0.0,0.0,0.0,0.0,0.0,0.002435064935064935,0.0012175324675324675,0.0,0.0,0.00040584415584415587
welding_0003_18-19-54_p6,0.019272826681246583,0.001298523783488245,0.0031437944231820667,0.0012301804264625478,0.0023920174958993986,0.0019136139967195188,0.0052624384909786765,0.0075861126298523785,0.006765992345544013,0.0028020776380535814,0.008337889557135046,0.005604155276107163,0.01107162383816293,0.01202843083652269,0.018384363039912522,0.0065609622744669215,0.010114816839803172,0.005330781848004374,0.007381082558775287,0.004784034991798797,0.011139967195188628,0.007927829414980863,0.022006560962274466,0.0165390924002187,0.005330781848004374,0.005740841990158557,0.005330781848004374,0.0023920174958993986,0.0007517769272826681,0.003348824494259158,0.0075861126298523785,0.007176052487698196,0.010729907053034445,0.014967195188627665,0.017700929469655548,0.016197375615090215,0.03888737014762165,0.07606615636960087,0.12582012028430836,0.07046200109349371,0.1820667031164571,0.08768452706396938,0.037110442864953526,0.008747949699289229,0.013531984691088026,0.004032258064516129,0.010798250410060143,0.004647348277747403,0.0051257517769272825,0.0014352104975396392,0.004784034991798797,0.0017085839256424276,0.0052624384909786765,0.0037588846364133405,0.0028704209950792784,0.006697648988518316,0.006082558775287042,0.004100601421541826,0.0005467468562055768,0.0016402405686167304
welding_0003_18-35-40_p0,0.03646049536460495,0.0008994050089940501,0.00214473502144735,0.0016950325169503252,0.0031825100318251002,0.0029403625294036253,0.005292652552926526,0.0037359900373599006,0.0055002075550020756,0.002040957520409575,0.012349522623495226,0.0043586550435865505,0.00422028504220285,0.0017642175176421752,0.007091462570914626,0.0011069600110696,0.007195240071952401,0.0008994050089940501,0.0011069600110696,6.918500069185e-05,0.006918500069185001,0.00020755500207555002,0.002801992528019925,0.0016604400166044002,0.0020755500207555004,0.019821502698215025,0.007783312577833126,0.0047391725473917255,0.0030787325307873254,0.009305382593053826,0.029853327798533277,0.008475162584751625,0.01750380517503805,0.015808772658087725,0.027362667773626677,0.036045385360453853,0.09267330842673309,0.10038743600387436,0.08928324339283243,0.012903002629030026,0.129618098796181,0.05455237304552373,0.04683824546838245,0.0213089802130898,0.04763387297633873,0.017469212674692126,0.023661270236612703,0.013664037636640376,0.01266085512660855,0.0032862875328628755,0.008994050089940501,0.006780130067801301,0.010827452608274526,0.002110142521101425,0.0018334025183340253,0.0023176975231769753,0.0015220700152207,0.0015912550159125501,0.000242147502421475,0.00034592500345925005
welding_0003_18-35-40_p1,0.02813852813852814,0.008031442241968558,0.014354066985645933,0.010594668489405332,0.014809751651856915,0.015094554568238779,0.013556618819776715,0.01344269765322397,0.018284347231715653,0.011961722488038277,0.02050580997949419,0.010708589655958077,0.012531328320802004,0.005126452494873548,0.011847801321485532,0.004101161995898838,0.012360446570972886,0.008088402825244931,0.010879471405787195,0.00227842333105491,0.00620870357712463,0.0012531328320802004,0.007404875825928458,0.006265664160401002,0.00393028024606972,0.013556618819776715,0.008145363408521303,0.012588288904078378,0.0010822510822510823,0.003873319662793347,0.015151515151515152,0.001367053998632946,0.013727500569605833,0.005639097744360902,0.0215311004784689,0.009854180906812485,0.03958760537707906,0.024493050808840282,0.09643426748689907,0.01737297789929369,0.05878332194121668,0.06254272043745727,0.0386762360446571,0.021075415812257917,0.037480063795853266,0.01782866256550467,0.027284119389382546,0.02096149464570517,0.02050580997949419,0.00746183640920483,0.010879471405787195,0.008999772157666895,0.013898382319434952,0.012987012987012988,0.017543859649122806,0.0177717019822283,0.02483481430849852,0.013841421736158578,0.006094782410571885,0.0043859649122807015
welding_0003_18-35-40_p2,0.022727272727272728,0.0085725677830941,0.013556618819776715,0.007642211589580011,0.011895268474215842,0.014287612971823498,0.0171451355661882,0.01608187134502924,0.021065922381711854,0.008107389686337054,0.04033758639021797,0.046052631578947366,0.017610313662945243,0.006844763423710792,0.01322434875066454,0.007841573631047316,0.014021796916533758,0.012692716640085061,0.020002658160552897,0.01800903774587985,0.01555023923444976,0.007309941520467836,0.00843965975544923,0.0024587985114300904,0.0006645401382243488,0.009436469962785752,0.006379585326953748,0.014686337054758107,0.0003322700691121744,0.0017942583732057417,0.016679957469431152,0.00013290802764486976,0.013423710792131845,0.00259170653907496,0.01621477937267411,0.006645401382243487,0.031166932482721958,0.03189792663476874,0.07123870281765018,0.03129984051036683,0.08180489101541732,0.11496544391281234,0.06691919191919192,0.02698032961190856,0.020401382243487507,0.005582137161084529,0.008705475810738968,0.0035885167464114833,0.0044524189261031365,0.0009303561935140882,0.0085725677830941,0.000996810207336523,0.004053694843168527,0.00531632110579479,0.0025252525252525255,0.0057814992025518345,0.006313131313131313,0.0038543328017012226,0.0011961722488038277,0.000996810207336523
welding_0003_18-35-40_p3,0.02466299019607843,0.007123161764705882,0.008731617647058824,0.006816789215686275,0.008348651960784314,0.00980392156862745,0.011412377450980392,0.009191176470588236,0.007199754901960784,0.005897671568627451,0.010723039215686275,0.0035232843137254903,0.0026807598039215686,0.0005361519607843138,0.004901960784313725,0.0010723039215686275,0.004212622549019608,0.0030637254901960784,0.003982843137254902,7.659313725490196e-05,0.003446691176470588,0.00015318627450980392,0.0057444852941176475,0.0007659313725490196,0.0,0.006893382352941176,0.006740196078431373,0.01608455882352941,0.0009957107843137254,0.004825367647058824,0.010493259803921568,7.659313725490196e-05,0.018152573529411766,0.003753063725490196,0.02420343137254902,0.010723039215686275,0.03936887254901961,0.043658088235294115,0.15678615196078433,0.027113970588235295,0.07299325980392157,0.06165747549019608,0.045189950980392156,0.02022058823529412,0.03477328431372549,0.014322916666666666,0.029794730392156864,0.01608455882352941,0.013786764705882353,0.006510416666666667,0.01248468137254902,0.009957107843137254,0.015395220588235295,0.0157015931372549,0.023207720588235295,0.022594975490196078,0.032935049019607844,0.019684436274509803,0.011259191176470588,0.007506127450980392
welding_0003_18-35-40_p4,0.03131868131868132,0.01304945054945055,0.01771978021978022,0.01662087912087912,0.01703296703296703,0.02348901098901099,0.017582417582417582,0.011675824175824176,0.00728021978021978,0.008653846153846154,0.011675824175824176,0.0019230769230769232,0.0006868131868131869,0.0004120879120879121,0.0006868131868131869,0.00013736263736263736,0.0009615384615384616,0.0002747252747252747,0.0004120879120879121,0.0,0.0012362637362637362,0.0,0.0008241758241758242,0.0002747252747252747,0.00013736263736263736,0.0026098901098901097,0.001510989010989011,0.0012362637362637362,0.0020604395604395605,0.007554945054945055,0.008516483516483516,0.001098901098901099,0.008791208791208791,0.0019230769230769232,0.008928571428571428,0.0027472527472527475,0.025274725274725275,0.009478021978021977,0.10782967032967034,0.019093406593406595,0.08351648351648351,0.08653846153846154,0.05137362637362637,0.02445054945054945,0.04491758241758242,0.025824175824175823,0.023351648351648352,0.023763736263736263,0.019230769230769232,0.006318681318681319,0.009752747252747253,0.010576923076923078,0.014148351648351648,0.018956043956043955,0.030494505494505494,0.03159340659340659,0.048214285714285716,0.027884615384615386,0.01510989010989011,0.011263736263736264
welding_0004_17-38-14_p0,0.046130952380952384,0.025595238095238095,0.04642857142857143,0.026041666666666668,0.04248511904761905,0.024107142857142858,0.043229166666666666,0.08526785714285715,0.0915922619047619,0.011235119047619048,0.05617559523809524,0.04352678571428571,0.035342261904761904,0.0067708333333333336,0.048214285714285716,0.010565476190476191,0.03720238095238095,0.02261904761904762,0.04456845238095238,0.01681547619047619,0.016294642857142858,0.00900297619047619,0.011830357142857142,0.003794642857142857,0.0011904761904761906,0.01130952380952381,0.0006696428571428571,0.0021577380952380954,0.0,0.00014880952380952382,0.0006696428571428571,0.000818452380952381,0.0013392857142857143,0.0028273809523809523,0.004241071428571428,0.003943452380952381,0.005133928571428571,0.0029017857142857144,0.008035714285714285,0.00014880952380952382,0.010788690476190476,0.011383928571428571,0.007738095238095238,0.002232142857142857,0.005431547619047619,0.0010416666666666667,0.006175595238095238,0.0008928571428571428,0.002455357142857143,7.440476190476191e-05,0.002455357142857143,0.0026041666666666665,0.008035714285714285,0.005133928571428571,0.013467261904761905,0.013616071428571429,0.027901785714285716,0.009151785714285715,0.007886904761904762,0.011160714285714286
welding_0004_17-38-14_p1,0.019345238095238096,0.0011904761904761906,0.0020833333333333333,0.0011904761904761906,0.0017857142857142857,0.002976190476190476,0.003273809523809524,0.009226190476190476,0.005654761904761905,0.001488095238095238,0.03125,0.03154761904761905,0.026785714285714284,0.0020833333333333333,0.004761904761904762,0.00029761904761904765,0.009226190476190476,0.0,0.0008928571428571428,0.00029761904761904765,0.002380952380952381,0.00029761904761904765,0.0020833333333333333,0.0,0.0005952380952380953,0.023809523809523808,0.010416666666666666,0.007142857142857143,0.0026785714285714286,0.02857142857142857,0.03125,0.03154761904761905,0.04345238095238095,0.02261904761904762,0.08660714285714285,0.12976190476190477,0.08244047619047619,0.10595238095238095,0.07559523809523809,0.016666666666666666,0.045535714285714284,0.015773809523809523,0.008333333333333333,0.002380952380952381,0.005654761904761905,0.0011904761904761906,0.011904761904761904,0.0026785714285714286,0.0026785714285714286,0.0011904761904761906,0.003273809523809524,0.0008928571428571428,0.006845238095238095,0.005654761904761905,0.010416666666666666,0.004166666666666667,0.008630952380952382,0.002976190476190476,0.00029761904761904765,0.00029761904761904765
welding_0004_17-38-14_p2,0.04869067103109656,0.02403846153846154,0.04582651391162029,0.03498363338788871,0.048997545008183305,0.02536824877250409,0.023731587561374796,0.008797054009819968,0.013297872340425532,0.0009206219312602291,0.0199468085106383,0.0032733224222585926,0.009410801963993453,0.0037847790507364977,0.011763502454991817,0.003989361702127659,0.015650572831423896,0.007876432078559738,0.015445990180032733,0.006853518821603928,0.015139116202945991,0.004705400981996726,0.030789689034369884,0.036620294599018006,0.012888707037643207,0.03375613747954174,0.018514729950900165,0.042962356792144024,0.006751227495908347,0.007876432078559738,0.020560556464811783,0.012581833060556465,0.04030278232405892,0.028334697217675942,0.041632569558101476,0.040711947626841244,0.03549509001636661,0.014729950900163666,0.012581833060556465,0.0008183306055646482,0.02127659574468085,0.010229132569558102,0.007364975450081833,0.004398527004909984,0.013911620294599018,0.0017389525368248773,0.018821603927986905,0.005626022913256956,0.0035801963993453353,0.0005114566284779051,0.0018412438625204583,0.0004091653027823241,0.005626022913256956,0.0014320785597381341,0.0011252045826513912,0.020662847790507366,0.01217266775777414,0.023527004909983634,0.0025572831423895256,0.012786415711947626
welding_0004_17-38-14_p3,0.07600771869639794,0.04481132075471698,0.04234562607204117,0.0569253859348199,0.05864065180102916,0.041380789022298456,0.04191680960548885,0.05188679245283019,0.05231560891938251,0.01758147512864494,0.032482847341337905,0.029802744425385934,0.022834476843910805,0.008683533447684392,0.036449399656946824,0.006968267581475129,0.02551457975986278,0.022834476843910805,0.04084476843910806,0.014579759862778732,0.021976843910806176,0.0046097770154373925,0.040630360205831904,0.018224699828473412,0.007182675814751287,0.00986277873070326,0.012328473413379074,0.00879073756432247,0.0026801029159519724,0.006325042881646655,0.0066466552315608916,0.005574614065180103,0.002465694682675815,0.0009648370497427101,0.0019296740994854203,0.0005360205831903945,0.001072041166380789,0.0005360205831903945,0.0002144082332761578,0.0,0.0006432246998284735,0.0004288164665523156,0.0,0.0001072041166380789,0.0,0.0,0.0001072041166380789,0.0001072041166380789,0.0001072041166380789,0.0,0.0001072041166380789,0.0,0.0004288164665523156,0.0008576329331046312,0.002465694682675815,0.0066466552315608916,0.012542881646655232,0.013078902229845627,0.03966552315608919,0.045347341337907375
welding_0004_17-38-19_p0,0.02420424403183024,0.01226790450928382,0.009946949602122016,0.013704686118479222,0.020778072502210435,0.02475685234305924,0.02309902740937224,0.020225464190981434,0.022767462422634836,0.01768346595932803,0.042440318302387266,0.07946507515473032,0.015473032714412025,0.009836427939876215,0.011162687886825819,0.005526083112290009,0.007183908045977011,0.005526083112290009,0.006962864721485411,0.0007736516357206013,0.006962864721485411,0.002099911582670203,0.007183908045977011,0.00607869142351901,0.0067418213969938105,0.009725906277630416,0.014257294429708222,0.004862953138815208,0.00618921308576481,0.011162687886825819,0.01790450928381963,0.026304155614500443,0.028404067197170646,0.020667550839964632,0.02508841732979664,0.028625110521662247,0.02442528735632184,0.09659593280282935,0.055813439434129086,0.0033156498673740055,0.04045092838196287,0.058355437665782495,0.01768346595932803,0.009394341290893015,0.01270999115826702,0.005636604774535809,0.008841732979664015,0.00607869142351901,0.005968169761273209,0.0005526083112290009,0.002541998231653404,0.0016578249336870027,0.00618921308576481,0.002652519893899204,0.003978779840848806,0.007736516357206013,0.008510167992926613,0.0062997347480106105,0.008399646330680813,0.010167992926613616
welding_0004_17-38-19_p1,0.01663693131132917,0.002631578947368421,0.010258697591436218,0.0031222123104371097,0.01088314005352364,0.0071810883140053525,0.008519179304192685,0.008429973238180196,0.0036574487065120427,4.4603033006244425e-05,0.007047279214986619,0.0023639607493309545,0.004415700267618198,0.001962533452274755,0.008296164139161464,0.0013380909901873326,0.013380909901873328,0.0010258697591436217,0.0023193577163247102,0.0001784121320249777,0.002854594112399643,0.0001784121320249777,0.0037466547725245316,0.0028991971454058875,0.001471900089206066,0.035905441570026765,0.003568242640499554,0.006913470115967886,4.4603033006244425e-05,0.0022301516503122213,0.012132024977698483,0.00392506690454951,0.020026761819803746,0.009054415700267618,0.03407671721677074,0.03354148082069581,0.07270294380017842,0.10307760927743087,0.12377341659232828,0.09955396966993756,0.19143621766280108,0.07564674397859054,0.012711864406779662,0.004148082069580732,0.004415700267618198,0.00040142729705619983,0.004549509366636931,0.0010258697591436217,0.0014272970561998216,8.920606601248885e-05,0.0010258697591436217,0.0,0.0027653880463871542,0.0012488849241748439,0.0003568242640499554,0.005486173059768064,0.0013380909901873326,0.00392506690454951,0.00013380909901873327,0.0024977698483496878
welding_0004_17-38-19_p2,0.05188216039279869,0.03862520458265139,0.03780687397708674,0.03486088379705401,0.04263502454991817,0.048527004909983636,0.03567921440261866,0.02667757774140753,0.020294599018003272,0.009819967266775777,0.01579378068739771,0.006219312602291326,0.0020458265139116204,0.00016366612111292964,0.0012274959083469722,0.0,0.0016366612111292963,0.0,0.0006546644844517185,0.0,0.0012274959083469722,0.0003273322422258593,0.0010638297872340426,0.0005728314238952536,0.0,0.004664484451718494,0.0005728314238952536,0.0015548281505728314,0.0,0.0007364975450081834,0.0044189852700491,0.003027823240589198,0.0037643207855973812,0.002127659574468085,0.012847790507364976,0.01104746317512275,0.022913256955810146,0.04099836333878887,0.045499181669394435,0.0061374795417348605,0.04779050736497545,0.0630114566284779,0.03649754500818331,0.020867430441898527,0.033797054009819964,0.02823240589198036,0.020621931260229133,0.014320785597381341,0.016857610474631753,0.0071194762684124386,0.01072013093289689,0.008265139116202946,0.014566284779050736,0.014320785597381341,0.01751227495908347,0.020621931260229133,0.02364975450081833,0.014075286415711947,0.0176759410801964,0.031423895253682485
welding_0004_17-38-19_p3,0.05915178571428571,0.05220734126984127,0.05257936507936508,0.04092261904761905,0.03794642857142857,0.04563492063492063,0.03670634920634921,0.030877976190476192,0.024057539682539684,0.01711309523809524,0.026165674603174604,0.023189484126984128,0.0011160714285714285,0.0013640873015873015,0.001736111111111111,0.0001240079365079365,0.0008680555555555555,0.0001240079365079365,0.0,0.0,0.0003720238095238095,0.0,0.0001240079365079365,0.0,0.0,0.0008680555555555555,0.0,0.0,0.0,0.0001240079365079365,0.0,0.0003720238095238095,0.000496031746031746,0.0006200396825396825,0.0021081349206349205,0.012524801587301588,0.012524801587301588,0.026537698412698412,0.032242063492063495,0.004712301587301587,0.026909722222222224,0.04923115079365079,0.025421626984126984,0.018229166666666668,0.026041666666666668,0.034350198412698416,0.019345238095238096,0.011780753968253968,0.015004960317460318,0.006944444444444444,0.011284722222222222,0.012276785714285714,0.017981150793650792,0.019593253968253968,0.02492559523809524,0.023065476190476192,0.031001984126984128,0.013888888888888888,0.026165674603174604,0.041046626984126984
welding_0004_17-38-19_p4,0.03737373737373737,0.01893939393939394,0.015151515151515152,0.015909090909090907,0.017424242424242425,0.027777777777777776,0.04242424242424243,0.024494949494949497,0.03232323232323232,0.026767676767676767,0.05101010101010101,0.037121212121212124,0.011363636363636364,0.006818181818181818,0.007828282828282828,0.004797979797979798,0.004292929292929293,0.0025252525252525255,0.0035353535353535356,0.000505050505050505,0.011616161616161616,0.0025252525252525255,0.005555555555555556,0.007575757575757576,0.006818181818181818,0.008333333333333333,0.012878787878787878,0.004545454545454545,0.005303030303030303,0.008585858585858586,0.013888888888888888,0.015151515151515152,0.012878787878787878,0.006060606060606061,0.023989898989898988,0.018686868686868686,0.016666666666666666,0.10606060606060606,0.07575757575757576,0.0017676767676767678,0.025,0.030303030303030304,0.02196969696969697,0.010353535353535354,0.021212121212121213,0.012373737373737374,0.01717171717171717,0.011616161616161616,0.009848484848484848,0.0007575757575757576,0.0025252525252525255,0.00202020202020202,0.011616161616161616,0.004545454545454545,0.002777777777777778,0.012878787878787878,0.013636363636363636,0.0073232323232323236,0.009343434343434343,0.019696969696969695
welding_0004_17-38-19_p5,0.047032280458174244,0.033061437001041305,0.03713988198542173,0.04278028462339466,0.054494967025338424,0.05562304755293301,0.04182575494619924,0.023169038528288787,0.023689691079486288,0.0013016313779937521,0.01744186046511628,0.006942034015966678,0.0076362374175633465,0.0008677542519958348,0.007202360291565429,8.677542519958348e-05,0.015359250260326276,0.0015619576535925027,0.0026032627559875042,8.677542519958348e-05,0.003384241582783756,0.0004338771259979174,0.003644567858382506,0.006161055189170427,0.0013884068031933356,0.020305449496702533,0.0028635890315862546,0.0021693856299895868,0.0,0.0010413051023950017,0.001822283929191253,0.0003471017007983339,0.004512322110378341,0.002342936480388754,0.009632072197153766,0.0022561610551891705,0.08009371745921555,0.007028809441166262,0.02091287747309962,0.0015619576535925027,0.07410621312044428,0.07020131898646303,0.030024297119055885,0.013450190905935439,0.03175980562304755,0.013710517181534189,0.030544949670253386,0.012061784102742104,0.01423116973273169,0.003471017007983339,0.0031239153071850054,0.0020826102047900035,0.018396390142311696,0.008330440819160014,0.00971884762235335,0.015793127386324192,0.019090593543908366,0.01622700451232211,0.010065949323151684,0.011801457827143353
welding_0004_17-38-19_p6,0.0259009009009009,0.009009009009009009,0.01839339339339339,0.019144144144144143,0.027402402402402402,0.027402402402402402,0.04504504504504504,0.03753753753753754,0.19594594594594594,0.16704204204204204,0.06006006006006006,0.04129129129129129,0.010135135135135136,0.006756756756756757,0.004129129129129129,0.0011261261261261261,0.0033783783783783786,0.0,0.0011261261261261261,0.0,0.0,0.0,0.0007507507507507507,0.0,0.0,0.0075075075075075074,0.00037537537537537537,0.0033783783783783786,0.0,0.0,0.00037537537537537537,0.00037537537537537537,0.005255255255255256,0.003003003003003003,0.0045045045045045045,0.0011261261261261261,0.0033783783783783786,0.0011261261261261261,0.010510510510510511,0.009384384384384385,0.021396396396396396,0.024774774774774775,0.03003003003003003,0.013138138138138139,0.03415915915915916,0.00975975975975976,0.026276276276276277,0.0075075075075075074,0.006756756756756757,0.00037537537537537537,0.0018768768768768769,0.00037537537537537537,0.005255255255255256,0.0007507507507507507,0.0022522522522522522,0.016516516516516516,0.01539039039039039,0.007882882882882882,0.010885885885885885,0.012762762762762763
welding_0004_17-38-19_p7,0.018995098039215685,0.003982843137254902,0.010416666666666666,0.005821078431372549,0.011029411764705883,0.00980392156862745,0.014093137254901961,0.018688725490196078,0.016237745098039217,0.008272058823529412,0.023590686274509803,0.01991421568627451,0.02389705882352941,0.010416666666666666,0.03982843137254902,0.011642156862745098,0.05912990196078431,0.007965686274509803,0.009497549019607842,0.001838235294117647,0.010416666666666666,0.0033700980392156864,0.021752450980392156,0.008272058823529412,0.011642156862745098,0.09466911764705882,0.014093137254901961,0.09375,0.015012254901960785,0.009497549019607842,0.0428921568627451,0.007965686274509803,0.015318627450980392,0.00980392156862745,0.013786764705882353,0.007965686274509803,0.025735294117647058,0.026041666666666668,0.017769607843137254,0.0,0.037377450980392156,0.030943627450980393,0.013480392156862746,0.013174019607843137,0.027573529411764705,0.017463235294117647,0.016237745098039217,0.016237745098039217,0.012867647058823529,0.0009191176470588235,0.004595588235294118,0.0012254901960784314,0.006127450980392157,0.0024509803921568627,0.003982843137254902,0.006127450980392157,0.005208333333333333,0.004901960784313725,0.001838235294117647,0.0024509803921568627
welding_0004_17-38-19_p8,0.05489417989417989,0.05125661375661376,0.05257936507936508,0.037698412698412696,0.0333994708994709,0.03488756613756614,0.029927248677248677,0.01917989417989418,0.014054232804232803,0.013723544973544973,0.015046296296296295,0.009755291005291005,0.0018187830687830687,0.001488095238095238,0.000992063492063492,0.00016534391534391533,0.000496031746031746,0.00016534391534391533,0.0,0.0,0.0,0.0,0.00016534391534391533,0.0,0.0,0.00033068783068783067,0.0,0.0,0.0,0.00016534391534391533,0.0,0.000496031746031746,0.0006613756613756613,0.0008267195767195767,0.0038029100529100527,0.014054232804232803,0.015376984126984126,0.052744708994709,0.07242063492063493,0.020833333333333332,0.06382275132275132,0.0517526455026455,0.01455026455026455,0.00958994708994709,0.019675925925925927,0.029265873015873016,0.014219576719576719,0.009093915343915343,0.013062169312169311,0.005787037037037037,0.008432539682539682,0.013062169312169311,0.017195767195767195,0.019675925925925927,0.024305555555555556,0.027943121693121693,0.028108465608465607,0.015376984126984126,0.022817460317460316,0.03885582010582011
welding_0004_17-38-19_p9,0.03664302600472813,0.02592029719689294,0.028031070584262074,0.025160418777440054,0.031746031746031744,0.03284363390746369,0.026004728132387706,0.011060452549814252,0.014268828098615332,0.0017730496453900709,0.016379601485984465,0.019081391421816953,0.016717325227963525,0.0006754474839581223,0.006754474839581222,0.0007598784194528875,0.0121580547112462,8.443093549476529e-05,0.0,0.0,0.0018574805808848362,0.0,0.0004221546774738264,0.00025329280648429586,0.0,0.009793988517392773,0.00016886187098953058,0.001182033096926714,0.0,0.00033772374197906115,0.002955082742316785,0.0016041877744005404,0.0018574805808848362,0.0016886187098953055,0.008358662613981762,0.00447483958122256,0.031746031746031744,0.05310705842620736,0.06610942249240122,0.014944275582573455,0.08645727794663965,0.09422492401215805,0.05580884836203985,0.040780141843971635,0.053951367781155016,0.019419115163796016,0.017814927389395475,0.009962850388382303,0.01038500506585613,0.005741303613644039,0.005319148936170213,0.005150287065180682,0.008105369807497468,0.005319148936170213,0.006923336710570753,0.007936507936507936,0.015957446808510637,0.010469436001350895,0.015788584937521107,0.017561634582911177
welding_0004_17-38-19_p10,0.04501488095238095,0.007068452380952381,0.0078125,0.00744047619047619,0.009300595238095238,0.011160714285714286,0.018601190476190476,0.027157738095238096,0.047619047619047616,0.012648809523809524,0.02418154761904762,0.01636904761904762,0.014508928571428572,0.012276785714285714,0.021577380952380952,0.004836309523809524,0.04055059523809524,0.0078125,0.007068452380952381,0.0,0.004836309523809524,0.0003720238095238095,0.025297619047619048,0.001488095238095238,0.0018601190476190475,0.06845238095238096,0.020089285714285716,0.11681547619047619,0.0,0.000744047619047619,0.03943452380952381,0.0,0.010788690476190476,0.000744047619047619,0.004092261904761905,0.004836309523809524,0.052083333333333336,0.01488095238095238,0.027901785714285716,0.0,0.043154761904761904,0.03162202380952381,0.015997023809523808,0.01525297619047619,0.033482142857142856,0.020461309523809524,0.017857142857142856,0.019717261904761904,0.015997023809523808,0.0011160714285714285,0.007068452380952381,0.001488095238095238,0.007068452380952381,0.0026041666666666665,0.004092261904761905,0.005952380952380952,0.0078125,0.004836309523809524,0.003720238095238095,0.002976190476190476
welding_0004_18-06-28_p0,0.05098528015194682,0.00641025641025641,0.00949667616334283,0.005460588793922127,0.009912155745489079,0.005282526115859449,0.015075973409306742,0.012879867046533712,0.017094017094017096,0.00949667616334283,0.019112060778727444,0.0029677113010446346,0.005341880341880342,0.00017806267806267807,0.0013651471984805319,5.935422602089269e-05,0.004332858499525166,0.0002967711301044634,0.0008903133903133903,0.0,0.012108262108262107,5.935422602089269e-05,0.0038580246913580245,0.0008309591642924976,0.00023741690408357076,0.04344729344729345,0.0038580246913580245,0.005282526115859449,5.935422602089269e-05,0.0008903133903133903,0.016678537511870845,0.005045109211775879,0.031398385565052235,0.017806267806267807,0.021545584045584047,0.011217948717948718,0.06428062678062678,0.009971509971509971,0.04148860398860399,0.0010683760683760685,0.13206315289648624,0.04190408357075024,0.0316951566951567,0.01127730294396961,0.015194681861348529,0.0219017094017094,0.04457502374169041,0.011514719848053181,0.01477920227920228,0.0007716049382716049,0.0020180436847103515,0.0026115859449192783,0.012998575498575499,0.003442545109211776,0.022613960113960115,0.01875593542260209,0.0633309591642925,0.008962488129154796,0.05478395061728395,0.0170346628679962
welding_0004_18-06-28_p1,0.04700854700854701,0.0038461538461538464,0.02207977207977208,0.010968660968660969,0.014102564102564103,0.009686609686609686,0.03447293447293447,0.007264957264957265,0.026353276353276354,0.009259259259259259,0.02806267806267806,0.002849002849002849,0.0032763532763532763,0.0,0.01339031339031339,0.0009971509971509972,0.012393162393162393,0.00014245014245014244,0.0015669515669515669,0.0008547008547008547,0.004558404558404558,0.00014245014245014244,0.0029914529914529917,0.0008547008547008547,0.00042735042735042735,0.017094017094017096,0.001851851851851852,0.001282051282051282,0.0005698005698005698,0.0009971509971509972,0.0014245014245014246,0.0031339031339031338,0.005840455840455841,0.007264957264957265,0.020227920227920228,0.020085470085470087,0.06481481481481481,0.04458689458689458,0.04230769230769231,0.0,0.06310541310541311,0.02094017094017094,0.018233618233618232,0.006837606837606838,0.018660968660968662,0.0027065527065527066,0.021794871794871794,0.020085470085470087,0.051709401709401706,0.018660968660968662,0.045726495726495724,0.04188034188034188,0.04871794871794872,0.024786324786324785,0.035327635327635325,0.0301994301994302,0.02150997150997151,0.008547008547008548,0.003703703703703704,0.007834757834757835
welding_0004_18-06-28_p2,0.038499436936936936,0.007953265765765766,0.010557432432432432,0.004926801801801802,0.012317004504504505,0.00633445945945946,0.022029842342342343,0.01829954954954955,0.03434684684684685,0.01245777027027027,0.0341356981981982,0.001829954954954955,0.003026463963963964,0.0004926801801801801,0.002393018018018018,7.038288288288288e-05,0.003800675675675676,0.00014076576576576576,7.038288288288288e-05,0.0,0.0035895270270270272,0.0,0.0009149774774774775,0.0004222972972972973,0.0,0.020411036036036036,0.0011261261261261261,0.003941441441441441,0.0005630630630630631,0.0020411036036036036,0.006123310810810811,0.007742117117117117,0.017666103603603604,0.014146959459459459,0.0259009009009009,0.01653997747747748,0.1019847972972973,0.07411317567567567,0.03821790540540541,0.005419481981981982,0.1200731981981982,0.022311373873873875,0.04757882882882883,0.02027027027027027,0.04173704954954955,0.014006193693693693,0.026534346846846846,0.005067567567567568,0.005982545045045045,0.0005630630630630631,0.001900337837837838,0.0014076576576576576,0.004786036036036036,0.005137950450450451,0.006123310810810811,0.020340653153153154,0.052083333333333336,0.006475225225225225,0.031109234234234236,0.01196509009009009
welding_0004_18-06-28_p3,0.07170406732117812,0.07766479663394109,0.04400420757363254,0.04961430575035063,0.05434782608695652,0.0633765778401122,0.05916900420757363,0.12666549789621318,0.0972124824684432,0.023579943899018234,0.06924964936886395,0.019197054698457224,0.025420757363253856,0.007626227208976157,0.034624824684431975,0.014375876577840112,0.009642356241234221,0.002279102384291725,0.0017531556802244039,0.0007889200561009817,0.0024544179523141654,0.0006136044880785414,0.0017531556802244039,0.0012272089761570827,0.0008765778401122019,0.020511921458625525,0.0038569424964936885,0.005522440392706872,0.0033309957924263674,0.005610098176718092,0.003068022440392707,0.001840813464235624,0.007538569424964937,0.0020161290322580645,0.00464586255259467,0.0007889200561009817,0.003593969144460028,0.0008765778401122019,0.0002629733520336606,0.0,0.0020161290322580645,8.76577840112202e-05,8.76577840112202e-05,0.0,0.0,0.0,8.76577840112202e-05,0.0,0.0,0.0,8.76577840112202e-05,0.0,0.0001753155680224404,0.00043828892005610097,0.0002629733520336606,0.0028927068723702664,0.003681626928471248,0.00902875175315568,0.025946704067321177,0.03252103786816269
welding_0004_18-06-28_p4,0.06616982836495032,0.038730803974706414,0.048215898825654926,0.037037037037037035,0.04923215898825655,0.03568202348690153,0.06989611562782294,0.04019873532068654,0.06752484191508581,0.00022583559168925022,0.04968383017163505,0.022018970189701895,0.020212285456187896,0.0024841915085817524,0.005758807588075881,0.00045167118337850043,0.007339656729900632,0.0,0.00022583559168925022,0.0,0.00022583559168925022,0.0,0.00022583559168925022,0.0,0.0,0.0033875338753387536,0.0013550135501355014,0.0047425474254742545,0.00045167118337850043,0.0005645889792231255,0.004968383017163505,0.0013550135501355014,0.006323396567299007,0.0032746160794941285,0.00971093044263776,0.0020325203252032522,0.010049683830171635,0.011065943992773261,0.023599819331526647,0.0015808491418247517,0.04019873532068654,0.03692411924119241,0.013211382113821139,0.004968383017163505,0.018744354110207768,0.0038392050587172538,0.0242773261065944,0.00485546522131888,0.006097560975609756,0.002258355916892502,0.004516711833785004,0.0031616982836495033,0.011856368563685637,0.01016260162601626,0.009485094850948509,0.03523035230352303,0.035794941282746164,0.026196928635953028,0.02935862691960253,0.032859078590785906
welding_0004_18-19-55_p0,0.027828054298642532,0.004298642533936652,0.011085972850678734,0.006900452488687783,0.01097285067873303,0.009954751131221719,0.01742081447963801,0.012443438914027148,0.022285067873303168,0.0057692307692307696,0.026018099547511313,0.03959276018099547,0.032918552036199096,0.029411764705882353,0.05339366515837104,0.022171945701357467,0.03766968325791855,0.034502262443438916,0.029524886877828053,0.012104072398190046,0.022850678733031673,0.01742081447963801,0.05271493212669683,0.03631221719457014,0.013574660633484163,0.01425339366515837,0.015384615384615385,0.012443438914027148,0.0012443438914027148,0.016176470588235296,0.023529411764705882,0.007239819004524887,0.02409502262443439,0.0167420814479638,0.022171945701357467,0.008710407239819005,0.020475113122171946,0.025113122171945702,0.045927601809954754,0.007013574660633484,0.019796380090497737,0.013574660633484163,0.010180995475113122,0.0032805429864253394,0.00418552036199095,0.001583710407239819,0.0030542986425339366,0.002149321266968326,0.003506787330316742,0.0010180995475113123,0.0036199095022624436,0.0011312217194570137,0.004072398190045249,0.0016968325791855204,0.0038461538461538464,0.006334841628959276,0.025113122171945702,0.006334841628959276,0.02239819004524887,0.013461538461538462
welding_0004_18-19-55_p1,0.016409266409266408,0.011583011583011582,0.006435006435006435,0.010537323037323037,0.005791505791505791,0.007561132561132561,0.0045045045045045045,0.006032818532818533,0.008687258687258687,0.005871943371943372,0.004745817245817246,0.0016891891891891893,0.0018500643500643501,0.002413127413127413,0.0030566280566280564,0.00040218790218790216,0.0016087516087516086,0.00016087516087516087,0.00024131274131274132,0.0,8.043758043758043e-05,0.0,0.0011261261261261261,0.0006435006435006435,0.0,0.0023326898326898327,0.00040218790218790216,0.0017696267696267697,0.0,0.00016087516087516087,0.006435006435006435,0.0027348777348777348,0.0045045045045045045,0.003861003861003861,0.013593951093951093,0.024613899613899613,0.04520592020592021,0.09194015444015444,0.19329150579150578,0.19103925353925355,0.06692406692406692,0.04391891891891892,0.019948519948519948,0.014157014157014158,0.014076576576576577,0.01295045045045045,0.008526383526383526,0.012306949806949807,0.015846203346203347,0.008043758043758044,0.008767696267696268,0.006354568854568855,0.006998069498069498,0.007802445302445302,0.011743886743886744,0.008606821106821106,0.011422136422136422,0.008445945945945946,0.012548262548262547,0.017294079794079795
welding_0004_18-19-55_p2,0.00041341837939995273,0.0,0.0,0.0,0.0,0.0,0.0,0.0,0.0,0.0,0.0,0.0,0.0,0.0,0.0,0.0,0.0007087172218284905,0.0,0.0,0.0,0.0,0.0,5.9059768485707536e-05,5.9059768485707536e-05,5.9059768485707536e-05,0.0015946137491141034,0.00011811953697141507,0.0006496574533427829,0.00023623907394283014,0.004134183793999527,0.01895818568391212,0.007500590597684857,0.00980392156862745,0.012402551381998583,0.01151665485471297,0.013760926057169855,0.04258209307819513,0.08108906213087645,0.2358256555634302,0.21326482400188992,0.178714859437751,0.15072052917552564,0.010453579021970234,0.0034845263406567445,5.9059768485707536e-05,0.0005315379163713678,0.00011811953697141507,0.0,0.0,0.0,0.0011221356012284431,0.0,0.0,0.0,0.0,5.9059768485707536e-05,0.0,0.0,0.0,0.0
welding_0004_18-19-55_p3,0.004565217391304348,0.002028985507246377,0.002101449275362319,0.0009420289855072464,0.0016666666666666668,0.0009420289855072464,0.001956521739130435,0.0018115942028985507,0.005,0.0053623188405797105,0.006449275362318841,0.002028985507246377,0.0015942028985507246,0.00036231884057971015,0.002028985507246377,0.0002898550724637681,0.002391304347826087,7.246376811594203e-05,0.00014492753623188405,0.0,7.246376811594203e-05,0.0,0.0034782608695652175,0.00014492753623188405,0.0,0.00391304347826087,0.0002898550724637681,0.006956521739130435,0.0,0.0005797101449275362,0.00608695652173913,0.0026086956521739132,0.009202898550724637,0.006594202898550725,0.017753623188405798,0.014782608695652174,0.029927536231884058,0.10311594202898551,0.1743478260869565,0.20202898550724638,0.12507246376811595,0.09072463768115942,0.029855072463768118,0.021666666666666667,0.014202898550724638,0.01572463768115942,0.012898550724637681,0.009420289855072464,0.00818840579710145,0.004855072463768116,0.006304347826086957,0.003188405797101449,0.006956521739130435,0.004057971014492754,0.0036956521739130435,0.003260869565217391,0.007173913043478261,0.0012318840579710144,0.004855072463768116,0.003043478260869565
welding_0004_18-19-55_p4,0.003918495297805642,0.0,0.0011755485893416929,0.00039184952978056425,0.005094043887147335,0.0,0.003918495297805642,0.00039184952978056425,0.012539184952978056,0.0,0.01371473354231975,0.04780564263322884,0.058385579937304075,0.08542319749216301,0.08032915360501568,0.07092476489028213,0.08542319749216301,0.07641065830721003,0.052899686520376174,0.009404388714733543,0.015282131661442006,0.0007836990595611285,0.01018808777429467,0.005877742946708464,0.001567398119122257,0.004310344827586207,0.01567398119122257,0.008620689655172414,0.00039184952978056425,0.007445141065830721,0.012539184952978056,0.01841692789968652,0.02468652037617555,0.021551724137931036,0.03918495297805643,0.018808777429467086,0.0274294670846395,0.07327586206896551,0.013322884012539185,0.0,0.07014106583072101,0.0007836990595611285,0.001567398119122257,0.0,0.0,0.0,0.0,0.0,0.0,0.0,0.0,0.0,0.0,0.0,0.0,0.0,0.0,0.0,0.0,0.0
welding_0004_18-19-55_p5,0.058053077099061996,0.0016586593456874856,0.001029512697323267,0.0009723175474719743,0.0012582932967284373,0.0019446350949439486,0.0011439029970258523,0.0024021962937542897,0.004060855639441775,0.004289636238846946,0.008236101578586136,0.001029512697323267,0.0013726835964310226,0.0002859757492564631,0.0010867078471745596,0.001601464195836193,0.0008579272477693892,0.00011439029970258523,0.00011439029970258523,0.0,0.00011439029970258523,0.0,0.00022878059940517045,0.00034317089910775565,5.719514985129261e-05,0.0016586593456874856,0.0002859757492564631,0.0016586593456874856,0.0009151223976206818,0.004003660489590483,0.043582704186684966,0.008750857927247769,0.009322809425760695,0.01378403111416152,0.022477693891557998,0.039293067947838024,0.0565088080530771,0.18170899107755661,0.19480668039350263,0.10272248913292154,0.04581331503088538,0.036490505605124686,0.017158544955387784,0.013097689315946008,0.011953786318920155,0.013269274765499885,0.010752688172043012,0.0073209791809654545,0.006005490734385724,0.0037748798901853123,0.017330130404941663,0.0025737817433081674,0.004518416838252116,0.004575611988103409,0.0050903683367650426,0.006405856783344772,0.008865248226950355,0.0018874399450926561,0.005719514985129261,0.0036604895904827272
welding_0004_18-35-41_p0,0.03709090909090909,0.007939393939393939,0.015878787878787878,0.011696969696969697,0.01690909090909091,0.019878787878787878,0.018787878787878787,0.014363636363636363,0.02303030303030303,0.012303030303030303,0.025818181818181817,0.012484848484848484,0.009515151515151515,0.008484848484848486,0.012909090909090908,0.006484848484848485,0.016181818181818183,0.00896969696969697,0.010848484848484849,0.0024242424242424242,0.007272727272727273,0.0015151515151515152,0.0075151515151515155,0.009151515151515152,0.0030303030303030303,0.02006060606060606,0.007333333333333333,0.00909090909090909,0.0009090909090909091,0.0017575757575757575,0.013454545454545455,0.001696969696969697,0.012727272727272728,0.006363636363636364,0.01690909090909091,0.011333333333333334,0.03351515151515151,0.02266666666666667,0.06248484848484848,0.012242424242424242,0.05248484848484848,0.045636363636363635,0.032424242424242425,0.02181818181818182,0.0336969696969697,0.025454545454545455,0.027151515151515152,0.028242424242424242,0.02296969696969697,0.010363636363636363,0.017696969696969697,0.01,0.02212121212121212,0.020545454545454544,0.01575757575757576,0.021515151515151515,0.01703030303030303,0.010606060606060607,0.005575757575757576,0.005878787878787879
welding_0004_18-35-41_p1,0.045981554677206854,0.010474308300395257,0.016930171277997366,0.011198945981554678,0.016469038208168644,0.013768115942028985,0.020289855072463767,0.019696969696969695,0.02160737812911726,0.008036890645586298,0.0461133069828722,0.06646903820816864,0.017654808959156786,0.008827404479578393,0.01383399209486166,0.006851119894598155,0.019960474308300395,0.010869565217391304,0.016403162055335967,0.015019762845849802,0.0191699604743083,0.006982872200263505,0.0035573122529644267,0.002173913043478261,0.001054018445322793,0.014163372859025032,0.002503293807641634,0.004150197628458498,0.0,0.0005928853754940712,0.016403162055335967,0.0005928853754940712,0.01370223978919631,0.006851119894598155,0.011989459815546772,0.005335968379446641,0.024703557312252964,0.024901185770750987,0.059420289855072465,0.027602108036890647,0.0813570487483531,0.09057971014492754,0.058168642951251646,0.02938076416337286,0.019433465085639,0.005335968379446641,0.011791831357048749,0.0034914361001317524,0.005533596837944664,0.00026350461133069827,0.00619235836627141,0.0016469038208168643,0.004216073781291172,0.0047430830039525695,0.001844532279314888,0.010737812911725955,0.004874835309617918,0.005533596837944664,0.0007246376811594203,0.001844532279314888
welding_0004_18-35-41_p2,0.05891808778305843,0.010553536483086386,0.011951355884819681,0.008596589320659771,0.012999720436119654,0.013908303047246296,0.0212468549063461,0.013349175286552977,0.016074923119932905,0.005661168577019849,0.018521107072966173,0.00698909700866648,0.004263349175286553,0.0018870561923399498,0.005311713726586525,0.0011881464914733017,0.01600503214984624,0.0013279284316466313,0.002096729102599944,6.98909700866648e-05,0.003844003354766564,0.0001397819401733296,0.002516074923119933,0.0004892367906066536,0.0002795638803466592,0.022784456248252725,0.0020268381325132794,0.005661168577019849,0.0,0.00034945485043332404,0.003844003354766564,0.0,0.01048364551299972,0.004123567235113223,0.020478054235392788,0.005661168577019849,0.07995526977914454,0.021386636846519428,0.07855745037741124,0.02222532848755941,0.07792843164663125,0.05129997204361197,0.037531450936539,0.01656415991053956,0.029913335197092536,0.02054794520547945,0.02634889572267263,0.019569471624266144,0.020198490355046127,0.009784735812133072,0.014117975957506291,0.010763209393346379,0.023972602739726026,0.022714565278166062,0.016773832820799552,0.029563880346659212,0.022714565278166062,0.01614481409001957,0.008037461559966453,0.009784735812133072
welding_0004_18-35-41_p3,0.08807538963392533,0.037513591881116345,0.06904675607104023,0.032620514679231605,0.04140993113446901,0.028361725262776367,0.04086625588981515,0.05681406306632838,0.10021747009786154,0.054548749546937295,0.11915549111997101,0.10855382384922073,0.009967379485320768,0.007430228343602754,0.008336353751359188,0.0022653135193910837,0.0007249003262051468,0.0001812250815512867,0.0001812250815512867,0.0,0.003171438927147517,0.0,9.061254077564335e-05,0.0001812250815512867,0.0001812250815512867,0.0006342877854295034,0.0,0.0,0.0,0.0,9.061254077564335e-05,0.0,0.0001812250815512867,0.0,9.061254077564335e-05,0.0,0.0017216382747372236,0.0001812250815512867,0.0014498006524102935,0.0,0.0183943457774556,0.018303733236679956,0.014951069227981152,0.009604929322218195,0.020750271837622326,0.002355926060166727,0.013048205871692642,0.0024465386009423704,0.0061616527727437476,0.0001812250815512867,0.0028089887640449437,0.00027183762232693004,0.012323305545487495,0.004258789416455237,0.0030808263863718738,0.016038419717288872,0.009151866618339978,0.012232693004711852,0.006252265313519391,0.013138818412468285
welding_0004_18-35-41_p4,0.05543478260869565,0.015096618357487922,0.01884057971014493,0.014492753623188406,0.017753623188405798,0.02210144927536232,0.022342995169082124,0.011473429951690822,0.010628019323671498,0.00785024154589372,0.008937198067632851,0.0026570048309178746,0.002536231884057971,0.0012077294685990338,0.0014492753623188406,0.00024154589371980676,0.0036231884057971015,0.00024154589371980676,0.0006038647342995169,0.0,0.0012077294685990338,0.0,0.00012077294685990338,0.0,0.0,0.010144927536231883,0.0,0.0036231884057971015,0.0,0.001570048309178744,0.003140096618357488,0.001570048309178744,0.003864734299516908,0.001932367149758454,0.008816425120772946,0.007246376811594203,0.023067632850241545,0.01678743961352657,0.08067632850241546,0.012801932367149759,0.0968599033816425,0.049154589371980674,0.033454106280193234,0.021014492753623187,0.035628019323671496,0.030434782608695653,0.034178743961352655,0.030434782608695653,0.02705314009661836,0.014492753623188406,0.01570048309178744,0.011473429951690822,0.03188405797101449,0.03067632850241546,0.02318840579710145,0.03804347826086957,0.034420289855072464,0.022705314009661835,0.011714975845410628,0.013405797101449275
welding_0005_17-38-15_p0,0.046832074175824176,0.013349931318681318,0.04447115384615385,0.02571256868131868,0.05000858516483517,0.04425652472527473,0.06438873626373626,0.05747767857142857,0.07061298076923077,0.013993818681318682,0.05292754120879121,0.030176854395604396,0.0390625,0.004120879120879121,0.03601476648351648,0.005794986263736264,0.04176682692307692,0.008885645604395604,0.026399381868131868,0.008070054945054946,0.015238667582417582,0.003219436813186813,0.019273695054945056,0.004335508241758242,0.00038633241758241757,0.015367445054945054,0.00021462912087912088,0.0037345467032967035,0.0,8.585164835164836e-05,0.00287603021978022,0.001974587912087912,0.006996909340659341,0.009958791208791208,0.016526442307692308,0.01038804945054945,0.014680631868131868,0.007726648351648352,0.010559752747252748,8.585164835164836e-05,0.01665521978021978,0.010345123626373626,0.006911057692307692,0.001201923076923077,0.005065247252747253,0.00042925824175824175,0.006911057692307692,0.0017599587912087912,0.006138392857142857,0.0008155906593406594,0.004035027472527473,0.0014165521978021978,0.013006524725274726,0.00811298076923077,0.012362637362637362,0.017857142857142856,0.031078296703296704,0.010259271978021978,0.00729739010989011,0.01038804945054945
welding_0005_17-38-15_p1,0.07194915254237289,0.04584745762711864,0.046610169491525424,0.04567796610169492,0.05669491525423729,0.04338983050847458,0.04449152542372881,0.041101694915254235,0.03932203389830508,0.013813559322033899,0.036440677966101696,0.029322033898305084,0.020423728813559323,0.008983050847457628,0.04576271186440678,0.005508474576271186,0.028050847457627117,0.01983050847457627,0.0488135593220339,0.01423728813559322,0.017627118644067796,0.004406779661016949,0.02728813559322034,0.013983050847457627,0.00923728813559322,0.011271186440677965,0.015254237288135594,0.008305084745762711,0.001694915254237288,0.0024576271186440676,0.003305084745762712,0.003305084745762712,0.006610169491525424,0.0015254237288135593,0.003559322033898305,0.00016949152542372882,0.01076271186440678,8.474576271186441e-05,0.010508474576271187,0.0,0.005,0.001864406779661017,0.002627118644067797,0.00016949152542372882,0.0015254237288135593,8.474576271186441e-05,0.005593220338983051,0.0002542372881355932,0.001440677966101695,0.0,0.000423728813559322,0.0002542372881355932,0.003305084745762712,0.003305084745762712,0.00211864406779661,0.012033898305084745,0.017033898305084744,0.015338983050847457,0.038389830508474575,0.031610169491525425
welding_0005_17-38-15_p2,0.039473684210526314,0.031578947368421054,0.022727272727272728,0.019976076555023925,0.012799043062200957,0.010167464114832535,0.016626794258373205,0.04473684210526316,0.007416267942583732,0.0003588516746411483,0.007655502392344498,0.0,0.0005980861244019139,0.0,0.00011961722488038278,0.0,0.014593301435406698,0.0,0.0,0.0,0.0009569377990430622,0.0,0.0011961722488038277,0.0,0.0,0.017344497607655503,0.0017942583732057417,0.004425837320574163,0.0004784688995215311,0.0011961722488038277,0.010167464114832535,0.00514354066985646,0.006818181818181818,0.0029904306220095694,0.012200956937799042,0.03684210526315789,0.03971291866028708,0.12272727272727273,0.06267942583732057,0.0,0.07476076555023924,0.03205741626794258,0.00777511961722488,0.017105263157894738,0.04832535885167464,0.010406698564593302,0.019138755980861243,0.02368421052631579,0.03672248803827751,0.00215311004784689,0.009569377990430622,0.006818181818181818,0.022966507177033493,0.020095693779904306,0.013397129186602871,0.01291866028708134,0.038157894736842106,0.011124401913875598,0.015909090909090907,0.021411483253588517
welding_0005_17-38-15_p3,0.04803921568627451,0.006535947712418301,0.04335511982570806,0.035076252723311545,0.06405228758169934,0.03790849673202614,0.03420479302832244,0.011655773420479304,0.012854030501089325,0.0010893246187363835,0.026252723311546843,0.00392156862745098,0.009368191721132898,0.002832244008714597,0.012091503267973857,0.0044662309368191724,0.021459694989106753,0.005664488017429194,0.018191721132897604,0.008714596949891068,0.021568627450980392,0.007080610021786492,0.03529411764705882,0.037799564270152505,0.008061002178649237,0.02832244008714597,0.023202614379084968,0.03714596949891068,0.006753812636165577,0.016230936819172113,0.024074074074074074,0.03627450980392157,0.03823529411764706,0.03420479302832244,0.033115468409586055,0.039978213507625274,0.025925925925925925,0.015577342047930284,0.01187363834422658,0.000326797385620915,0.027886710239651415,0.007734204793028322,0.006535947712418301,0.0005446623093681918,0.00784313725490196,0.00010893246187363834,0.007407407407407408,0.004139433551198257,0.003812636165577342,0.0,0.00043572984749455336,0.00043572984749455336,0.002505446623093682,0.0005446623093681918,0.0020697167755991284,0.016557734204793027,0.007625272331154684,0.012309368191721133,0.000980392156862745,0.0017429193899782135
welding_0005_17-38-20_p0,0.03170421511627907,0.023255813953488372,0.019440406976744186,0.0318859011627907,0.03824491279069767,0.0573219476744186,0.04324127906976744,0.03215843023255814,0.03152252906976744,0.021529796511627907,0.032885174418604654,0.04387718023255814,0.009356831395348836,0.0024527616279069768,0.004451308139534884,0.0028161337209302324,0.003361191860465116,0.0027252906976744187,0.001816860465116279,0.0009084302325581395,0.003724563953488372,0.0009992732558139535,0.0029069767441860465,0.003724563953488372,0.0041787790697674415,0.005904796511627907,0.008448401162790697,0.0029978197674418606,0.005995639534883721,0.009265988372093024,0.015352470930232558,0.010537790697674418,0.010537790697674418,0.024164244186046513,0.016896802325581394,0.019712936046511628,0.018804505813953487,0.04078851744186047,0.07703488372093023,0.029069767441860465,0.05559593023255814,0.05050872093023256,0.020530523255813952,0.014080668604651164,0.015443313953488372,0.006449854651162791,0.008175872093023256,0.00735828488372093,0.00735828488372093,0.0017260174418604651,0.0049055232558139535,0.0023619186046511626,0.005087209302325582,0.003815406976744186,0.005359738372093023,0.005904796511627907,0.012808866279069768,0.006722383720930232,0.0078125,0.011991279069767442
welding_0005_17-38-20_p1,0.038216011042098,0.023723257418909592,0.021911663216011044,0.024154589371980676,0.030797101449275364,0.031746031746031744,0.023378191856452728,0.012249827467218772,0.012422360248447204,0.003709454796411318,0.025017253278122844,0.008540372670807454,0.022946859903381644,0.0007763975155279503,0.003450655624568668,0.0004313319530710835,0.004917184265010352,0.0004313319530710835,0.0004313319530710835,0.0,0.002587991718426501,0.0,0.003191856452726018,0.0007763975155279503,0.0002587991718426501,0.008799171842650104,0.0006038647342995169,0.0018978605935127675,0.0,0.0016390614216701173,0.004830917874396135,0.001121463077984817,0.006901311249137336,0.002933057280883368,0.01069703243616287,0.0018115942028985507,0.029934437543133196,0.014320220841959972,0.0893719806763285,0.00888543823326432,0.08790545203588682,0.1291407867494824,0.046411318150448584,0.026052449965493444,0.036490683229813664,0.011473429951690822,0.015959282263630088,0.00836783988957902,0.008281573498964804,0.0030193236714975845,0.00759144237405107,0.0027605244996549345,0.011645962732919254,0.011559696342305038,0.01777087646652864,0.02148033126293996,0.032091097308488616,0.012767425810904072,0.011559696342305038,0.017857142857142856
welding_0005_17-38-20_p2,0.0684681697612732,0.04990053050397878,0.027519893899204242,0.029509283819628647,0.029840848806366047,0.015583554376657824,0.007625994694960212,0.01226790450928382,0.016744031830238728,0.036306366047745356,0.016578249336870028,0.03796419098143236,0.0034814323607427057,0.0,0.00016578249336870026,0.0,0.0029840848806366046,0.0,0.0003315649867374005,0.0,0.0,0.0,0.0,0.00016578249336870026,0.0,0.008786472148541113,0.0,0.0,0.0,0.0003315649867374005,0.0,0.001823607427055703,0.006797082228116711,0.001989389920424403,0.005968169761273209,0.005470822281167109,0.022214854111405835,0.02619363395225464,0.0633289124668435,0.01939655172413793,0.11621352785145889,0.045755968169761276,0.015086206896551725,0.009781167108753316,0.021054376657824933,0.015251989389920425,0.01276525198938992,0.006962864721485411,0.008454907161803714,0.004807692307692308,0.00613395225464191,0.004807692307692308,0.008289124668435014,0.013428381962864722,0.01856763925729443,0.021220159151193633,0.028514588859416445,0.022712201591511938,0.03431697612732096,0.06813660477453581
welding_0005_17-38-20_p3,0.018092105263157895,0.007565789473684211,0.011842105263157895,0.016776315789473684,0.03453947368421053,0.03782894736842105,0.0625,0.07927631578947368,0.12335526315789473,0.16348684210526315,0.11151315789473684,0.057236842105263155,0.0042763157894736845,0.001973684210526316,0.006907894736842105,0.004605263157894736,0.009210526315789473,0.001644736842105263,0.0006578947368421052,0.0,0.001644736842105263,0.0,0.001973684210526316,0.0,0.0,0.004934210526315789,0.0006578947368421052,0.0013157894736842105,0.0,0.0,0.001644736842105263,0.0,0.0013157894736842105,0.001644736842105263,0.003289473684210526,0.0029605263157894738,0.008223684210526315,0.016776315789473684,0.04703947368421053,0.03355263157894737,0.04144736842105263,0.02236842105263158,0.006907894736842105,0.0013157894736842105,0.006578947368421052,0.0,0.007236842105263158,0.0006578947368421052,0.000986842105263158,0.0,0.0003289473684210526,0.0,0.001973684210526316,0.0029605263157894738,0.001644736842105263,0.0059210526315789476,0.013486842105263158,0.000986842105263158,0.002302631578947368,0.002631578947368421
welding_0005_17-38-20_p4,0.011973684210526315,0.00039473684210526315,0.0011403508771929824,0.0009210526315789473,0.0004824561403508772,4.3859649122807014e-05,0.001973684210526316,0.0,0.0010526315789473684,0.0,0.00543859649122807,0.0014473684210526317,0.002324561403508772,0.0007894736842105263,0.005219298245614035,0.0014912280701754386,0.004649122807017544,0.0018859649122807017,0.0028508771929824563,0.0,0.0012719298245614035,8.771929824561403e-05,0.005,0.0018421052631578947,0.0003508771929824561,0.012105263157894737,0.006228070175438596,0.012324561403508773,0.0015789473684210526,0.0036403508771929824,0.034736842105263156,0.006929824561403509,0.029517543859649123,0.01587719298245614,0.03548245614035088,0.03701754385964912,0.07092105263157895,0.12982456140350876,0.16565789473684212,0.1393421052631579,0.15263157894736842,0.04894736842105263,0.010043859649122806,0.002719298245614035,0.0042982456140350876,0.0009210526315789473,0.0035526315789473684,0.0013157894736842105,0.0021929824561403508,0.00017543859649122806,0.0035087719298245615,0.0004385964912280702,0.00412280701754386,0.0008333333333333334,0.0009210526315789473,0.004254385964912281,0.0016666666666666668,0.0028508771929824563,0.0,0.0007894736842105263
welding_0005_17-38-20_p5,0.05368217054263566,0.043313953488372095,0.03468992248062015,0.04001937984496124,0.04932170542635659,0.047674418604651166,0.024709302325581394,0.015891472868217054,0.018798449612403102,0.010852713178294573,0.009011627906976745,0.003003875968992248,0.0025193798449612403,0.00029069767441860465,0.003003875968992248,0.0001937984496124031,0.0013565891472868217,0.0011627906976744186,0.0009689922480620155,0.0,0.0005813953488372093,9.689922480620155e-05,0.001065891472868217,0.0005813953488372093,0.0006782945736434108,0.0012596899224806201,0.00048449612403100775,0.0014534883720930232,0.0,9.689922480620155e-05,0.00048449612403100775,9.689922480620155e-05,0.00048449612403100775,0.0048449612403100775,0.00813953488372093,0.01317829457364341,0.00998062015503876,0.024515503875968993,0.04079457364341085,0.004554263565891473,0.05203488372093023,0.061434108527131784,0.034011627906976746,0.034205426356589144,0.03614341085271318,0.00813953488372093,0.02180232558139535,0.0187015503875969,0.01937984496124031,0.009011627906976745,0.012015503875968992,0.006104651162790698,0.021511627906976746,0.017635658914728684,0.022286821705426358,0.017248062015503877,0.04408914728682171,0.022674418604651164,0.02558139534883721,0.04215116279069767
welding_0005_17-38-20_p6,0.07410386029411764,0.05020680147058824,0.035386029411764705,0.03596047794117647,0.03825827205882353,0.03527113970588235,0.022403492647058824,0.01907169117647059,0.02102481617647059,0.016659007352941176,0.01528033088235294,0.030675551470588234,0.002527573529411765,0.00011488970588235294,0.00045955882352941176,0.00011488970588235294,0.0006893382352941177,0.0,0.00022977941176470588,0.0,0.00022977941176470588,0.0,0.00045955882352941176,0.00022977941176470588,0.0,0.0012637867647058824,0.00011488970588235294,0.0005744485294117647,0.0,0.00034466911764705885,0.00022977941176470588,0.00045955882352941176,0.002297794117647059,0.0010340073529411765,0.003561580882352941,0.002527573529411765,0.00505514705882353,0.017578125,0.05744485294117647,0.032973345588235295,0.03791360294117647,0.04549632352941176,0.021139705882352942,0.024011948529411766,0.030905330882352942,0.010569852941176471,0.01826746323529412,0.010684742647058824,0.011488970588235295,0.00700827205882353,0.009995404411764705,0.0057444852941176475,0.015165441176470588,0.016199448529411766,0.024011948529411766,0.020450367647058824,0.04055606617647059,0.026769301470588234,0.037109375,0.06169577205882353
welding_0005_17-38-20_p7,0.04963235294117647,0.0024509803921568627,0.00857843137254902,0.0033700980392156864,0.011029411764705883,0.00857843137254902,0.014705882352941176,0.020526960784313725,0.02542892156862745,0.007352941176470588,0.09681372549019608,0.01838235294117647,0.04932598039215686,0.00980392156862745,0.03278186274509804,0.024816176470588234,0.06464460784313726,0.011029411764705883,0.013786764705882353,0.0024509803921568627,0.008884803921568627,0.0027573529411764708,0.020833333333333332,0.008272058823529412,0.005821078431372549,0.060355392156862746,0.012867647058823529,0.025122549019607844,0.009191176470588236,0.00857843137254902,0.042279411764705885,0.023284313725490197,0.014093137254901961,0.01685049019607843,0.012867647058823529,0.0196078431372549,0.0272671568627451,0.018995098039215685,0.034926470588235295,0.0,0.06219362745098039,0.02665441176470588,0.009191176470588236,0.005208333333333333,0.005208333333333333,0.002144607843137255,0.003982843137254902,0.0033700980392156864,0.005208333333333333,0.00030637254901960784,0.0033700980392156864,0.0006127450980392157,0.00428921568627451,0.0030637254901960784,0.0012254901960784314,0.004901960784313725,0.004901960784313725,0.0033700980392156864,0.0009191176470588235,0.0015318627450980392
welding_0005_17-38-20_p8,0.06723263075722093,0.0313231850117096,0.04117876658860265,0.04117876658860265,0.046545667447306795,0.04049570647931304,0.029957064793130365,0.021662763466042154,0.01522248243559719,0.001366120218579235,0.020882123341139733,0.004488680718188915,0.00975800156128025,0.00195160031225605,0.006049960967993755,0.0010733801717408276,0.00897736143637783,0.002146760343481655,0.00351288056206089,0.000585480093676815,0.004098360655737705,0.000975800156128025,0.00546448087431694,0.0016588602654176426,0.00234192037470726,0.012392661982825917,0.003708040593286495,0.002927400468384075,0.0002927400468384075,0.0039032006245121,0.004391100702576112,0.0006830601092896175,0.01014832162373146,0.003317720530835285,0.010245901639344262,0.000585480093676815,0.03981264637002342,0.0008782201405152225,0.054937548790007805,0.0,0.05542544886807182,0.053473848555815766,0.03083528493364559,0.006733021077283372,0.03493364558938329,0.01707650273224044,0.029859484777517563,0.01366120218579235,0.013173302107728338,0.0034153005464480873,0.0078064012490242,0.003317720530835285,0.014149102263856362,0.007708821233411397,0.013368462138953941,0.02771272443403591,0.03200624512099922,0.02663934426229508,0.02459016393442623,0.02576112412177986
welding_0005_17-38-20_p9,0.08221925133689839,0.007352941176470588,0.009358288770053475,0.01270053475935829,0.01303475935828877,0.008689839572192513,0.02339572192513369,0.02339572192513369,0.04344919786096257,0.0106951871657754,0.10461229946524064,0.01270053475935829,0.056483957219251334,0.009358288770053475,0.030080213903743314,0.022393048128342245,0.06350267379679145,0.010026737967914439,0.013368983957219251,0.0016711229946524064,0.008689839572192513,0.0030080213903743314,0.011363636363636364,0.0066844919786096255,0.004344919786096257,0.061163101604278076,0.009358288770053475,0.008355614973262033,0.0006684491978609625,0.0,0.032754010695187165,0.00267379679144385,0.004679144385026738,0.004010695187165776,0.008689839572192513,0.002005347593582888,0.03676470588235294,0.008355614973262033,0.0374331550802139,0.0,0.07085561497326204,0.027072192513368985,0.010026737967914439,0.004010695187165776,0.0066844919786096255,0.001336898395721925,0.01270053475935829,0.00267379679144385,0.0053475935828877,0.00033422459893048126,0.004679144385026738,0.0006684491978609625,0.008021390374331552,0.005013368983957219,0.002005347593582888,0.009024064171122994,0.007352941176470588,0.004344919786096257,0.002005347593582888,0.006350267379679145
welding_0005_18-06-28_p0,0.11770990447461036,0.01558572146807441,0.009552538964303671,0.005153343388637506,0.007792860734037205,0.005279034690799397,0.017094017094017096,0.013134741075917547,0.01985922574157868,0.010055304172951232,0.02526395173453997,0.0011940673705379589,0.0016339869281045752,0.00012569130216189038,0.0011312217194570137,0.00012569130216189038,0.006158873805932629,0.0001885369532428356,0.0004399195575666164,0.0,0.0026395173453996985,0.0,0.0007541478129713424,0.0003770739064856712,0.00025138260432378077,0.02331573655103067,0.0016339869281045752,0.0019482151835093012,0.0,0.000314228255404726,0.0015082956259426848,0.0027023629964806435,0.014894419306184013,0.011500754147812972,0.031234288587229764,0.014705882352941176,0.040786827551533435,0.01753393665158371,0.053670186023127196,0.00012569130216189038,0.11953242835595777,0.05197335344394168,0.060143288084464556,0.010495223730517847,0.04493464052287582,0.008044243338360985,0.02608094519859226,0.0016339869281045752,0.0030165912518853697,0.00012569130216189038,0.0019482151835093012,0.000314228255404726,0.010935143288084464,0.005718954248366013,0.02526395173453997,0.02526395173453997,0.06309703368526898,0.004587732528909,0.03689039718451483,0.02262443438914027
welding_0005_18-06-28_p1,0.13097638248847926,0.010080645161290322,0.0174971198156682,0.011880760368663595,0.018649193548387098,0.008352534562211982,0.027433755760368665,0.016417050691244238,0.023689516129032258,0.012672811059907835,0.027649769585253458,0.003672235023041475,0.0032402073732718892,0.00014400921658986175,0.0020881336405529955,0.00021601382488479264,0.0012240783410138248,0.0005040322580645161,0.00014400921658986175,0.0,0.0014400921658986176,0.0,0.0010800691244239632,0.0,0.0,0.004464285714285714,0.0004320276497695853,0.0010800691244239632,0.0,7.200460829493088e-05,0.0015120967741935483,0.0026641705069124426,0.0205213133640553,0.01317684331797235,0.02959389400921659,0.01555299539170507,0.08093317972350231,0.08078917050691244,0.05616359447004608,0.006120391705069125,0.07639688940092165,0.015120967741935484,0.01980126728110599,0.007848502304147466,0.03751440092165899,0.022681451612903226,0.038306451612903226,0.009936635944700461,0.004680299539170507,0.0003600230414746544,0.0010800691244239632,0.0009360599078341013,0.0045362903225806455,0.0032402073732718892,0.007920506912442397,0.024265552995391706,0.04133064516129032,0.00576036866359447,0.03261808755760369,0.013536866359447005
welding_0005_18-06-28_p2,0.03627808136004857,0.009411050394656952,0.008348512446873103,0.005312689738919247,0.011080752884031573,0.003491196114146934,0.010018214936247723,0.003339404978749241,0.016697024893746207,0.004705525197328476,0.009562841530054645,0.00030358227079538557,0.0025804493017607772,0.0004553734061930783,0.0004553734061930783,0.0012143290831815423,0.0009107468123861566,0.0,0.0,0.0,0.0007589556769884638,0.0,0.0,0.0,0.0,0.005919854280510018,0.0006071645415907711,0.0036429872495446266,0.0,0.0,0.0018214936247723133,0.0,0.008955676988463874,0.005009107468123861,0.018518518518518517,0.03460837887067395,0.031420765027322405,0.08257437765634487,0.062082574377656345,0.00030358227079538557,0.1029143897996357,0.02580449301760777,0.06177899210686096,0.006830601092896175,0.04326047358834244,0.012446873102610808,0.0358227079538555,0.01199149969641773,0.05009107468123861,0.007285974499089253,0.04310868245294475,0.015786278081360048,0.0649666059502125,0.03384942319368549,0.029902853673345477,0.043412264723740136,0.009562841530054645,0.006982392228293868,0.005009107468123861,0.008803885853066181
welding_0005_18-06-28_p3,0.0661402789171452,0.06778096800656276,0.04286300246103363,0.04850287120590648,0.04922067268252666,0.0922887612797375,0.07772764561115669,0.10767022149302707,0.0881870385561936,0.021431501230516816,0.07998359310910583,0.028506972928630026,0.02532813781788351,0.014458572600492207,0.03773584905660377,0.008203445447087777,0.01773995077932732,0.006050041017227235,0.00440935192780968,0.0011279737489745694,0.003896636587366694,0.00020508613617719443,0.002255947497949139,0.0021534044298605415,0.0008203445447087777,0.002255947497949139,0.004306808859721083,0.0030762920426579163,0.0007178014766201805,0.004204265791632486,0.005332239540607055,0.003999179655455291,0.0021534044298605415,0.0008203445447087777,0.00041017227235438887,0.000512715340442986,0.0009228876127973749,0.0,0.0008203445447087777,0.0,0.0013330598851517637,0.00010254306808859722,0.000512715340442986,0.0,0.00030762920426579164,0.0,0.0006152584085315833,0.00030762920426579164,0.00020508613617719443,0.0,0.00020508613617719443,0.00030762920426579164,0.000512715340442986,0.00041017227235438887,0.001948318293683347,0.0027686628383921247,0.006050041017227235,0.0064602132895816245,0.024097621000820343,0.029634946677604593
welding_0005_18-19-55_p0,0.01605017006802721,0.004145408163265306,0.008290816326530613,0.007971938775510204,0.00860969387755102,0.006164965986394558,0.020620748299319726,0.03018707482993197,0.038477891156462586,0.02189625850340136,0.0273171768707483,0.03273809523809524,0.04071003401360544,0.02923044217687075,0.04602465986394558,0.03560799319727891,0.04602465986394558,0.04102891156462585,0.038159013605442174,0.01445578231292517,0.030399659863945577,0.01881377551020408,0.034013605442176874,0.03837159863945578,0.02923044217687075,0.019026360544217687,0.013605442176870748,0.008715986394557822,0.0009566326530612245,0.008290816326530613,0.011798469387755101,0.001488095238095238,0.01328656462585034,0.006377551020408163,0.011904761904761904,0.0055272108843537416,0.01605017006802721,0.02040816326530612,0.041985544217687076,0.017750850340136053,0.012967687074829932,0.00584608843537415,0.0032950680272108845,0.00116921768707483,0.004464285714285714,0.00116921768707483,0.0032950680272108845,0.004889455782312925,0.005633503401360544,0.0028698979591836736,0.00818452380952381,0.003826530612244898,0.00350765306122449,0.0021258503401360546,0.004570578231292517,0.007653061224489796,0.023596938775510203,0.009141156462585034,0.017006802721088437,0.013073979591836735
welding_0005_18-19-55_p1,0.00020242914979757084,0.00010121457489878542,0.000354251012145749,0.00025303643724696357,5.060728744939271e-05,0.0,0.00015182186234817814,0.0,5.060728744939271e-05,0.0,0.00015182186234817814,0.0,0.0,0.0,0.00010121457489878542,5.060728744939271e-05,0.0016700404858299596,5.060728744939271e-05,5.060728744939271e-05,0.0,0.0,0.0,0.0,0.0,5.060728744939271e-05,0.0019230769230769232,0.0012651821862348178,0.0005566801619433198,0.0007591093117408907,0.0005060728744939271,0.007186234817813765,0.004402834008097166,0.007388663967611336,0.01103238866396761,0.024544534412955465,0.07327935222672065,0.11589068825910931,0.24929149797570851,0.23653846153846153,0.16396761133603238,0.04802631578947368,0.03041497975708502,0.007945344129554655,0.0028846153846153848,0.004605263157894736,0.0011133603238866396,0.0004048582995951417,0.0006072874493927126,0.0005060728744939271,0.0,0.0004554655870445344,0.0,0.00020242914979757084,0.00015182186234817814,0.00020242914979757084,5.060728744939271e-05,0.00020242914979757084,5.060728744939271e-05,0.0,0.000354251012145749
welding_0005_18-19-55_p2,0.01671559034572733,0.013372472276581865,0.007257012393998695,0.011904761904761904,0.008887801696020874,0.0054631441617742985,0.007501630789302022,0.006441617742987606,0.008724722765818656,0.006441617742987606,0.00383235485975212,0.0020384866275277233,0.0014677103718199608,0.0008153946510110893,0.00921395955642531,0.00040769732550554466,0.007501630789302022,0.0018754076973255054,0.002446183953033268,0.0,0.00032615786040443573,0.0002446183953033268,0.002609262883235486,0.00032615786040443573,8.153946510110893e-05,0.0053816046966731895,0.0004892367906066536,0.002201565557729941,0.0,0.0002446183953033268,0.007583170254403131,0.0016307893020221786,0.003506196999347684,0.004403131115459882,0.011089367253750815,0.03538812785388128,0.060013046314416174,0.10461513372472277,0.21208414872798434,0.15761578604044357,0.03816046966731898,0.029435746901500325,0.012801696020874102,0.011986301369863013,0.010926288323548597,0.009050880626223091,0.006196999347684279,0.005626223091976516,0.00994781474233529,0.012067840834964122,0.014840182648401826,0.015737116764514024,0.010437051532941943,0.012638617090671884,0.011007827788649706,0.012149380300065231,0.014106327462491845,0.007990867579908675,0.010763209393346379,0.011986301369863013
welding_0005_18-35-42_p0,0.06873582766439909,0.021258503401360544,0.02295918367346939,0.017786281179138323,0.023455215419501133,0.01899092970521542,0.02161281179138322,0.01183390022675737,0.00992063492063492,0.002976190476190476,0.020975056689342405,0.006519274376417234,0.006731859410430839,0.001417233560090703,0.005314625850340136,0.0007794784580498867,0.013109410430839002,0.0016298185941043084,0.0021258503401360546,0.0,0.003897392290249433,0.0,0.001488095238095238,0.001417233560090703,0.00021258503401360543,0.024305555555555556,0.0031887755102040817,0.0030470521541950115,0.0,0.00021258503401360543,0.005739795918367347,0.0,0.008007369614512472,0.003897392290249433,0.017928004535147393,0.005739795918367347,0.09027777777777778,0.018849206349206348,0.08404195011337869,0.0143140589569161,0.07341269841269842,0.03521825396825397,0.018282312925170068,0.01721938775510204,0.02947845804988662,0.016014739229024945,0.02395124716553288,0.01459750566893424,0.013251133786848073,0.0036139455782312926,0.006944444444444444,0.005598072562358277,0.015731292517006803,0.015731292517006803,0.020337301587301588,0.0548469387755102,0.04124149659863945,0.013676303854875284,0.00744047619047619,0.008715986394557822
welding_0005_18-35-42_p1,0.06080368906455863,0.015019762845849802,0.021343873517786563,0.015019762845849802,0.019499341238471673,0.016666666666666666,0.02608695652173913,0.019104084321475624,0.021870882740447958,0.008827404479578393,0.06798418972332015,0.06719367588932806,0.02740447957839262,0.009025032938076416,0.01225296442687747,0.008234519104084322,0.020289855072463767,0.014163372859025032,0.015942028985507246,0.016798418972332016,0.015612648221343874,0.002173913043478261,0.0030303030303030303,0.0031620553359683794,0.00013175230566534913,0.014756258234519103,0.0028326745718050064,0.002437417654808959,0.0,6.587615283267457e-05,0.016337285902503294,0.0003952569169960474,0.009881422924901186,0.002898550724637681,0.010408432147562582,0.005401844532279315,0.016403162055335967,0.014822134387351778,0.040513833992094864,0.02318840579710145,0.08741765480895916,0.08227931488801055,0.05210803689064559,0.01884057971014493,0.02621870882740448,0.005599472990777339,0.01370223978919631,0.0038208168642951254,0.004677206851119895,0.0005928853754940712,0.005072463768115942,0.0007246376811594203,0.004216073781291172,0.0016469038208168643,0.001844532279314888,0.011330698287220026,0.005533596837944664,0.0022397891963109352,0.001976284584980237,0.002173913043478261
welding_0005_18-35-42_p2,0.01132951132951133,0.0004436254436254436,0.002081627081627082,0.0020475020475020475,0.002218127218127218,0.002491127491127491,0.004265629265629266,0.002184002184002184,0.0028665028665028664,0.0009213759213759214,0.006927381927381927,0.0017403767403767405,0.0022863772863772865,0.00017062517062517064,0.003787878787878788,0.0008872508872508873,0.007098007098007098,0.00017062517062517064,0.0006825006825006825,0.0,0.0032077532077532077,6.825006825006825e-05,0.000819000819000819,0.0013308763308763308,0.0009213759213759214,0.014776139776139776,0.0026617526617526617,0.0030371280371280372,0.002457002457002457,0.006313131313131313,0.03327190827190827,0.008326508326508327,0.015663390663390665,0.012899262899262898,0.02119164619164619,0.031224406224406226,0.07934070434070434,0.11636636636636637,0.13322413322413323,0.031736281736281735,0.15990990990990991,0.10193147693147693,0.047365547365547364,0.036309036309036306,0.028153153153153154,0.012182637182637183,0.01126126126126126,0.0038902538902538903,0.004265629265629266,0.002491127491127491,0.00917963417963418,0.0015015015015015015,0.0017745017745017745,0.0009896259896259897,0.00037537537537537537,0.0028665028665028664,0.0005801255801255801,0.0007166257166257166,0.000273000273000273,0.000546000546000546
welding_0005_18-35-42_p3,0.0512,0.017314285714285713,0.020285714285714285,0.016114285714285713,0.025257142857142856,0.0224,0.017657142857142857,0.011314285714285714,0.01782857142857143,0.011142857142857144,0.023942857142857144,0.012571428571428572,0.010971428571428571,0.007314285714285714,0.013085714285714286,0.006285714285714286,0.015428571428571429,0.008457142857142858,0.012685714285714286,0.002742857142857143,0.008114285714285715,0.002,0.007257142857142857,0.007942857142857142,0.0032571428571428573,0.02062857142857143,0.0064,0.006342857142857143,0.0008571428571428571,0.0017714285714285714,0.014857142857142857,0.0013142857142857142,0.011428571428571429,0.0061142857142857145,0.0156,0.010457142857142858,0.03691428571428571,0.013657142857142857,0.05337142857142857,0.014,0.05445714285714286,0.03977142857142857,0.022,0.016685714285714286,0.0304,0.018342857142857143,0.0292,0.021314285714285713,0.02,0.0076,0.010685714285714286,0.007028571428571428,0.0168,0.01502857142857143,0.0184,0.04588571428571429,0.03565714285714286,0.011485714285714285,0.0057714285714285714,0.0072
welding_0005_18-35-42_p4,0.02128482972136223,0.015092879256965945,0.01741486068111455,0.020704334365325077,0.03066950464396285,0.037054953560371515,0.027089783281733747,0.02389705882352941,0.025058049535603717,0.021478328173374615,0.01944659442724458,0.027089783281733747,0.009287925696594427,0.003289473684210526,0.005417956656346749,0.001741486068111455,0.0028057275541795664,0.002031733746130031,0.0009674922600619195,9.674922600619196e-05,0.00048374613003095975,0.0001934984520123839,0.0009674922600619195,0.0003869969040247678,0.00048374613003095975,0.0029992260061919504,0.0006772445820433437,0.0015479876160990713,0.0,0.0007739938080495357,0.0021284829721362228,0.001934984520123839,0.008707430340557275,0.015189628482972136,0.015576625386996903,0.033571981424148606,0.05398606811145511,0.10226393188854489,0.1344814241486068,0.04344040247678019,0.03831269349845201,0.05011609907120743,0.01780185758513932,0.00938467492260062,0.014802631578947368,0.0075464396284829725,0.009287925696594427,0.0066756965944272445,0.0075464396284829725,0.0035797213622291023,0.00890092879256966,0.00396671826625387,0.00890092879256966,0.0066756965944272445,0.008320433436532508,0.005901702786377709,0.012770897832817337,0.009868421052631578,0.020027089783281733,0.01789860681114551
welding_0005_18-35-42_p5,0.014723557692307692,0.009314903846153846,0.011117788461538462,0.017928685897435896,0.03155048076923077,0.01953125,0.015024038461538462,0.008313301282051282,0.013421474358974358,0.009014423076923076,0.012720352564102564,0.004607371794871795,0.0019030448717948718,0.0007011217948717949,0.002203525641025641,0.00020032051282051281,0.002203525641025641,0.0,0.0,0.0,0.00030048076923076925,0.0,0.00020032051282051281,0.0,0.0,0.0031049679487179485,0.0,0.005809294871794872,0.0,0.0,0.004807692307692308,0.0,0.012219551282051282,0.005108173076923077,0.034054487179487176,0.040364583333333336,0.08333333333333333,0.12109375,0.18008814102564102,0.058493589743589744,0.056991185897435896,0.039663461538461536,0.019731570512820512,0.008814102564102564,0.01842948717948718,0.007111378205128205,0.012520032051282052,0.0078125,0.008713942307692308,0.004507211538461538,0.009314903846153846,0.0035056089743589745,0.007612179487179487,0.006610576923076923,0.013020833333333334,0.013321314102564102,0.012620192307692308,0.007512019230769231,0.008213141025641026,0.010516826923076924
welding_0005_18-35-42_p6,0.09276094276094277,0.03434343434343434,0.0728956228956229,0.03080808080808081,0.041750841750841754,0.02643097643097643,0.04031986531986532,0.05353535353535353,0.08434343434343435,0.05968013468013468,0.1026936026936027,0.11506734006734007,0.011952861952861953,0.008333333333333333,0.00765993265993266,0.003872053872053872,0.0023569023569023568,0.0008417508417508417,0.0003367003367003367,0.0,0.0031144781144781144,0.0,0.00042087542087542086,0.0002525252525252525,0.0,0.000925925925925926,0.00042087542087542086,0.0005892255892255892,0.0,8.417508417508418e-05,0.00042087542087542086,0.0,0.0,0.0,0.0,0.0,0.0008417508417508417,0.0,8.417508417508418e-05,0.00016835016835016836,0.009343434343434343,0.016245791245791247,0.011111111111111112,0.009259259259259259,0.020370370370370372,0.001430976430976431,0.019107744107744108,0.005134680134680135,0.008333333333333333,0.0005892255892255892,0.003872053872053872,0.0005892255892255892,0.011531986531986532,0.004797979797979798,0.003872053872053872,0.019612794612794613,0.01616161616161616,0.016666666666666666,0.009006734006734006,0.015656565656565657
welding_0006_17-38-16_p0,0.03503438958486858,0.009979120609186931,0.023673544583640384,0.01869933677229182,0.030858511422254976,0.03392901007123557,0.04194301154507492,0.043324735937116186,0.04587324981577008,0.01074674527143208,0.030121591746499633,0.026467698354212723,0.021708425448292802,0.0050356177843281745,0.029968066814050603,0.0029476787030213707,0.014093588798820928,0.0058339474330631295,0.010562515352493244,0.0048820928518791456,0.009641365757799067,0.002855563743551953,0.02020388111029231,0.007123556865634979,0.0004912797838368951,0.014861213461066078,0.004728567919430116,0.007430606730533039,0.00018422991893883567,0.0018422991893883567,0.008750921149594694,0.006724392041267502,0.019037091623679687,0.010562515352493244,0.021861950380741832,0.015843773028739867,0.025607958732498156,0.02824858757062147,0.025792188651436992,0.000521984770326701,0.06466470154753132,0.03423605993613363,0.016028002947678702,0.010531810366003438,0.018115942028985508,0.004575042986981086,0.015291083271923361,0.010992385163350528,0.019988946204863668,0.0015352493244902973,0.012773274379759274,0.005434782608695652,0.014032178825841317,0.013786538933922869,0.008873741095553918,0.02097150577253746,0.02241464013755834,0.011913534758044707,0.005404077622205846,0.01043969540653402
welding_0006_17-38-16_p1,0.05863039399624766,0.007113821138211382,0.021341463414634148,0.011569731081926203,0.016651031894934335,0.011413383364602877,0.024859287054409006,0.08474046278924327,0.019543464665415886,0.006957473420888055,0.02407754846779237,0.004143214509068168,0.014462163852407756,0.0,0.020637898686679174,7.817385866166354e-05,0.01344590368980613,0.0007035647279549719,0.00484677923702314,0.0,0.0,0.0,0.004455909943714822,0.0005472170106316448,0.00023452157598499062,0.020403377110694183,0.001876172607879925,0.003908692933083177,0.0016416510318949344,0.003517823639774859,0.00969355847404628,0.0017198248905565979,0.007426516572858036,0.0010944340212632896,0.004924953095684803,0.009771732332707943,0.022592245153220763,0.043151969981238276,0.02892432770481551,0.0,0.07668855534709193,0.05550343964978111,0.023373983739837397,0.02055972482801751,0.031738586616635395,0.011178861788617886,0.038696060037523454,0.012429643527204503,0.021341463414634148,0.003283302063789869,0.013836772983114446,0.004924953095684803,0.02853345841150719,0.027048155096935585,0.02298311444652908,0.03283302063789869,0.033458411507192,0.016729205753596,0.003283302063789869,0.010475297060662914
welding_0006_17-38-16_p2,0.06925373134328358,0.047238805970149254,0.04582089552238806,0.04335820895522388,0.04708955223880597,0.04328358208955224,0.03791044776119403,0.04574626865671642,0.03604477611940299,0.009626865671641791,0.045895522388059704,0.03813432835820896,0.02074626865671642,0.0055223880597014925,0.03708955223880597,0.003208955223880597,0.03328358208955224,0.010447761194029851,0.025522388059701494,0.01328358208955224,0.0158955223880597,0.010522388059701493,0.04619402985074627,0.010970149253731343,0.003134328358208955,0.009626865671641791,0.00917910447761194,0.011343283582089553,0.00208955223880597,0.004626865671641791,0.0058208955223880594,0.0037313432835820895,0.007686567164179104,0.0020149253731343284,0.004850746268656716,0.001119402985074627,0.02164179104477612,0.001119402985074627,0.004328358208955224,0.0,0.024029850746268656,0.00417910447761194,0.0026119402985074628,0.0,0.00022388059701492538,0.0,0.004701492537313433,0.00014925373134328358,0.00029850746268656717,0.00022388059701492538,0.0008208955223880597,0.00029850746268656717,0.0018656716417910447,0.0019402985074626865,0.01,0.016791044776119403,0.016044776119402984,0.019328358208955225,0.02298507462686567,0.039104477611940296
welding_0006_17-38-16_p3,0.04630434782608696,0.005760869565217391,0.03771739130434783,0.005326086956521739,0.005869565217391304,0.0017391304347826088,0.014239130434782608,0.0009782608695652175,0.002934782608695652,0.0,0.010108695652173913,0.0007608695652173913,0.0014130434782608696,0.0,0.0006521739130434783,0.0009782608695652175,0.0018478260869565217,0.00032608695652173916,0.0007608695652173913,0.00010869565217391305,0.0014130434782608696,0.0005434782608695652,0.002717391304347826,0.0034782608695652175,0.001956521739130435,0.010760869565217391,0.007608695652173913,0.004782608695652174,0.0034782608695652175,0.014891304347826087,0.05532608695652174,0.07,0.05141304347826087,0.05380434782608696,0.05347826086956522,0.06217391304347826,0.05597826086956522,0.08858695652173913,0.06630434782608696,0.004565217391304348,0.036304347826086956,0.02108695652173913,0.014891304347826087,0.004239130434782609,0.023043478260869565,0.009130434782608696,0.02043478260869565,0.009130434782608696,0.00923913043478261,0.0025,0.017717391304347827,0.002173913043478261,0.012391304347826086,0.0075,0.005108695652173913,0.009891304347826087,0.016304347826086956,0.018260869565217393,0.002282608695652174,0.007282608695652174
welding_0006_17-38-16_p4,0.009829059829059829,0.009401709401709401,0.015384615384615385,0.02094017094017094,0.025213675213675214,0.02606837606837607,0.03418803418803419,0.053418803418803416,0.09145299145299145,0.1188034188034188,0.026923076923076925,0.001282051282051282,0.002564102564102564,0.0,0.003418803418803419,0.0008547008547008547,0.002136752136752137,0.001282051282051282,0.0017094017094017094,0.0,0.004273504273504274,0.00042735042735042735,0.008974358974358974,0.006837606837606838,0.0017094017094017094,0.01452991452991453,0.016666666666666666,0.029487179487179487,0.00042735042735042735,0.011538461538461539,0.06452991452991454,0.005982905982905983,0.04487179487179487,0.022222222222222223,0.07008547008547009,0.003418803418803419,0.040170940170940174,0.002136752136752137,0.03803418803418803,0.0,0.013675213675213675,0.009401709401709401,0.005128205128205128,0.00042735042735042735,0.01623931623931624,0.0,0.007264957264957265,0.002564102564102564,0.018803418803418803,0.0,0.011538461538461539,0.00042735042735042735,0.006837606837606838,0.005982905982905983,0.008547008547008548,0.008974358974358974,0.017094017094017096,0.017948717948717947,0.01282051282051282,0.005128205128205128
welding_0006_17-38-21_p0,0.029092702169625246,0.022682445759368838,0.019354043392504933,0.021819526627218935,0.01972386587771203,0.02342209072978304,0.01343688362919132,0.010231755424063117,0.01910749506903353,0.029215976331360947,0.028599605522682446,0.06866370808678501,0.008136094674556213,0.002095660749506903,0.002095660749506903,0.0011094674556213018,0.0023422090729783036,0.0001232741617357002,0.0004930966469428008,0.0,0.0017258382642998027,0.0,0.0004930966469428008,0.0002465483234714004,0.0003698224852071006,0.0025887573964497044,0.0011094674556213018,0.0008629191321499013,0.0029585798816568047,0.0008629191321499013,0.008382642998027613,0.00641025641025641,0.008136094674556213,0.004807692307692308,0.017135108481262328,0.018121301775147928,0.027983234714003945,0.04339250493096647,0.08111439842209073,0.05830867850098619,0.09430473372781065,0.047214003944773174,0.01220414201183432,0.006903353057199211,0.008136094674556213,0.005424063116370809,0.009861932938856016,0.0072731755424063115,0.009615384615384616,0.005547337278106509,0.007519723865877712,0.00616370808678501,0.010355029585798817,0.017135108481262328,0.014669625246548324,0.018121301775147928,0.03081854043392505,0.027490138067061146,0.028476331360946745,0.026010848126232743
welding_0006_17-38-21_p1,0.031158357771260997,0.03152492668621701,0.022605083088954057,0.02333822091886608,0.028470185728250243,0.03543499511241447,0.014173998044965786,0.015151515151515152,0.015518084066471163,0.0074535679374389055,0.016495601173020527,0.01698435972629521,0.0030547409579667643,0.0015884652981427176,0.002565982404692082,0.0004887585532746823,0.0024437927663734115,0.00012218963831867058,0.00024437927663734115,0.0,0.0010997067448680353,0.0,0.0006109481915933529,0.0,0.0,0.001710654936461388,0.00012218963831867058,0.0007331378299120235,0.0,0.0,0.00012218963831867058,0.0,0.001466275659824047,0.00024437927663734115,0.000855327468230694,0.0006109481915933529,0.007331378299120235,0.025171065493646137,0.07771260997067449,0.039100684261974585,0.06060606060606061,0.07429130009775171,0.028347996089931573,0.014540566959921798,0.024560117302052785,0.021749755620723364,0.022727272727272728,0.01930596285434995,0.01698435972629521,0.008308895405669599,0.015884652981427175,0.011119257086999023,0.018450635386119258,0.03457966764418377,0.033479960899315736,0.033113391984359725,0.042155425219941346,0.02749266862170088,0.03787878787878788,0.028714565004887584
welding_0006_17-38-21_p2,0.015460526315789473,0.004934210526315789,0.01381578947368421,0.01381578947368421,0.029276315789473685,0.04638157894736842,0.05789473684210526,0.08322368421052631,0.11677631578947369,0.16447368421052633,0.15822368421052632,0.06315789473684211,0.007565789473684211,0.003947368421052632,0.01118421052631579,0.003618421052631579,0.007565789473684211,0.003947368421052632,0.003947368421052632,0.0,0.004934210526315789,0.0,0.001973684210526316,0.0006578947368421052,0.0,0.001973684210526316,0.0013157894736842105,0.002631578947368421,0.0,0.0,0.0029605263157894738,0.0,0.001973684210526316,0.002302631578947368,0.001644736842105263,0.000986842105263158,0.003618421052631579,0.0059210526315789476,0.022039473684210525,0.02401315789473684,0.034868421052631576,0.029276315789473685,0.005263157894736842,0.003947368421052632,0.010855263157894738,0.0,0.006907894736842105,0.0,0.0003289473684210526,0.0,0.0,0.0,0.001973684210526316,0.001644736842105263,0.0,0.004934210526315789,0.00625,0.005263157894736842,0.0,0.0003289473684210526
welding_0006_17-38-21_p3,0.02825670498084291,0.019516283524904216,0.02658045977011494,0.033764367816091954,0.04046934865900383,0.05100574712643678,0.039272030651340994,0.021551724137931036,0.023587164750957856,0.017241379310344827,0.014727011494252873,0.027059386973180076,0.0023946360153256703,0.0010775862068965517,0.0017959770114942528,0.0008381226053639847,0.002753831417624521,0.0009578544061302681,0.002753831417624521,0.00011973180076628352,0.004669540229885058,0.0009578544061302681,0.0026340996168582377,0.0015565134099616857,0.0015565134099616857,0.008740421455938696,0.008979885057471264,0.00646551724137931,0.0028735632183908046,0.008860153256704981,0.014008620689655173,0.011135057471264368,0.01221264367816092,0.013529693486590038,0.013769157088122605,0.02310823754789272,0.025981800766283526,0.056633141762452106,0.11530172413793104,0.029693486590038315,0.06645114942528736,0.06465517241379311,0.016882183908045977,0.007662835249042145,0.009937739463601533,0.0040708812260536395,0.0059865900383141765,0.0044300766283524905,0.007303639846743295,0.0038314176245210726,0.004310344827586207,0.0037116858237547894,0.007423371647509579,0.008381226053639846,0.007183908045977011,0.009818007662835249,0.013888888888888888,0.01532567049808429,0.012811302681992338,0.007543103448275862
welding_0006_17-38-21_p4,0.03379186602870814,0.02930622009569378,0.023823763955342903,0.023823763955342903,0.029505582137161084,0.051036682615629984,0.030103668261562997,0.016148325358851676,0.013157894736842105,0.00817384370015949,0.00518341307814992,0.0005980861244019139,0.0005980861244019139,0.00019936204146730463,0.001893939393939394,0.0,0.0011961722488038277,0.0005980861244019139,0.00039872408293460925,0.0,9.968102073365231e-05,0.0,0.0002990430622009569,0.0,0.0,0.0011961722488038277,9.968102073365231e-05,0.0005980861244019139,0.0,0.0,0.0008971291866028708,0.0002990430622009569,0.0026913875598086126,0.0010964912280701754,0.007874800637958533,0.012260765550239234,0.014752791068580542,0.046052631578947366,0.06947767145135567,0.006479266347687401,0.08941387559808613,0.08642344497607655,0.0365829346092504,0.02751196172248804,0.037779106858054225,0.030402711323763956,0.023923444976076555,0.021232057416267942,0.014553429027113238,0.006180223285486443,0.012260765550239234,0.006479266347687401,0.012759170653907496,0.019736842105263157,0.02252791068580542,0.02332535885167464,0.028110047846889953,0.02242822966507177,0.027910685805422646,0.01674641148325359
welding_0006_17-38-21_p5,0.025839793281653745,0.014119601328903655,0.01891842008121078,0.021410114433370247,0.026116648209671467,0.024916943521594685,0.029069767441860465,0.015873015873015872,0.009136212624584718,0.002030269472129937,0.012458471760797342,0.0033222591362126247,0.0028608342561830934,0.0007382798080472499,0.002583979328165375,0.0002768549280177187,0.003783684016242156,0.0009228497600590623,0.0014765596160944998,0.0,0.0004614248800295312,0.0,0.0011074197120708748,9.228497600590623e-05,0.0,0.014765596160944998,0.0004614248800295312,0.0035068290882244372,0.0,0.0,0.0035068290882244372,0.0010151347360649685,0.0071059431524547806,0.001568844592100406,0.008859357696566999,0.0028608342561830934,0.027593207825765964,0.027777777777777776,0.10243632336655592,0.02260981912144703,0.10880398671096346,0.14590254706533776,0.08490217792543374,0.02999261720191953,0.02897748246585456,0.012827611664820967,0.015134736064968624,0.011812476928755998,0.013842746400885935,0.0033222591362126247,0.007751937984496124,0.0035068290882244372,0.012550756736803248,0.008397932816537468,0.012919896640826873,0.016334440753045402,0.015319306016980436,0.007751937984496124,0.009689922480620155,0.008674787744555186
welding_0006_17-38-21_p6,0.06311274509803921,0.003982843137254902,0.006740196078431373,0.004901960784313725,0.00857843137254902,0.008884803921568627,0.02022058823529412,0.021139705882352942,0.02420343137254902,0.01133578431372549,0.0545343137254902,0.020833333333333332,0.011948529411764705,0.011948529411764705,0.025735294117647058,0.017463235294117647,0.03829656862745098,0.012867647058823529,0.012561274509803922,0.004901960784313725,0.007659313725490196,0.003676470588235294,0.010416666666666666,0.0070465686274509805,0.006740196078431373,0.11090686274509803,0.009191176470588236,0.060355392156862746,0.010723039215686275,0.009497549019607842,0.050551470588235295,0.020526960784313725,0.018688725490196078,0.015625,0.015625,0.015012254901960785,0.036458333333333336,0.014399509803921568,0.058823529411764705,0.0,0.05361519607843137,0.01838235294117647,0.00857843137254902,0.001838235294117647,0.004595588235294118,0.0009191176470588235,0.006740196078431373,0.003982843137254902,0.006433823529411764,0.0006127450980392157,0.003676470588235294,0.0006127450980392157,0.003982843137254902,0.0027573529411764708,0.001838235294117647,0.0070465686274509805,0.0030637254901960784,0.003676470588235294,0.0009191176470588235,0.0006127450980392157
welding_0006_17-38-21_p7,0.036785285885645745,0.01609356257497001,0.02618952419032387,0.034486205517792884,0.04228308676529388,0.03558576569372251,0.024890043982407038,0.014294282287085167,0.026089564174330268,0.0037984806077568972,0.013794482207117154,0.01369452219112355,0.01019592163134746,0.0016993202718912435,0.006197520991603359,0.0002998800479808077,0.004398240703718513,0.0005997600959616154,0.0013994402239104358,0.0,0.001799280287884846,0.0,0.0026989204318272693,0.0012994802079168333,0.0004998000799680128,0.007197121151539384,0.001799280287884846,0.0018992403038784486,0.0,0.0014994002399040384,0.004198320671731308,0.0026989204318272693,0.00819672131147541,0.006097560975609756,0.010495801679328268,0.0032986805277888847,0.03338664534186325,0.010095961615353859,0.05737704918032787,0.0006997201119552179,0.06757297081167533,0.06067572970811675,0.07756897241103558,0.04938024790083966,0.03698520591763295,0.007996801279488205,0.025589764094362255,0.012794882047181128,0.015593762495002,0.002099160335865654,0.00429828068772491,0.0069972011195521796,0.015193922431027589,0.009996001599360257,0.020891643342662934,0.02968812475009996,0.02968812475009996,0.011195521791283487,0.02469012395041983,0.02309076369452219
welding_0006_17-38-21_p8,0.09439124487004104,0.005813953488372093,0.009575923392612859,0.009233926128590971,0.009233926128590971,0.0140218878248974,0.02838577291381669,0.03454172366621067,0.04753761969904241,0.01265389876880985,0.06976744186046512,0.016415868673050615,0.008891928864569083,0.01094391244870041,0.017783857729138167,0.01094391244870041,0.05232558139534884,0.011285909712722298,0.009575923392612859,0.0047879616963064295,0.008891928864569083,0.0030779753761969904,0.008891928864569083,0.003419972640218878,0.002051983584131327,0.12004103967168263,0.00786593707250342,0.038303693570451436,0.0003419972640218878,0.001709986320109439,0.04138166894664843,0.0,0.009575923392612859,0.0013679890560875513,0.006839945280437756,0.0010259917920656635,0.04377564979480164,0.004103967168262654,0.0677154582763338,0.0,0.052667578659370724,0.016415868673050615,0.011627906976744186,0.0006839945280437756,0.0027359781121751026,0.0013679890560875513,0.008549931600547196,0.003761969904240766,0.006497948016415869,0.0003419972640218878,0.004445964432284542,0.0003419972640218878,0.005471956224350205,0.004445964432284542,0.0023939808481532147,0.01573187414500684,0.004103967168262654,0.0047879616963064295,0.0023939808481532147,0.0027359781121751026
welding_0006_17-38-21_p9,0.027641509433962264,0.024528301886792454,0.020283018867924527,0.023773584905660377,0.027924528301886794,0.03679245283018868,0.027264150943396227,0.010943396226415094,0.005754716981132076,0.004528301886792453,0.0023584905660377358,0.0002830188679245283,0.0003773584905660377,9.433962264150943e-05,0.0012264150943396227,0.0,0.0008490566037735849,0.0006603773584905661,0.0003773584905660377,0.0,0.00018867924528301886,0.0,0.00018867924528301886,9.433962264150943e-05,0.0,0.0035849056603773585,0.0008490566037735849,0.0016981132075471698,0.0,0.0,0.0060377358490566035,0.0002830188679245283,0.009339622641509435,0.004056603773584906,0.01518867924528302,0.0035849056603773585,0.02839622641509434,0.06528301886792452,0.12726415094339621,0.0033962264150943396,0.1029245283018868,0.1160377358490566,0.052830188679245285,0.03179245283018868,0.03839622641509434,0.02141509433962264,0.01650943396226415,0.013867924528301887,0.012735849056603774,0.0033018867924528303,0.00830188679245283,0.0032075471698113206,0.010377358490566037,0.005660377358490566,0.009056603773584906,0.009622641509433962,0.016886792452830188,0.013679245283018868,0.015849056603773583,0.012452830188679246
welding_0006_17-38-21_p10,0.035416666666666666,0.03958333333333333,0.040625,0.05,0.05138888888888889,0.04513888888888889,0.010069444444444445,0.012847222222222222,0.01840277777777778,0.008333333333333333,0.006597222222222222,0.0006944444444444445,0.00034722222222222224,0.0,0.00034722222222222224,0.0,0.0006944444444444445,0.0,0.00034722222222222224,0.0,0.00034722222222222224,0.0,0.0006944444444444445,0.0,0.0,0.0,0.0,0.0006944444444444445,0.0,0.0,0.0,0.0,0.0024305555555555556,0.0,0.0006944444444444445,0.001388888888888889,0.002777777777777778,0.0020833333333333333,0.005208333333333333,0.005902777777777778,0.02013888888888889,0.026041666666666668,0.011805555555555555,0.005902777777777778,0.010763888888888889,0.009375,0.014583333333333334,0.02013888888888889,0.01875,0.007291666666666667,0.024652777777777777,0.01875,0.025,0.065625,0.07152777777777777,0.06979166666666667,0.07256944444444445,0.051041666666666666,0.059375,0.05381944444444445
welding_0006_18-06-29_p0,0.0869155354449472,0.0058446455505279035,0.007227249874308698,0.004022121669180492,0.008044243338360985,0.005404725992961287,0.013197586726998492,0.016025641025641024,0.015271493212669683,0.009489693313222724,0.013260432378079437,0.0013197586726998493,0.001005530417295123,0.0001885369532428356,0.0016968325791855204,0.0,0.0048391151332327804,0.0,0.00025138260432378077,0.0,0.0028908999497234793,0.0,0.0006913021618903972,0.0004399195575666164,0.00025138260432378077,0.024509803921568627,0.0013826043237807944,0.0018225238813474108,0.0,0.0006913021618903972,0.0027023629964806435,0.004022121669180492,0.01583710407239819,0.00904977375565611,0.03663901458019105,0.012129210658622424,0.04682001005530417,0.021493212669683258,0.051219205630970335,0.0001885369532428356,0.1321015585721468,0.06774761186525892,0.05731523378582202,0.01715686274509804,0.03751885369532428,0.003456510809451986,0.02055052790346908,0.003519356460532931,0.011752136752136752,0.0001885369532428356,0.004147812971342383,0.0011312217194570137,0.011689291101055807,0.008107088989441931,0.038461538461538464,0.032302664655605835,0.07070135746606335,0.006096028154851684,0.03374811463046757,0.015522875816993464
welding_0006_18-06-29_p1,0.10135135135135136,0.005855855855855856,0.0253003003003003,0.014039039039039039,0.019444444444444445,0.006906906906906907,0.021396396396396396,0.008033033033033033,0.015690690690690692,0.011786786786786787,0.012312312312312312,0.0016516516516516516,0.0016516516516516516,0.0005255255255255255,0.0009009009009009009,0.0003003003003003003,0.002102102102102102,0.00022522522522522523,0.00045045045045045046,0.0,0.003153153153153153,7.507507507507507e-05,0.0005255255255255255,0.00015015015015015014,0.00015015015015015014,0.004429429429429429,0.001051051051051051,0.0015765765765765765,0.0,0.00037537537537537537,0.0012012012012012011,0.004054054054054054,0.013663663663663663,0.010810810810810811,0.03123123123123123,0.01478978978978979,0.08130630630630631,0.08881381381381381,0.053528528528528525,0.005930930930930931,0.09744744744744745,0.012462462462462463,0.024624624624624624,0.00960960960960961,0.06066066066066066,0.01839339339339339,0.03003003003003003,0.008183183183183184,0.012762762762762763,0.0006756756756756757,0.0018018018018018018,0.0012762762762762762,0.005855855855855856,0.007807807807807808,0.018543543543543543,0.035885885885885885,0.0509009009009009,0.00578078078078078,0.017942942942942942,0.012612612612612612
welding_0006_18-06-29_p2,0.02159090909090909,0.003787878787878788,0.00404040404040404,0.0036616161616161618,0.006313131313131313,0.0021464646464646464,0.008838383838383838,0.005176767676767677,0.008964646464646465,0.004797979797979798,0.004292929292929293,0.0,0.0003787878787878788,0.0002525252525252525,0.000505050505050505,0.0,0.00202020202020202,0.0,0.0,0.0,0.0017676767676767678,0.0,0.0017676767676767678,0.00012626262626262626,0.0,0.003409090909090909,0.0006313131313131314,0.0012626262626262627,0.0,0.0002525252525252525,0.00101010101010101,0.0002525252525252525,0.003914141414141414,0.0011363636363636363,0.014646464646464647,0.01792929292929293,0.03345959595959596,0.08169191919191919,0.07929292929292929,0.0002525252525252525,0.1409090909090909,0.05606060606060606,0.12727272727272726,0.020454545454545454,0.04633838383838384,0.01616161616161616,0.038131313131313134,0.02727272727272727,0.06313131313131314,0.010227272727272727,0.03244949494949495,0.01755050505050505,0.03232323232323232,0.01893939393939394,0.004924242424242424,0.01351010101010101,0.0054292929292929296,0.0022727272727272726,0.0026515151515151517,0.004419191919191919
welding_0006_18-06-29_p3,0.0763888888888889,0.04925213675213675,0.0280982905982906,0.03504273504273504,0.047435897435897434,0.09594017094017095,0.08044871794871795,0.10534188034188034,0.08867521367521368,0.023076923076923078,0.06709401709401709,0.025534188034188034,0.03247863247863248,0.01282051282051282,0.03514957264957265,0.009294871794871795,0.01452991452991453,0.005341880341880342,0.002777777777777778,0.0007478632478632479,0.002457264957264957,0.0007478632478632479,0.0023504273504273503,0.0011752136752136752,0.0022435897435897434,0.002136752136752137,0.003098290598290598,0.0009615384615384616,0.001388888888888889,0.002457264957264957,0.0029914529914529917,0.004487179487179487,0.003098290598290598,0.004914529914529914,0.002136752136752137,0.000641025641025641,0.0007478632478632479,0.000641025641025641,0.002564102564102564,0.0,0.0028846153846153848,0.002564102564102564,0.0008547008547008547,0.0007478632478632479,0.0036324786324786326,0.0003205128205128205,0.001388888888888889,0.0017094017094017094,0.0023504273504273503,0.0003205128205128205,0.0017094017094017094,0.0005341880341880342,0.0022435897435897434,0.0019230769230769232,0.002457264957264957,0.003311965811965812,0.012286324786324786,0.00844017094017094,0.026282051282051282,0.04732905982905983
welding_0006_18-06-29_p4,0.012037037037037037,0.0,0.013888888888888888,0.0,0.002777777777777778,0.0,0.000925925925925926,0.0,0.0,0.0,0.0,0.0,0.0,0.0,0.0,0.0,0.0,0.0,0.0,0.0,0.0,0.0,0.0,0.0,0.0,0.001851851851851852,0.0,0.0,0.0,0.0,0.0,0.0,0.0,0.006481481481481481,0.012962962962962963,0.037037037037037035,0.08888888888888889,0.15925925925925927,0.125,0.020370370370370372,0.07685185185185185,0.06111111111111111,0.03981481481481482,0.03425925925925926,0.07222222222222222,0.005555555555555556,0.02962962962962963,0.019444444444444445,0.046296296296296294,0.0,0.012037037037037037,0.0,0.04722222222222222,0.019444444444444445,0.005555555555555556,0.013888888888888888,0.009259259259259259,0.025925925925925925,0.0,0.0
welding_0006_18-06-29_p5,0.014660493827160493,0.005401234567901234,0.020061728395061727,0.018518518518518517,0.020061728395061727,0.015432098765432098,0.035493827160493825,0.029320987654320986,0.038580246913580245,0.0007716049382716049,0.038580246913580245,0.07253086419753087,0.023148148148148147,0.013117283950617283,0.004629629629629629,0.0030864197530864196,0.004629629629629629,0.0,0.0,0.0,0.0007716049382716049,0.0,0.0007716049382716049,0.0,0.0,0.0,0.0007716049382716049,0.0,0.0,0.0,0.0007716049382716049,0.0007716049382716049,0.0015432098765432098,0.0038580246913580245,0.009259259259259259,0.022376543209876542,0.035493827160493825,0.13580246913580246,0.1882716049382716,0.033950617283950615,0.07484567901234568,0.026234567901234566,0.005401234567901234,0.005401234567901234,0.0030864197530864196,0.0023148148148148147,0.007716049382716049,0.006944444444444444,0.0038580246913580245,0.0007716049382716049,0.007716049382716049,0.0030864197530864196,0.005401234567901234,0.005401234567901234,0.010802469135802469,0.010030864197530864,0.014660493827160493,0.004629629629629629,0.0007716049382716049,0.008487654320987654
welding_0006_18-19-56_p0,0.01003147128245476,0.010326514555468135,0.00983477576711251,0.017112509834775767,0.012293469708890637,0.014948859166011016,0.0254720692368214,0.0513375295043273,0.05782848151062156,0.031176239181746657,0.037273800157356415,0.037568843430369786,0.028127458693941777,0.025373721479150277,0.051239181746656176,0.04927222659323367,0.0505507474429583,0.03688040912667191,0.03796223446105429,0.013080251770259638,0.023406766325727774,0.016522423288749016,0.04081431943351692,0.029996066089693154,0.025767112509834777,0.019177812745869393,0.02684893784421715,0.021341463414634148,0.004032258064516129,0.009343036978756884,0.012883556254917388,0.003933910306845004,0.010424862313139261,0.006392604248623131,0.012195121951219513,0.0055074744295830055,0.008752950432730134,0.011014948859166011,0.010228166797797011,0.001868607395751377,0.022029897718332022,0.029209284028324154,0.0027537372147915028,0.0017702596380802518,0.0023603461841070024,0.0002950432730133753,0.0008851298190401259,0.0002950432730133753,0.000983477576711251,0.0,0.0006884343036978757,9.83477576711251e-05,0.000983477576711251,0.0003933910306845004,0.0024586939417781273,0.0024586939417781273,0.007966168371361134,0.005900865460267506,0.0058025177025963805,0.004523996852871755
welding_0006_18-19-56_p1,0.0002774694783573807,0.0002774694783573807,5.549389567147614e-05,5.549389567147614e-05,0.00011098779134295228,0.00011098779134295228,0.00011098779134295228,0.00011098779134295228,0.0003329633740288568,0.00011098779134295228,0.0004994450610432853,0.00022197558268590456,0.0,0.0,5.549389567147614e-05,0.0,0.0007214206437291898,0.0009433962264150943,0.0014983351831298556,0.0,0.0007769145394006659,0.0,0.00244173140954495,0.0012763596004439512,0.0,0.0011098779134295228,0.0022752497225305215,0.002108768035516093,0.0,0.0007769145394006659,0.005216426193118757,0.001997780244173141,0.00732519422863485,0.009544950055493896,0.023806881243063262,0.07408435072142064,0.13079911209766926,0.2672586015538291,0.19950055493895671,0.11803551609322975,0.09461709211986681,0.03607103218645949,0.007269700332963374,0.0021642619311875696,0.0022752497225305215,0.0006659267480577136,0.0018312985571587125,0.0004439511653718091,5.549389567147614e-05,0.0001664816870144284,5.549389567147614e-05,0.0,0.00011098779134295228,0.00011098779134295228,0.00011098779134295228,5.549389567147614e-05,0.0,5.549389567147614e-05,5.549389567147614e-05,5.549389567147614e-05
welding_0006_18-19-56_p2,0.009311140408701384,0.010464733025708635,0.01474950560316414,0.014007910349373764,0.011865524060646011,0.00988793671720501,0.009970336189848385,0.005850362557679631,0.011371127224785761,0.0026367831245880024,0.0028015820698747526,0.0027191825972313777,0.00453197099538563,0.0013183915622940012,0.004696769940672379,0.0004119973632168754,0.003048780487804878,0.003790375741595254,0.004202373104812129,0.0,0.0008239947264337508,0.0,0.0037079762689518785,0.0009063941990771259,0.0004943968358602505,0.0005767963085036256,0.0023071852340145024,0.0008239947264337508,8.239947264337508e-05,0.001895187870797627,0.007251153592617007,0.001977587343441002,0.006756756756756757,0.009311140408701384,0.022247857613711272,0.05075807514831905,0.05347725774555043,0.09616018457481872,0.17518127883981544,0.1507910349373764,0.04276532630191167,0.03411338167435728,0.02027027027027027,0.01540870138431114,0.012689518787079763,0.009640738299274884,0.007498352010547132,0.006344759393539881,0.007498352010547132,0.007086354647330257,0.007498352010547132,0.008322346736980884,0.018787079762689517,0.019693473961766645,0.017386288727752143,0.013348714568226764,0.011947923533289388,0.006921555702043507,0.01120632827949901,0.008404746209624258
welding_0006_18-19-56_p3,0.003146701388888889,0.002170138888888889,0.0015190972222222222,0.0010850694444444445,0.0018446180555555555,0.0018446180555555555,0.003363715277777778,0.004774305555555556,0.004774305555555556,0.005099826388888889,0.0013020833333333333,0.0005425347222222222,0.00021701388888888888,0.0,0.00010850694444444444,0.0,0.0,0.0,0.0,0.0,0.0,0.0,0.0,0.00010850694444444444,0.0,0.00010850694444444444,0.00010850694444444444,0.00010850694444444444,0.00010850694444444444,0.00010850694444444444,0.0029296875,0.0013020833333333333,0.0016276041666666667,0.0037977430555555555,0.005208333333333333,0.016276041666666668,0.046875,0.12337239583333333,0.3662109375,0.1804470486111111,0.04904513888888889,0.030924479166666668,0.023328993055555556,0.015516493055555556,0.015950520833333332,0.009657118055555556,0.009223090277777778,0.005316840277777778,0.004991319444444444,0.003363715277777778,0.003472222222222222,0.0030381944444444445,0.005208333333333333,0.004991319444444444,0.004231770833333333,0.005425347222222222,0.008572048611111112,0.003363715277777778,0.008897569444444444,0.004991319444444444
welding_0006_18-19-56_p4,0.007638888888888889,0.003993055555555555,0.003472222222222222,0.0025173611111111113,0.0014756944444444444,0.0012152777777777778,0.002777777777777778,0.003125,0.007291666666666667,0.004340277777777778,0.00703125,0.0006944444444444445,0.001736111111111111,0.0,0.0005208333333333333,0.00017361111111111112,0.0005208333333333333,0.00017361111111111112,0.0,0.0,0.0,0.0,0.00017361111111111112,8.680555555555556e-05,0.0,0.0013020833333333333,0.00043402777777777775,0.002170138888888889,0.0,0.0,0.005642361111111111,0.00043402777777777775,0.002170138888888889,0.005555555555555556,0.012065972222222223,0.012760416666666666,0.010677083333333334,0.06944444444444445,0.1657986111111111,0.23489583333333333,0.14817708333333332,0.09045138888888889,0.022916666666666665,0.017100694444444446,0.020833333333333332,0.016840277777777777,0.01623263888888889,0.011458333333333333,0.012673611111111111,0.007725694444444445,0.006944444444444444,0.003993055555555555,0.005121527777777778,0.003298611111111111,0.005381944444444444,0.00546875,0.006857638888888889,0.0045138888888888885,0.009982638888888888,0.01171875
welding_0006_18-19-56_p5,0.005681818181818182,0.0015151515151515152,0.003409090909090909,0.0003787878787878788,0.0015151515151515152,0.0003787878787878788,0.0015151515151515152,0.0011363636363636363,0.0022727272727272726,0.0,0.014772727272727272,0.041666666666666664,0.04128787878787879,0.05416666666666667,0.0893939393939394,0.1018939393939394,0.10568181818181818,0.045454545454545456,0.05227272727272727,0.01628787878787879,0.021212121212121213,0.0011363636363636363,0.014772727272727272,0.009848484848484848,0.001893939393939394,0.011363636363636364,0.009848484848484848,0.010227272727272727,0.007954545454545454,0.019696969696969695,0.03143939393939394,0.005303030303030303,0.03939393939393939,0.016666666666666666,0.0428030303030303,0.020833333333333332,0.05757575757575758,0.04734848484848485,0.017803030303030303,0.0,0.01818181818181818,0.007196969696969697,0.001893939393939394,0.0,0.0003787878787878788,0.0,0.0011363636363636363,0.0,0.0,0.0,0.0,0.0,0.0,0.0,0.0,0.0003787878787878788,0.0003787878787878788,0.0015151515151515152,0.0,0.0011363636363636363
welding_0006_18-19-56_p6,0.07511820330969267,0.005141843971631205,0.00466903073286052,0.004491725768321513,0.003959810874704491,0.003309692671394799,0.003486997635933806,0.003368794326241135,0.00425531914893617,0.002955082742316785,0.009869976359338062,0.0007092198581560284,0.0008274231678486998,0.0,0.0001773049645390071,0.0011229314420803784,0.0002955082742316785,0.0001773049645390071,0.0,0.0,0.0,0.0,0.00011820330969267139,0.0003546099290780142,0.0,0.000591016548463357,0.0001773049645390071,0.00047281323877068556,0.0013002364066193853,0.003368794326241135,0.03646572104018912,0.007033096926713948,0.006323877068557919,0.013002364066193853,0.02056737588652482,0.036702127659574466,0.05573286052009456,0.12771867612293145,0.16347517730496453,0.12819148936170213,0.07021276595744681,0.056087470449172575,0.01950354609929078,0.013947990543735224,0.01578014184397163,0.01182033096926714,0.009810874704491726,0.007919621749408983,0.0070921985815602835,0.004491725768321513,0.017848699763593382,0.00425531914893617,0.004137115839243499,0.0031914893617021275,0.005437352245862884,0.0036052009456264775,0.005260047281323877,0.0034278959810874706,0.004550827423167848,0.006087470449172577
welding_0006_18-35-43_p0,0.007972972972972973,0.0009797297297297297,0.0010135135135135136,0.0010135135135135136,0.0011824324324324325,0.0007432432432432432,0.0014527027027027026,0.0008108108108108108,0.002195945945945946,0.0013175675675675676,0.004898648648648649,0.0013175675675675676,0.0011824324324324325,0.00023648648648648648,0.00033783783783783786,0.0008783783783783784,0.0005405405405405405,6.756756756756757e-05,0.00013513513513513514,0.0,0.0004391891891891892,0.00013513513513513514,0.0006418918918918918,0.0006756756756756757,0.0010135135135135136,0.003243243243243243,0.0024324324324324323,0.0015202702702702704,0.00222972972972973,0.00375,0.027060810810810812,0.007128378378378378,0.009189189189189189,0.012297297297297297,0.024087837837837838,0.035304054054054054,0.06418918918918919,0.12777027027027027,0.18297297297297296,0.08371621621621622,0.13962837837837838,0.1304391891891892,0.044459459459459456,0.01989864864864865,0.017905405405405406,0.006452702702702703,0.0052027027027027025,0.002060810810810811,0.0017905405405405405,0.0010135135135135136,0.006925675675675676,0.0002702702702702703,0.0012837837837837837,0.0005743243243243243,0.0005743243243243243,0.0015878378378378379,0.0007094594594594595,0.0005405405405405405,0.0002027027027027027,0.0004054054054054054
welding_0006_18-35-43_p1,0.03727180527383367,0.014515720081135903,0.02123478701825558,0.01939655172413793,0.020410750507099392,0.022692697768762676,0.016290567951318457,0.017494929006085194,0.019903651115618662,0.014135395537525354,0.02738336713995943,0.00690922920892495,0.007733265720081136,0.008050202839756592,0.009951825557809331,0.0023453346855983772,0.014262170385395538,0.010775862068965518,0.011346348884381338,0.0006338742393509128,0.009001014198782962,0.001394523326572008,0.017811866125760648,0.011790060851926978,0.005387931034482759,0.013121196754563894,0.00843052738336714,0.011346348884381338,0.0005070993914807302,0.0017748478701825558,0.004754056795131846,0.0024087221095334685,0.011536511156186613,0.00792342799188641,0.017748478701825558,0.014008620689655173,0.023580121703853957,0.014008620689655173,0.034482758620689655,0.009317951318458417,0.055083671399594324,0.03220081135902637,0.034926470588235295,0.013247971602434077,0.04075811359026369,0.018635902636916835,0.03575050709939148,0.021171399594320486,0.02136156186612576,0.00595841784989858,0.009634888438133874,0.00792342799188641,0.024023833671399594,0.014452332657200811,0.011346348884381338,0.019523326572008115,0.03454614604462475,0.05039300202839757,0.013945233265720081,0.012043610547667343
welding_0006_18-35-43_p2,0.016908212560386472,0.011426978818283166,0.012170196952805648,0.024154589371980676,0.026570048309178744,0.030193236714975844,0.016164994425863992,0.014957264957264958,0.024340393905611296,0.008918617614269788,0.016908212560386472,0.03855444072835377,0.005945745076179859,0.0009290226681531029,0.001579338535860275,0.0003716090672612412,0.0013935340022296545,0.00046451133407655144,0.0001858045336306206,0.0,9.29022668153103e-05,0.0,0.0002787068004459309,0.0002787068004459309,0.0,0.002787068004459309,0.0003716090672612412,0.0005574136008918618,0.0,0.0,0.0012077294685990338,0.0,0.002229654403567447,0.0011148272017837235,0.005481233742103307,0.023318468970642884,0.06465997770345597,0.12058714232627277,0.1859903381642512,0.07534373838721665,0.04672984020810108,0.04134150873281308,0.017094017094017096,0.009847640282422892,0.015235971757710888,0.008825715347454478,0.0126347082868822,0.008082497212931996,0.00641025641025641,0.005574136008918618,0.006967670011148272,0.004830917874396135,0.007060572277963582,0.00975473801560758,0.016908212560386472,0.011891490152359718,0.011334076551467856,0.006038647342995169,0.008732813080639168,0.008268301746562616
welding_0006_18-35-43_p3,0.0745018115942029,0.016606280193236716,0.01947463768115942,0.018644323671497584,0.017814009661835748,0.008303140096618358,0.008907004830917874,0.0036231884057971015,0.005434782608695652,0.005585748792270531,0.015096618357487922,0.005434782608695652,0.007397342995169082,0.005963164251207729,0.00581219806763285,0.0014341787439613527,0.010643115942028986,0.003321256038647343,0.002943840579710145,0.00022644927536231884,0.008076690821256038,0.0008303140096618357,0.008605072463768116,0.004302536231884058,0.0018115942028985507,0.020153985507246376,0.006642512077294686,0.011473429951690822,0.0,0.00015096618357487922,0.0020380434782608695,0.0,0.008831521739130434,0.0006038647342995169,0.00966183574879227,0.002717391304347826,0.04846014492753623,0.015172101449275362,0.06385869565217392,0.010265700483091788,0.11971618357487923,0.04672403381642512,0.05329106280193237,0.012907608695652174,0.04008152173913043,0.012379227053140096,0.026871980676328504,0.010869565217391304,0.013134057971014492,0.0038496376811594205,0.008529589371980676,0.006491545893719807,0.01351147342995169,0.007170893719806763,0.010492149758454106,0.024456521739130436,0.034948671497584544,0.059254227053140096,0.017964975845410628,0.016530797101449276
welding_0006_18-35-43_p4,0.038656267104542966,0.00451559934318555,0.0120415982484948,0.009099616858237548,0.011083743842364532,0.007594417077175698,0.013615216201423098,0.019430760810071154,0.026683087027914613,0.01081007115489874,0.03776683087027915,0.03728790366721401,0.02894088669950739,0.01744663382594417,0.017925561029009305,0.013409961685823755,0.03071975916803503,0.015873015873015872,0.0166256157635468,0.009578544061302681,0.009510125889436234,0.0021893814997263274,0.005815544608648057,0.0015736179529282977,0.0016420361247947454,0.013204707170224412,0.0051313628899835794,0.0069786535303776685,0.00013683634373289546,0.0011631089217296114,0.016420361247947456,0.0010946907498631637,0.00992063492063492,0.005747126436781609,0.02175697865353038,0.007252326217843459,0.04837164750957854,0.026683087027914613,0.06321839080459771,0.019088669950738917,0.0841543513957307,0.08832785987958401,0.05788177339901478,0.017925561029009305,0.015736179529282978,0.004584017515051998,0.016762452107279693,0.004584017515051998,0.006841817186644773,0.002257799671592775,0.009715380405035577,0.0038998357963875205,0.006294471811713191,0.003284072249589491,0.003078817733990148,0.009236453201970444,0.007457580733442802,0.006294471811713191,0.001984126984126984,0.003694581280788177
welding_0006_18-35-43_p5,0.01532451923076923,0.007912660256410256,0.008713942307692308,0.015524839743589744,0.019731570512820512,0.022035256410256412,0.014723557692307692,0.006710737179487179,0.010216346153846154,0.006209935897435897,0.007211538461538462,0.001001602564102564,0.000500801282051282,0.0,0.00020032051282051281,0.0,0.000500801282051282,0.0,0.0,0.0,0.0,0.0,0.0,0.0,0.0,0.0026041666666666665,0.0,0.0006009615384615385,0.0,0.0,0.0038060897435897435,0.0,0.008613782051282052,0.0035056089743589745,0.01622596153846154,0.029346955128205128,0.08443509615384616,0.17868589743589744,0.2189503205128205,0.0719150641025641,0.053084935897435896,0.03615785256410257,0.013721955128205128,0.007311698717948718,0.012419871794871794,0.006209935897435897,0.008613782051282052,0.006209935897435897,0.0078125,0.003205128205128205,0.006209935897435897,0.0026041666666666665,0.006009615384615385,0.005008012820512821,0.006610576923076923,0.00921474358974359,0.016526442307692308,0.01201923076923077,0.015524839743589744,0.01031650641025641
welding_0006_18-35-43_p6,0.10551242236024845,0.038198757763975154,0.07135093167701863,0.030667701863354036,0.038198757763975154,0.03920807453416149,0.04355590062111801,0.05496894409937888,0.07135093167701863,0.03835403726708075,0.07430124223602484,0.10566770186335404,0.02298136645962733,0.01048136645962733,0.012577639751552796,0.008695652173913044,0.008850931677018633,0.0031832298136645963,0.0007763975155279503,0.0,0.004270186335403727,0.0005434782608695652,0.0010093167701863354,0.0002329192546583851,7.763975155279503e-05,0.004658385093167702,0.0020962732919254656,0.002562111801242236,0.0,0.0,0.0006211180124223603,0.0,0.0010093167701863354,0.0,7.763975155279503e-05,0.00015527950310559007,0.0012422360248447205,7.763975155279503e-05,0.00031055900621118014,0.0,0.0038819875776397515,0.0008540372670807453,0.003027950310559006,0.0009316770186335404,0.006909937888198758,0.0017857142857142857,0.011335403726708075,0.006909937888198758,0.010326086956521738,0.002872670807453416,0.005900621118012423,0.002406832298136646,0.014906832298136646,0.010248447204968944,0.010093167701863354,0.01684782608695652,0.044099378881987575,0.022593167701863353,0.008074534161490683,0.01816770186335404
welding_0007_17-38-16_p0,0.028550664451827242,0.009378460686600221,0.01744186046511628,0.02387873754152824,0.036233388704318935,0.03426079734219269,0.04609634551495016,0.06637596899224807,0.05654761904761905,0.008028792912513842,0.03263427464008859,0.024120985603543744,0.027304817275747507,0.0037721483942414176,0.03509136212624585,0.004187430786267996,0.015330841638981173,0.005537098560354375,0.011108803986710963,0.004187430786267996,0.010278239202657807,0.005917774086378737,0.014431063122923589,0.005087209302325582,0.0004152823920265781,0.012666112956810631,0.0004152823920265781,0.003737541528239203,0.0,0.0,0.003495293466223699,0.0011074197120708748,0.00764811738648948,0.007959579180509413,0.018618493909191583,0.017684108527131783,0.03502214839424142,0.031699889258028795,0.03682170542635659,0.0010382059800664453,0.0520141196013289,0.02360188261351052,0.011697120708748615,0.00993217054263566,0.015919158361018825,0.003495293466223699,0.01778792912513843,0.01488095238095238,0.024501661129568107,0.0019725913621262458,0.012389258028792913,0.004914174972314507,0.017476467331118493,0.010416666666666666,0.011281838316722038,0.012423864894795127,0.027339424141749724,0.008305647840531562,0.006402270210409745,0.009136212624584718
welding_0007_17-38-16_p1,0.07838589981447125,0.0367965367965368,0.046072974644403214,0.04220779220779221,0.04089363017934446,0.036255411255411256,0.042053184910327765,0.03927025355596784,0.03130797773654916,0.00974025974025974,0.04274891774891775,0.03965677179962894,0.0195578231292517,0.008039579468150896,0.035173160173160176,0.0027056277056277055,0.04081632653061224,0.01004947433518862,0.023268398268398268,0.0095856524427953,0.022495361781076067,0.014919604205318491,0.06261595547309833,0.017393320964749538,0.005256648113790971,0.013605442176870748,0.005952380952380952,0.018630179344465057,0.002551020408163265,0.0021645021645021645,0.005875077303648732,0.003942486085343228,0.004406307977736549,0.0011595547309833025,0.0006184291898577613,0.0,0.01893939393939394,0.00023191094619666049,0.002937538651824366,0.0,0.02257266542980829,0.00015460729746444033,0.002396413110698825,7.730364873222017e-05,0.0012368583797155227,0.00023191094619666049,0.0063388991960420535,0.0006957328385899814,0.0013141620284477427,0.0,0.00046382189239332097,7.730364873222017e-05,0.0033240568954854667,0.001932591218305504,0.0036332714904143476,0.014842300556586271,0.013914656771799629,0.017393320964749538,0.030998763141620284,0.04012059369202226
welding_0007_17-38-16_p2,0.033200152207001524,0.008656773211567732,0.013127853881278538,0.017408675799086757,0.01721841704718417,0.016076864535768644,0.02207001522070015,0.03519786910197869,0.013127853881278538,0.006944444444444444,0.01750380517503805,0.006468797564687975,0.01341324200913242,0.0005707762557077625,0.035578386605783864,0.0,0.016171993911719938,0.002378234398782344,0.014364535768645357,0.0,0.00228310502283105,0.0,0.003900304414003044,0.000380517503805175,0.0,0.01265220700152207,0.0013318112633181126,0.006183409436834094,0.0,0.0,0.003995433789954338,0.0,0.006659056316590563,0.00047564687975646877,0.00837138508371385,0.0056126331811263315,0.02302130898021309,0.014364535768645357,0.025970319634703195,0.0,0.0518455098934551,0.0441400304414003,0.018074581430745813,0.023496955859969557,0.036244292237442924,0.008656773211567732,0.04594748858447489,0.040144596651445964,0.07096651445966515,0.006278538812785388,0.02863394216133942,0.012461948249619482,0.0594558599695586,0.03719558599695586,0.01921613394216134,0.01141552511415525,0.048420852359208524,0.017028158295281582,0.0048515981735159815,0.010844748858447488
welding_0007_17-38-16_p3,0.031018027571580065,0.011267232237539766,0.01524390243902439,0.019220572640509012,0.01683457051961824,0.012990455991516436,0.026511134676564158,0.034729586426299044,0.01842523860021209,0.009676564156945917,0.024655355249204668,0.028366914103923647,0.022667020148462353,0.004109225874867444,0.0535524920466596,0.003976670201484623,0.02014846235418876,0.004904559915164369,0.021076352067868506,0.004109225874867444,0.0027836691410392366,0.0011930010604453872,0.006362672322375398,0.005832449628844115,0.0,0.006892895015906681,0.00039766702014846237,0.003181336161187699,0.0,0.0,0.0,0.0,0.0005302226935312832,0.0,0.0,0.0,0.0023860021208907743,0.003711558854718982,0.00039766702014846237,0.0,0.046394485683987276,0.03804347826086957,0.008881230116648993,0.022932131495227995,0.03274125132555673,0.008748674443266172,0.05222693531283139,0.04122481442205726,0.06694061505832449,0.004374337221633086,0.026378579003181336,0.009941675503711559,0.053154825026511136,0.04095970307529162,0.026908801696712618,0.013123011664899258,0.05222693531283139,0.018292682926829267,0.006892895015906681,0.012460233297985153
welding_0007_17-38-16_p4,0.03402039007092199,0.006759751773049646,0.014849290780141845,0.005984042553191489,0.012411347517730497,0.007535460992907801,0.007646276595744681,0.0014406028368794325,0.0018838652482269503,0.0,0.008643617021276596,0.0003324468085106383,0.002216312056737589,0.0,0.00011081560283687943,0.0011081560283687944,0.0009973404255319148,0.00022163120567375886,0.0,0.0,0.0006648936170212766,0.00011081560283687943,0.0024379432624113476,0.0007757092198581561,0.0037677304964539005,0.006648936170212766,0.01374113475177305,0.0019946808510638296,0.012189716312056738,0.01761968085106383,0.051418439716312055,0.038453014184397165,0.04875886524822695,0.07701684397163121,0.08732269503546099,0.07579787234042554,0.05263741134751773,0.07424645390070922,0.045545212765957445,0.004100177304964539,0.03679078014184397,0.01795212765957447,0.014073581560283687,0.013187056737588652,0.020500886524822695,0.004100177304964539,0.01551418439716312,0.005097517730496454,0.012411347517730497,0.0013297872340425532,0.014738475177304965,0.0017730496453900709,0.01174645390070922,0.00986258865248227,0.005429964539007092,0.03523936170212766,0.018617021276595744,0.0355718085106383,0.0,0.004654255319148936
welding_0007_17-38-22_p0,0.03679487179487179,0.018974358974358976,0.012435897435897436,0.021794871794871794,0.0208974358974359,0.028333333333333332,0.01358974358974359,0.013205128205128204,0.046153846153846156,0.04717948717948718,0.028076923076923076,0.03512820512820513,0.011025641025641025,0.0041025641025641026,0.01,0.0015384615384615385,0.005128205128205128,0.003717948717948718,0.004871794871794872,0.0,0.0014102564102564104,0.0,0.0035897435897435897,0.0016666666666666668,0.0001282051282051282,0.003076923076923077,0.002692307692307692,0.002307692307692308,0.001153846153846154,0.0021794871794871794,0.005384615384615384,0.0034615384615384616,0.0071794871794871795,0.002692307692307692,0.00641025641025641,0.007948717948717949,0.029743589743589743,0.05987179487179487,0.11076923076923077,0.05705128205128205,0.05615384615384615,0.04384615384615385,0.012948717948717948,0.009230769230769232,0.00858974358974359,0.0071794871794871795,0.010128205128205128,0.007435897435897436,0.004615384615384616,0.004358974358974359,0.0035897435897435897,0.003076923076923077,0.0041025641025641026,0.0057692307692307696,0.00782051282051282,0.015,0.02,0.025256410256410258,0.041923076923076924,0.037307692307692306
welding_0007_17-38-22_p1,0.03319444444444444,0.03388888888888889,0.029861111111111113,0.041666666666666664,0.03944444444444444,0.04902777777777778,0.029861111111111113,0.02625,0.024444444444444446,0.0077777777777777776,0.009027777777777777,0.017638888888888888,0.00986111111111111,0.002361111111111111,0.007083333333333333,0.0022222222222222222,0.008472222222222223,0.006111111111111111,0.0044444444444444444,0.002777777777777778,0.007222222222222222,0.0018055555555555555,0.007916666666666667,0.00625,0.004861111111111111,0.00375,0.004722222222222222,0.0009722222222222222,0.0005555555555555556,0.0018055555555555555,0.00875,0.0043055555555555555,0.015555555555555555,0.02388888888888889,0.018333333333333333,0.023333333333333334,0.02652777777777778,0.06125,0.12805555555555556,0.022222222222222223,0.0636111111111111,0.04555555555555556,0.011111111111111112,0.005138888888888889,0.00875,0.007638888888888889,0.010138888888888888,0.006666666666666667,0.0043055555555555555,0.004027777777777778,0.005277777777777778,0.0019444444444444444,0.0038888888888888888,0.005138888888888889,0.005277777777777778,0.01,0.01125,0.005138888888888889,0.01125,0.01638888888888889
welding_0007_17-38-22_p2,0.031108597285067874,0.01742081447963801,0.017194570135746608,0.02194570135746606,0.034502262443438916,0.042986425339366516,0.019683257918552036,0.014027149321266969,0.01753393665158371,0.023868778280542985,0.012782805429864253,0.010520361990950227,0.0016968325791855204,0.00033936651583710406,0.0013574660633484162,0.00022624434389140272,0.00045248868778280545,0.0,0.00022624434389140272,0.0,0.00033936651583710406,0.0,0.00045248868778280545,0.0,0.0,0.00022624434389140272,0.0,0.0007918552036199095,0.0,0.0,0.0005656108597285068,0.0,0.0014705882352941176,0.0,0.0036199095022624436,0.005656108597285068,0.0330316742081448,0.055995475113122174,0.07375565610859729,0.04581447963800905,0.067420814479638,0.08472850678733032,0.024660633484162895,0.022963800904977377,0.021380090497737557,0.014705882352941176,0.014819004524886877,0.011538461538461539,0.012895927601809954,0.0082579185520362,0.00916289592760181,0.0058823529411764705,0.01334841628959276,0.01730769230769231,0.029638009049773754,0.025791855203619908,0.0335972850678733,0.021040723981900454,0.03461538461538462,0.03665158371040724
welding_0007_17-38-22_p3,0.013066202090592335,0.0029036004645760743,0.008710801393728223,0.02264808362369338,0.03164924506387921,0.052845528455284556,0.05807200929152149,0.08710801393728224,0.1135307781649245,0.15534262485481998,0.1443089430894309,0.08333333333333333,0.017711962833914054,0.004355400696864111,0.017711962833914054,0.003193960511033682,0.010743321718931475,0.0040650406504065045,0.004355400696864111,0.0,0.0014518002322880372,0.0,0.0029036004645760743,0.0008710801393728223,0.0,0.004355400696864111,0.0014518002322880372,0.0029036004645760743,0.0,0.0,0.0029036004645760743,0.0,0.002613240418118467,0.0011614401858304297,0.005226480836236934,0.0011614401858304297,0.007549361207897794,0.006678281068524971,0.01596980255516841,0.02148664343786295,0.036585365853658534,0.029036004645760744,0.003484320557491289,0.0014518002322880372,0.003193960511033682,0.00029036004645760743,0.0029036004645760743,0.00029036004645760743,0.0005807200929152149,0.0,0.0,0.0,0.0,0.0,0.0,0.0029036004645760743,0.003484320557491289,0.0014518002322880372,0.0,0.0
welding_0007_17-38-22_p4,0.08791666666666667,0.008333333333333333,0.012916666666666667,0.01125,0.01125,0.01875,0.027916666666666666,0.04791666666666667,0.04,0.00875,0.06041666666666667,0.013333333333333334,0.01125,0.007083333333333333,0.015416666666666667,0.01,0.051666666666666666,0.01125,0.01375,0.0016666666666666668,0.004166666666666667,0.004166666666666667,0.004583333333333333,0.0033333333333333335,0.0008333333333333334,0.1075,0.005,0.027083333333333334,0.0,0.0,0.03625,0.0,0.005416666666666667,0.0,0.002916666666666667,0.002916666666666667,0.035416666666666666,0.00875,0.0375,0.0,0.0425,0.03375,0.02,0.0075,0.01875,0.002916666666666667,0.02875,0.011666666666666667,0.011666666666666667,0.0016666666666666668,0.015833333333333335,0.002916666666666667,0.015,0.004583333333333333,0.0025,0.01125,0.004583333333333333,0.004583333333333333,0.0016666666666666668,0.00125
welding_0007_17-38-22_p5,0.030226274907125972,0.01038500506585613,0.016041877744005402,0.016041877744005402,0.021783181357649443,0.030141843971631204,0.03199932455251604,0.018912529550827423,0.015873015873015872,0.003630530226274907,0.011735900033772374,0.004981425194191151,0.0060790273556231,0.0004221546774738264,0.000591016548463357,0.00025329280648429586,0.002195204322863897,0.0,0.0005065856129685917,0.0,0.0004221546774738264,0.0,0.002026342451874367,0.0007598784194528875,0.0,0.013931104356636272,0.0004221546774738264,0.0028706518068220195,0.0,0.0,0.003292806484295846,0.0,0.008274231678486997,0.0022796352583586625,0.015704154002026342,0.010300574130361364,0.03419452887537994,0.05209388720027018,0.09549138804457953,0.048547787909490034,0.14454576156703816,0.12166497804795677,0.03326578858493752,0.017983789260385005,0.025329280648429583,0.008527524484971294,0.017392772711921647,0.008358662613981762,0.013086795001688618,0.004137115839243499,0.005319148936170213,0.005319148936170213,0.010807159743329957,0.008696386355960824,0.010469436001350895,0.014522120905099628,0.010300574130361364,0.008611955420466059,0.009625126646403243,0.009625126646403243
welding_0007_17-38-22_p6,0.06815159574468085,0.0026595744680851063,0.010970744680851064,0.005651595744680851,0.008643617021276596,0.013962765957446808,0.022938829787234043,0.022606382978723406,0.026595744680851064,0.007978723404255319,0.04720744680851064,0.018284574468085107,0.012632978723404254,0.00997340425531915,0.0269281914893617,0.015292553191489361,0.03922872340425532,0.012965425531914893,0.018949468085106384,0.002327127659574468,0.005984042553191489,0.006981382978723404,0.003989361702127659,0.004654255319148936,0.004321808510638298,0.1040558510638298,0.016289893617021278,0.04222074468085106,0.012300531914893617,0.008643617021276596,0.045545212765957445,0.02127659574468085,0.01695478723404255,0.011968085106382979,0.011968085106382979,0.018284574468085107,0.025930851063829786,0.01761968085106383,0.02892287234042553,0.0,0.0495345744680851,0.03291223404255319,0.01695478723404255,0.005984042553191489,0.015625,0.0029920212765957447,0.014295212765957447,0.00964095744680851,0.007978723404255319,0.0003324468085106383,0.012300531914893617,0.002327127659574468,0.007646276595744681,0.0036569148936170214,0.0016622340425531915,0.007978723404255319,0.0013297872340425532,0.0036569148936170214,0.0009973404255319148,0.0003324468085106383
welding_0007_17-38-22_p7,0.0375,0.029545454545454545,0.029545454545454545,0.025,0.029166666666666667,0.01553030303030303,0.02727272727272727,0.020075757575757577,0.033712121212121214,0.007575757575757576,0.014015151515151515,0.00946969696969697,0.0125,0.0011363636363636363,0.015151515151515152,0.0007575757575757576,0.02462121212121212,0.015151515151515152,0.011742424242424242,0.007575757575757576,0.01893939393939394,0.004924242424242424,0.023863636363636365,0.016666666666666666,0.0125,0.013636363636363636,0.006818181818181818,0.006060606060606061,0.0015151515151515152,0.0022727272727272726,0.010606060606060607,0.0015151515151515152,0.013257575757575758,0.006060606060606061,0.007575757575757576,0.015151515151515152,0.02234848484848485,0.03068181818181818,0.11969696969696969,0.06098484848484848,0.0981060606060606,0.03484848484848485,0.008333333333333333,0.003409090909090909,0.004545454545454545,0.004166666666666667,0.003787878787878788,0.0003787878787878788,0.003409090909090909,0.0030303030303030303,0.0022727272727272726,0.0003787878787878788,0.0022727272727272726,0.003409090909090909,0.003787878787878788,0.0026515151515151517,0.004166666666666667,0.003787878787878788,0.024242424242424242,0.026893939393939394
welding_0007_17-38-22_p8,0.0567741935483871,0.02903225806451613,0.03096774193548387,0.04548387096774194,0.06741935483870967,0.07225806451612904,0.023870967741935485,0.012580645161290323,0.022903225806451613,0.00967741935483871,0.00903225806451613,0.0,0.0016129032258064516,0.0,0.0,0.0,0.0,0.0,0.0,0.0,0.0,0.0,0.0,0.0,0.0,0.0,0.0,0.0,0.0,0.0,0.0,0.0,0.0,0.0,0.0025806451612903226,0.004838709677419355,0.0064516129032258064,0.0012903225806451613,0.015161290322580645,0.01,0.01064516129032258,0.01967741935483871,0.01129032258064516,0.01870967741935484,0.014516129032258065,0.015483870967741935,0.017096774193548388,0.00935483870967742,0.01129032258064516,0.00967741935483871,0.00903225806451613,0.008387096774193548,0.023870967741935485,0.03387096774193549,0.0664516129032258,0.05129032258064516,0.06419354838709677,0.03870967741935484,0.07225806451612904,0.07225806451612904
welding_0007_17-38-22_p9,0.04528188724510196,0.020791683326669332,0.03058776489404238,0.031487405037984806,0.030387844862055178,0.029388244702119152,0.020491803278688523,0.015193922431027589,0.01479408236705318,0.0013994402239104358,0.00939624150339864,0.011195521791283487,0.007197121151539384,0.0005997600959616154,0.00899640143942423,0.0,0.011195521791283487,0.0012994802079168333,0.003198720511795282,0.0,0.003598560575769692,9.996001599360256e-05,0.004398240703718513,0.0012994802079168333,0.0016993202718912435,0.025189924030387844,0.002099160335865654,0.003398640543782487,0.0007996801279488205,0.0009996001599360256,0.0010995601759296281,0.0005997600959616154,0.008096761295481807,0.0030987604958016795,0.01089564174330268,0.0028988404638144744,0.050979608156737306,0.020991603358656536,0.06837265093962415,0.0016993202718912435,0.1207516993202719,0.0971611355457817,0.04198320671731307,0.012594962015193922,0.022990803678528588,0.005197920831667333,0.022491003598560575,0.0059976009596161535,0.010595761695321872,0.0030987604958016795,0.005597760895641743,0.005297880847660936,0.01289484206317473,0.010495801679328268,0.01679328268692523,0.014194322271091563,0.023890443822471012,0.01479408236705318,0.024890043982407038,0.02309076369452219
welding_0007_18-06-30_p0,0.07987682252388134,0.005718954248366013,0.006787330316742082,0.004210658622423328,0.00798139768728004,0.004147812971342383,0.010683760683760684,0.01439165409753645,0.01583710407239819,0.0111236802413273,0.01583710407239819,0.006221719457013574,0.001256913021618904,6.284565108094519e-05,0.0011312217194570137,6.284565108094519e-05,0.005656108597285068,0.00025138260432378077,0.000314228255404726,0.0,0.0022624434389140274,0.0,0.0005656108597285068,0.00012569130216189038,0.0001885369532428356,0.02042483660130719,0.0014454499748617396,0.00314228255404726,0.0,0.0011940673705379589,0.002136752136752137,0.0020739064856711916,0.013763197586726998,0.011186525892408246,0.03663901458019105,0.015899949723479134,0.038838612368024134,0.017031171442936147,0.0654851684263449,0.0001885369532428356,0.13788335847159378,0.08553293112116642,0.05536701860231272,0.012003519356460534,0.035005027652086476,0.003582202111613876,0.02004776269482152,0.002513826043237808,0.00992961287078934,0.00012569130216189038,0.004462041226747109,0.001005530417295123,0.012506284565108095,0.00773001508295626,0.03915284062342886,0.02319004524886878,0.07013574660633484,0.00641025641025641,0.03387380593262946,0.015397184514831574
welding_0007_18-06-30_p1,0.07687687687687687,0.0063813813813813815,0.02364864864864865,0.015015015015015015,0.019594594594594596,0.006906906906906907,0.01839339339339339,0.009834834834834836,0.013588588588588588,0.012537537537537537,0.01433933933933934,0.00457957957957958,0.0016516516516516516,0.00022522522522522523,0.0009009009009009009,0.00037537537537537537,0.0013513513513513514,0.00037537537537537537,0.000975975975975976,0.0,0.0033783783783783786,0.0,0.0009009009009009009,0.0006006006006006006,0.0,0.00533033033033033,0.001051051051051051,0.0013513513513513514,0.0,0.00022522522522522523,0.0024774774774774773,0.0025525525525525524,0.016216216216216217,0.011861861861861863,0.03183183183183183,0.01659159159159159,0.08430930930930931,0.09264264264264264,0.0481981981981982,0.00578078078078078,0.11929429429429429,0.01719219219219219,0.03333333333333333,0.016216216216216217,0.0653903903903904,0.017867867867867867,0.022972972972972974,0.00457957957957958,0.006606606606606606,0.00045045045045045046,0.0015015015015015015,0.0008258258258258258,0.0045045045045045045,0.007957957957957958,0.017717717717717716,0.0240990990990991,0.05067567567567568,0.005405405405405406,0.01696696696696697,0.013588588588588588
welding_0007_18-06-30_p2,0.04634946677604594,0.0478876127973749,0.03794093519278097,0.056808859721082856,0.052399507793273174,0.10069729286300245,0.06890894175553733,0.09300656275635767,0.07311320754716981,0.021431501230516816,0.08388022969647252,0.03219852337981952,0.02532813781788351,0.013022969647251846,0.03373666940114848,0.011894995898277276,0.015689089417555372,0.0021534044298605415,0.0013330598851517637,0.0007178014766201805,0.0025635767022149304,0.001948318293683347,0.0037940935192780968,0.002050861361771944,0.002255947497949139,0.003383921246923708,0.004922067268252666,0.002871205906480722,0.0025635767022149304,0.0030762920426579163,0.005127153404429861,0.0031788351107465136,0.002255947497949139,0.0015381460213289581,0.001025430680885972,0.000512715340442986,0.0007178014766201805,0.0006152584085315833,0.0008203445447087777,0.0,0.0018457752255947497,0.0008203445447087777,0.000512715340442986,0.00010254306808859722,0.0009228876127973749,0.00041017227235438887,0.0008203445447087777,0.0006152584085315833,0.00041017227235438887,0.00010254306808859722,0.00030762920426579164,0.00020508613617719443,0.0008203445447087777,0.001025430680885972,0.0021534044298605415,0.005127153404429861,0.01579163248564397,0.02163658736669401,0.04070959803117309,0.04194011484823626
welding_0007_18-19-57_p0,0.007291666666666667,0.005989583333333334,0.0109375,0.009244791666666667,0.0125,0.017838541666666666,0.033463541666666666,0.051953125,0.06692708333333333,0.037109375,0.05390625,0.06588541666666667,0.039322916666666666,0.030208333333333334,0.052473958333333334,0.0328125,0.05755208333333333,0.037369791666666666,0.021354166666666667,0.006119791666666667,0.008984375,0.010546875,0.02265625,0.03854166666666667,0.04348958333333333,0.029036458333333334,0.024479166666666666,0.007552083333333333,0.005208333333333333,0.001171875,0.006640625,0.0009114583333333333,0.006510416666666667,0.000390625,0.004296875,0.002994791666666667,0.009895833333333333,0.0125,0.03723958333333333,0.00859375,0.03424479166666667,0.0109375,0.00078125,0.0009114583333333333,0.001171875,0.0005208333333333333,0.0013020833333333333,0.0005208333333333333,0.0006510416666666666,0.0,0.00026041666666666666,0.0,0.0015625,0.0006510416666666666,0.0033854166666666668,0.001171875,0.0049479166666666664,0.0024739583333333332,0.0006510416666666666,0.001953125
welding_0007_18-19-57_p1,0.01018018018018018,0.006576576576576576,0.0035135135135135136,0.007027027027027027,0.004234234234234234,0.002162162162162162,0.0035135135135135136,0.004414414414414414,0.0035135135135135136,0.0035135135135135136,0.0024324324324324323,0.00018018018018018018,9.009009009009009e-05,0.0,0.0,0.0002702702702702703,9.009009009009009e-05,0.0,0.0,0.0,0.0,0.0,0.0,0.0,0.0,9.009009009009009e-05,0.0,9.009009009009009e-05,9.009009009009009e-05,0.00036036036036036037,0.006036036036036036,0.0011711711711711711,0.0013513513513513514,0.004144144144144144,0.010990990990990991,0.024864864864864864,0.0381981981981982,0.1526126126126126,0.337027027027027,0.1627027027027027,0.04297297297297297,0.03927927927927928,0.02009009009009009,0.015765765765765764,0.011351351351351352,0.007477477477477477,0.011621621621621621,0.004864864864864865,0.004954954954954955,0.003063063063063063,0.0033333333333333335,0.002612612612612613,0.005855855855855856,0.005135135135135135,0.004414414414414414,0.003243243243243243,0.01036036036036036,0.0009009009009009009,0.007027027027027027,0.004234234234234234
welding_0007_18-19-57_p2,0.001997780244173141,0.0,0.0,0.0,0.0,0.0,0.0,0.00011098779134295228,0.0001664816870144284,5.549389567147614e-05,0.0007214206437291898,0.00011098779134295228,5.549389567147614e-05,0.0,0.0002774694783573807,0.00011098779134295228,0.0009988901220865706,0.0,5.549389567147614e-05,0.0,0.0,0.0,0.00038845726970033296,0.00011098779134295228,0.0,0.002386237513873474,0.0001664816870144284,0.0003329633740288568,0.0,0.0010543840177580466,0.011154273029966704,0.0034961154273029965,0.0046059933407325195,0.007713651498335183,0.011764705882352941,0.029411764705882353,0.06193118756936737,0.16798002219755828,0.2699778024417314,0.21847946725860157,0.11764705882352941,0.06470588235294118,0.01076581576026637,0.002774694783573807,0.003218645948945616,0.0014428412874583796,0.0009988901220865706,0.0008879023307436182,0.0006104328523862375,0.0002774694783573807,0.0002774694783573807,0.00011098779134295228,0.00011098779134295228,0.0,0.0002774694783573807,5.549389567147614e-05,0.00011098779134295228,0.0,0.0,0.00011098779134295228
welding_0007_18-19-57_p3,0.014257294429708222,0.010941644562334218,0.005526083112290009,0.009946949602122016,0.00618921308576481,0.001989389920424403,0.0022104332449160036,0.0033156498673740055,0.008068081343943413,0.005968169761273209,0.004199823165340406,0.0,0.0,0.0,0.0,0.0,0.0,0.0,0.0,0.0,0.0,0.0,0.0,0.0,0.0,0.001878868258178603,0.0,0.0,0.00011052166224580017,0.0,0.0027630415561450045,0.0005526083112290009,0.0014367816091954023,0.0022104332449160036,0.008952254641909815,0.016136162687886826,0.01790450928381963,0.11615826702033599,0.22369584438549955,0.21043324491600354,0.09748010610079576,0.03658267020335986,0.015915119363395226,0.017241379310344827,0.017351900972590626,0.020335985853227233,0.02508841732979664,0.014367816091954023,0.013594164456233421,0.010389036251105217,0.008289124668435014,0.004752431476569408,0.0065207780725022105,0.005526083112290009,0.005526083112290009,0.004310344827586207,0.008399646330680813,0.0014367816091954023,0.006852343059239611,0.005194518125552609
welding_0007_18-19-57_p4,0.01423611111111111,0.011111111111111112,0.009375,0.011111111111111112,0.008159722222222223,0.01032986111111111,0.006597222222222222,0.007725694444444445,0.004166666666666667,0.002864583333333333,0.0033854166666666668,0.011111111111111112,0.004079861111111111,0.003125,0.008854166666666666,0.00043402777777777775,0.005642361111111111,0.00026041666666666666,0.0011284722222222221,0.0,0.0,0.0,0.0012152777777777778,0.00017361111111111112,0.0,0.002690972222222222,8.680555555555556e-05,0.0011284722222222221,0.0,0.0,0.00546875,0.00043402777777777775,0.003732638888888889,0.01032986111111111,0.025347222222222222,0.03819444444444445,0.03975694444444444,0.10260416666666666,0.17786458333333333,0.15095486111111112,0.04626736111111111,0.05,0.019791666666666666,0.019010416666666665,0.01840277777777778,0.010416666666666666,0.006944444444444444,0.006336805555555556,0.009114583333333334,0.005208333333333333,0.00625,0.006510416666666667,0.009722222222222222,0.011805555555555555,0.018836805555555555,0.020572916666666666,0.02048611111111111,0.006423611111111111,0.012673611111111111,0.01154513888888889
welding_0007_18-19-57_p5,0.014106583072100314,0.0,0.001567398119122257,0.0,0.003918495297805642,0.0,0.00274294670846395,0.0023510971786833857,0.001567398119122257,0.0,0.016457680250783698,0.017241379310344827,0.04780564263322884,0.03644200626959248,0.08268025078369906,0.04114420062695925,0.1304858934169279,0.09051724137931035,0.05721003134796238,0.01371473354231975,0.03565830721003135,0.014106583072100314,0.009404388714733543,0.007053291536050157,0.001567398119122257,0.01293103448275862,0.010579937304075235,0.007445141065830721,0.011363636363636364,0.013322884012539185,0.01920062695924765,0.0054858934169279,0.014498432601880877,0.007836990595611285,0.019592476489028215,0.013322884012539185,0.027037617554858933,0.04231974921630094,0.05760188087774295,0.0,0.042711598746081506,0.004310344827586207,0.05446708463949843,0.0,0.00274294670846395,0.0,0.003918495297805642,0.0,0.0,0.0,0.0,0.0,0.0,0.0,0.0,0.0011755485893416929,0.0,0.00039184952978056425,0.0,0.0
welding_0007_18-35-43_p0,0.06951326143981347,0.016758962401632178,0.02317108714660449,0.019454969396677353,0.02215097639172253,0.022588166715243368,0.017924803264354416,0.009472457009618187,0.012897114543864762,0.008525211308656369,0.03300786942582337,0.009035266686097347,0.009618187117458467,0.004663363450888954,0.0056834742057709125,0.0016030311862430778,0.012459924220343923,0.002331681725444477,0.0026960069950451764,0.0003643252696006995,0.008015155931215389,0.0003643252696006995,0.0026960069950451764,0.0016758962401632177,0.0003643252696006995,0.03570387642086855,0.0024045467793646167,0.004444768289128534,0.0,0.0003643252696006995,0.001384436024482658,0.0,0.005173418828329933,0.0013115709705625181,0.0048819586126493736,0.001457301078402798,0.053701544739143105,0.02083940542116001,0.07352083940542116,0.013625765083066161,0.08117167006703585,0.04779947537161178,0.04408335762168464,0.016248907024191198,0.026887204896531625,0.005974934421451472,0.03526668609734771,0.008889536578257067,0.019236374234916934,0.001457301078402798,0.0061206645292917515,0.003133197318566016,0.012168464004663364,0.009180996793937628,0.00728650539201399,0.019017779073156514,0.02054794520547945,0.05960361410667444,0.026595744680851064,0.013480034975225881
welding_0007_18-35-43_p1,0.007635135135135135,0.0009459459459459459,0.0012837837837837837,0.0009459459459459459,0.002027027027027027,0.0029054054054054052,0.0027364864864864863,0.004189189189189189,0.002804054054054054,0.0005743243243243243,0.004864864864864865,0.00033783783783783786,0.002027027027027027,6.756756756756757e-05,0.0013175675675675676,0.0016216216216216215,0.004087837837837838,0.00016891891891891893,0.00047297297297297297,3.3783783783783784e-05,0.001418918918918919,0.00010135135135135135,0.0013513513513513514,0.00125,0.00125,0.008412162162162163,0.004054054054054054,0.003243243243243243,0.0019932432432432433,0.005,0.033547297297297295,0.009256756756756758,0.011891891891891892,0.012331081081081082,0.03168918918918919,0.04351351351351351,0.053817567567567566,0.1329054054054054,0.14905405405405406,0.03,0.17611486486486486,0.08537162162162162,0.05614864864864865,0.03114864864864865,0.02831081081081081,0.013648648648648648,0.009121621621621622,0.0036824324324324326,0.002195945945945946,0.0008445945945945946,0.008614864864864865,0.0006756756756756757,0.001081081081081081,0.0005405405405405405,0.0006081081081081081,0.0017905405405405405,0.001081081081081081,0.0008445945945945946,0.00047297297297297297,0.0005743243243243243
welding_0007_18-35-43_p2,0.036887254901960785,0.01446078431372549,0.023284313725490197,0.020526960784313725,0.020955882352941175,0.026409313725490196,0.02230392156862745,0.020159313725490197,0.021323529411764706,0.013357843137254901,0.02886029411764706,0.008946078431372548,0.009681372549019608,0.007781862745098039,0.010049019607843138,0.0022058823529411764,0.012745098039215686,0.007904411764705882,0.010784313725490196,0.0003676470588235294,0.00784313725490196,0.0015318627450980392,0.019362745098039216,0.014705882352941176,0.0045343137254901964,0.013725490196078431,0.006678921568627451,0.010355392156862745,0.0011642156862745098,0.0015931372549019608,0.004779411764705883,0.0032475490196078433,0.011948529411764705,0.006004901960784314,0.015196078431372549,0.012561274509803922,0.02689950980392157,0.019424019607843138,0.03811274509803922,0.008333333333333333,0.056372549019607844,0.053431372549019605,0.03670343137254902,0.02022058823529412,0.023100490196078433,0.014399509803921568,0.03167892156862745,0.015625,0.023774509803921567,0.0034926470588235296,0.008946078431372548,0.00428921568627451,0.01905637254901961,0.017830882352941176,0.008333333333333333,0.01636029411764706,0.019301470588235295,0.05110294117647059,0.021139705882352942,0.00784313725490196
welding_0007_18-35-43_p3,0.024084249084249085,0.014102564102564103,0.016391941391941393,0.025,0.035164835164835165,0.02454212454212454,0.012087912087912088,0.016483516483516484,0.022435897435897436,0.008241758241758242,0.01978021978021978,0.02912087912087912,0.009523809523809525,0.004945054945054945,0.00347985347985348,0.0002747252747252747,0.002106227106227106,0.0009157509157509158,0.001098901098901099,0.0,0.0003663003663003663,0.0,0.0010073260073260074,0.0002747252747252747,0.0,0.00173992673992674,0.0008241758241758242,0.0010073260073260074,0.0,0.0002747252747252747,0.003021978021978022,0.00018315018315018315,0.002380952380952381,0.0014652014652014652,0.009432234432234432,0.01684981684981685,0.08342490842490842,0.11721611721611722,0.11730769230769231,0.07976190476190476,0.05247252747252747,0.063003663003663,0.01694139194139194,0.012087912087912088,0.01575091575091575,0.005586080586080586,0.008333333333333333,0.006776556776556777,0.005311355311355312,0.002655677655677656,0.006776556776556777,0.0018315018315018315,0.005860805860805861,0.0062271062271062275,0.010256410256410256,0.015201465201465201,0.01684981684981685,0.009981684981684981,0.017582417582417582,0.014194139194139194
welding_0007_18-35-43_p4,0.02034412955465587,0.010020242914979757,0.012854251012145749,0.021356275303643726,0.02327935222672065,0.023178137651821862,0.008097165991902834,0.006477732793522267,0.012145748987854251,0.006477732793522267,0.011538461538461539,0.0017206477732793523,0.003036437246963563,0.00010121457489878542,0.0,0.00010121457489878542,0.0,0.0,0.0003036437246963563,0.0,0.0,0.0,0.0,0.0,0.0,0.005668016194331984,0.0,0.0005060728744939271,0.0,0.00010121457489878542,0.002327935222672065,0.00010121457489878542,0.00354251012145749,0.0004048582995951417,0.014271255060728745,0.020242914979757085,0.09301619433198381,0.1952429149797571,0.13623481781376517,0.06396761133603239,0.06831983805668017,0.0645748987854251,0.01771255060728745,0.012955465587044534,0.01325910931174089,0.007388663967611336,0.009008097165991902,0.006882591093117409,0.006275303643724696,0.002631578947368421,0.006275303643724696,0.0019230769230769232,0.0069838056680161945,0.0029352226720647774,0.007793522267206478,0.011133603238866396,0.013157894736842105,0.010526315789473684,0.01811740890688259,0.01548582995951417
welding_0007_18-35-43_p5,0.03321731234866828,0.004615617433414043,0.011501210653753027,0.009231234866828086,0.008852905569007264,0.010895883777239709,0.016116828087167072,0.011349878934624698,0.020732445520581115,0.01059322033898305,0.04222154963680387,0.042826876513317194,0.03140133171912833,0.016343825665859565,0.021564769975786924,0.014754842615012106,0.03321731234866828,0.016873486682808716,0.018613801452784504,0.008550242130750606,0.012484866828087167,0.002723970944309927,0.004842615012106538,0.0031023002421307505,0.0005296610169491525,0.01157687651331719,0.003934624697336562,0.0074909200968523,0.0001513317191283293,0.001286319612590799,0.01203087167070218,0.0003026634382566586,0.009155569007263923,0.0026483050847457626,0.01187953995157385,0.0076422518159806295,0.048047820823244554,0.05258777239709443,0.08164346246973365,0.028904358353510896,0.07218523002421308,0.04630750605326876,0.0625,0.015057506053268764,0.02307808716707022,0.006582929782082325,0.018084140435835352,0.008171912832929782,0.01672215496368039,0.0003026634382566586,0.0050696125907990315,0.0006053268765133172,0.0076422518159806295,0.00325363196125908,0.0018916464891041162,0.010214891041162228,0.004010290556900727,0.008323244552058112,0.0005296610169491525,0.003026634382566586
welding_0007_18-35-43_p6,0.1043144208037825,0.03775118203309693,0.07727541371158392,0.03531323877068558,0.04395685579196217,0.035830378250591016,0.04469562647754137,0.056072695035460994,0.0741725768321513,0.03834219858156029,0.07550236406619386,0.11650413711583925,0.020907210401891252,0.010490543735224586,0.007239952718676123,0.0070921985815602835,0.0062056737588652485,0.0010342789598108747,0.0002955082742316785,0.0,0.0036199763593380615,0.0,0.0006648936170212766,7.387706855791962e-05,0.00014775413711583924,0.002216312056737589,0.0005171394799054373,0.0010342789598108747,0.0,0.0,0.00014775413711583924,0.0,0.00022163120567375886,7.387706855791962e-05,7.387706855791962e-05,7.387706855791962e-05,0.0020685579196217494,0.00022163120567375886,0.0031767139479905435,0.00014775413711583924,0.004432624113475178,0.0012559101654846336,0.0025118203309692673,0.0005171394799054373,0.0036199763593380615,0.002142434988179669,0.004432624113475178,0.0026595744680851063,0.01159869976359338,0.0008865248226950354,0.005540780141843972,0.002142434988179669,0.01773049645390071,0.012337470449172577,0.012115839243498818,0.01551418439716312,0.032875295508274234,0.024970449172576833,0.01182033096926714,0.02341903073286052
welding_0008_17-38-17_p0,0.0309023915461624,0.006674082313681869,0.025827308120133483,0.026070634037819798,0.03848025583982202,0.03635984427141268,0.056208286985539486,0.05398359288097886,0.0676793659621802,0.009420189098998888,0.03837597330367074,0.020578420467185762,0.01988320355951057,0.0039279755283648495,0.023289766407119022,0.002468020022246941,0.0155380978865406,0.004379866518353727,0.01296579532814238,0.005874582869855395,0.01828420467185762,0.007508342602892102,0.01032397107897664,0.005075083426028921,0.0003128476084538376,0.011366796440489433,0.001042825361512792,0.003754171301446051,3.476084538375973e-05,0.0007647385984427142,0.0033370411568409346,0.002502780867630701,0.007056451612903226,0.009037819799777531,0.010115406006674082,0.007682146829810901,0.018979421579532814,0.06343854282536152,0.050298943270300336,0.00048665183537263625,0.061874304783092325,0.029511957730812013,0.0105325361512792,0.004206062291434927,0.014251946607341491,0.0012861512791991101,0.017449944382647384,0.007160734149054505,0.01171440489432703,0.0014599555061179088,0.00646551724137931,0.0033022803114571746,0.01727614015572859,0.0069869299221357066,0.01032397107897664,0.027495828698553947,0.020091768631813126,0.011123470522803115,0.0018770856507230255,0.005318409343715239
welding_0008_17-38-17_p1,0.07453846153846154,0.046,0.051076923076923075,0.03823076923076923,0.05384615384615385,0.03792307692307692,0.03553846153846154,0.045384615384615384,0.04269230769230769,0.012923076923076923,0.040846153846153845,0.03107692307692308,0.024153846153846154,0.011923076923076923,0.03469230769230769,0.005538461538461538,0.026384615384615385,0.015307692307692307,0.019230769230769232,0.008846153846153846,0.02246153846153846,0.012538461538461538,0.04446153846153846,0.011307692307692309,0.0033076923076923075,0.013923076923076923,0.008692307692307692,0.010923076923076923,0.0013076923076923077,0.0024615384615384616,0.006230769230769231,0.0043076923076923075,0.009384615384615385,0.001153846153846154,0.001153846153846154,0.0,0.011692307692307693,0.0003076923076923077,0.0017692307692307693,0.0,0.02446153846153846,0.0006923076923076923,0.0017692307692307693,7.692307692307693e-05,0.0014615384615384616,7.692307692307693e-05,0.004461538461538461,0.00023076923076923076,0.00046153846153846153,7.692307692307693e-05,0.0005384615384615384,0.00023076923076923076,0.0012307692307692308,0.0032307692307692306,0.0028461538461538463,0.009153846153846153,0.025384615384615384,0.021538461538461538,0.03992307692307692,0.038615384615384614
welding_0008_17-38-17_p2,0.021038587848932675,0.011494252873563218,0.019088669950738917,0.010262725779967159,0.012725779967159278,0.011494252873563218,0.013649425287356323,0.01611247947454844,0.027811986863711002,0.0040024630541871924,0.022885878489326765,0.04053776683087028,0.023809523809523808,0.002770935960591133,0.03150656814449918,0.002052545155993432,0.012417898193760263,0.002052545155993432,0.006055008210180624,0.005233990147783251,0.046182266009852216,0.012417898193760263,0.030582922824302135,0.008107553366174056,0.00010262725779967159,0.008620689655172414,0.000513136288998358,0.00451559934318555,0.00020525451559934318,0.00020525451559934318,0.0008210180623973727,0.0019499178981937603,0.006055008210180624,0.005952380952380952,0.011699507389162561,0.008004926108374385,0.012315270935960592,0.019088669950738917,0.017549261083743842,0.0,0.036535303776683084,0.03407224958949097,0.01919129720853859,0.007183908045977011,0.035919540229885055,0.003078817733990148,0.017651888341543513,0.030480295566502464,0.05798440065681445,0.0003078817733990148,0.03550903119868637,0.004823481116584565,0.04454022988505747,0.045463875205254516,0.02699096880131363,0.006670771756978653,0.0625,0.018986042692939246,0.008004926108374385,0.01221264367816092
welding_0008_17-38-17_p3,0.03794642857142857,0.0116921768707483,0.029443027210884355,0.014987244897959183,0.021577380952380952,0.007227891156462585,0.016262755102040817,0.004357993197278911,0.004357993197278911,0.0,0.011373299319727892,0.003401360544217687,0.0036139455782312926,0.0005314625850340137,0.004889455782312925,0.0005314625850340137,0.006483843537414966,0.00116921768707483,0.002657312925170068,0.00042517006802721087,0.005208333333333333,0.0012755102040816326,0.01328656462585034,0.01211734693877551,0.02264030612244898,0.013924319727891156,0.034545068027210885,0.009247448979591837,0.021683673469387755,0.041666666666666664,0.05102040816326531,0.05006377551020408,0.042091836734693876,0.03358843537414966,0.04921343537414966,0.045068027210884355,0.061224489795918366,0.04485544217687075,0.06101190476190476,0.0032950680272108845,0.03167517006802721,0.01987670068027211,0.012648809523809524,0.004464285714285714,0.014987244897959183,0.005314625850340136,0.010310374149659863,0.002657312925170068,0.00818452380952381,0.00116921768707483,0.007227891156462585,0.000744047619047619,0.007971938775510204,0.003720238095238095,0.0013818027210884354,0.013392857142857142,0.016900510204081634,0.022746598639455783,0.006164965986394558,0.008503401360544218
welding_0008_17-38-17_p4,0.03140096618357488,0.023215244229736982,0.030327428878153515,0.020263016639828234,0.02200751476113795,0.019592055823939882,0.01892109500805153,0.027509393451422438,0.03985507246376811,0.005367686527106817,0.01825013419216318,0.04374664519592056,0.0190552871712292,0.0029522275899087494,0.016505636070853463,0.0014761137949543747,0.007246376811594203,0.001610305958132045,0.004025764895330112,0.0065754159957058505,0.04575952764358562,0.014492753623188406,0.03864734299516908,0.0008051529790660225,0.0,0.006038647342995169,0.0010735373054213634,0.006172839506172839,0.0,0.00026838432635534085,0.0014761137949543747,0.0,0.006038647342995169,0.0005367686527106817,0.008722490606548578,0.006038647342995169,0.00912506709608159,0.006977992485238862,0.010601180891035964,0.0,0.008722490606548578,0.008454106280193236,0.011540526033279656,0.0014761137949543747,0.02241009125067096,0.004025764895330112,0.017176596886741814,0.03636607622114869,0.0644122383252818,0.0006709608158883522,0.04482018250134192,0.004696725711218465,0.045491143317230275,0.04455179817498658,0.03878153515834675,0.009259259259259259,0.06320450885668277,0.024154589371980676,0.008454106280193236,0.01865271068169619
welding_0008_17-38-23_p0,0.022352647352647352,0.012112887112887112,0.00999000999000999,0.019605394605394604,0.03883616383616384,0.037337662337662336,0.01560939060939061,0.0241008991008991,0.03671328671328671,0.019230769230769232,0.05357142857142857,0.0757992007992008,0.011613386613386614,0.003121878121878122,0.006618381618381618,0.0004995004995004995,0.0036213786213786215,0.0013736263736263737,0.001123876123876124,0.0,0.0023726273726273725,0.0003746253746253746,0.0013736263736263737,0.0004995004995004995,0.0016233766233766235,0.00487012987012987,0.006868131868131868,0.001123876123876124,0.001998001998001998,0.003871128871128871,0.005744255744255744,0.005494505494505495,0.01073926073926074,0.01023976023976024,0.012737262737262738,0.018356643356643356,0.021728271728271728,0.053946053946053944,0.09365634365634366,0.061063936063936064,0.039460539460539464,0.04895104895104895,0.01635864135864136,0.006868131868131868,0.007742257742257742,0.007367632367632368,0.005494505494505495,0.006243756243756244,0.006743256743256743,0.00462037962037962,0.003871128871128871,0.00462037962037962,0.007242757242757243,0.004745254745254745,0.00949050949050949,0.00974025974025974,0.018606393606393608,0.016108891108891108,0.03384115884115884,0.029970029970029972
welding_0008_17-38-23_p1,0.044308035714285716,0.044308035714285716,0.0234375,0.02890625,0.033035714285714286,0.04732142857142857,0.01763392857142857,0.019642857142857142,0.010491071428571428,0.007254464285714286,0.007142857142857143,0.027678571428571427,0.016629464285714286,0.002455357142857143,0.0030133928571428573,0.0004464285714285714,0.0015625,0.0006696428571428571,0.0006696428571428571,0.00011160714285714285,0.0002232142857142857,0.0003348214285714286,0.0006696428571428571,0.0004464285714285714,0.0004464285714285714,0.0008928571428571428,0.0008928571428571428,0.00011160714285714285,0.00011160714285714285,0.0004464285714285714,0.0004464285714285714,0.0006696428571428571,0.0016741071428571428,0.0010044642857142856,0.004575892857142857,0.018861607142857142,0.036383928571428574,0.04296875,0.09977678571428572,0.06886160714285715,0.032924107142857144,0.05022321428571429,0.02075892857142857,0.014955357142857144,0.01640625,0.012165178571428572,0.014174107142857143,0.008928571428571428,0.010825892857142857,0.003125,0.007477678571428572,0.008370535714285714,0.02299107142857143,0.02109375,0.018080357142857145,0.0203125,0.027678571428571427,0.018861607142857142,0.025223214285714286,0.02890625
welding_0008_17-38-23_p2,0.022727272727272728,0.007658102766798419,0.011610671936758894,0.0133399209486166,0.015316205533596838,0.019021739130434784,0.02050395256916996,0.009140316205533596,0.016551383399209488,0.004940711462450593,0.004199604743083004,0.002223320158102767,0.0024703557312252965,0.0009881422924901185,0.002717391304347826,0.0009881422924901185,0.005928853754940711,0.0017292490118577075,0.001976284584980237,0.0009881422924901185,0.009387351778656126,0.002717391304347826,0.010128458498023716,0.011610671936758894,0.015563241106719368,0.011116600790513834,0.022974308300395256,0.009387351778656126,0.006175889328063241,0.009140316205533596,0.03359683794466403,0.033349802371541504,0.034337944664031624,0.016798418972332016,0.030632411067193676,0.03260869565217391,0.025938735177865612,0.050642292490118576,0.07213438735177866,0.054841897233201584,0.09930830039525691,0.06398221343873518,0.0266798418972332,0.008152173913043478,0.015563241106719368,0.003458498023715415,0.005681818181818182,0.0024703557312252965,0.004446640316205534,0.0004940711462450593,0.005681818181818182,0.0009881422924901185,0.0133399209486166,0.020256916996047432,0.02717391304347826,0.018527667984189724,0.011857707509881422,0.004940711462450593,0.003952569169960474,0.004940711462450593
welding_0008_17-38-23_p3,0.05210622710622711,0.022985347985347987,0.02728937728937729,0.02967032967032967,0.046886446886446886,0.023626373626373626,0.02197802197802198,0.010714285714285714,0.019963369963369962,0.002655677655677656,0.010714285714285714,0.00924908424908425,0.006135531135531135,0.001282051282051282,0.004945054945054945,0.002106227106227106,0.005036630036630037,0.002655677655677656,0.0032967032967032967,0.001098901098901099,0.005494505494505495,0.0004578754578754579,0.0035714285714285713,0.00641025641025641,0.0032967032967032967,0.00641025641025641,0.007600732600732601,0.0014652014652014652,0.0011904761904761906,0.0062271062271062275,0.006135531135531135,0.002564102564102564,0.009615384615384616,0.005311355311355312,0.008424908424908424,0.003021978021978022,0.011263736263736264,0.04212454212454213,0.07609890109890109,0.007142857142857143,0.09386446886446886,0.10329670329670329,0.050915750915750915,0.016575091575091575,0.02271062271062271,0.009615384615384616,0.016025641025641024,0.011721611721611722,0.01227106227106227,0.0035714285714285713,0.006043956043956044,0.007326007326007326,0.016758241758241758,0.011355311355311355,0.015293040293040292,0.019322344322344323,0.020695970695970695,0.011172161172161172,0.01282051282051282,0.02042124542124542
welding_0008_17-38-23_p4,0.02701863354037267,0.017701863354037266,0.013975155279503106,0.05015527950310559,0.06350931677018634,0.04145962732919255,0.021739130434782608,0.026397515527950312,0.01972049689440994,0.007298136645962733,0.007608695652173913,0.009937888198757764,0.008695652173913044,0.002173913043478261,0.004968944099378882,0.0010869565217391304,0.0037267080745341614,0.0027950310559006213,0.0029503105590062114,0.0006211180124223603,0.004347826086956522,0.0010869565217391304,0.0045031055900621115,0.002484472049689441,0.0055900621118012426,0.0015527950310559005,0.004037267080745342,0.002639751552795031,0.00031055900621118014,0.0006211180124223603,0.007608695652173913,0.006521739130434782,0.018788819875776398,0.029037267080745343,0.04192546583850932,0.04767080745341615,0.038664596273291926,0.10605590062111801,0.10031055900621118,0.04937888198757764,0.03400621118012422,0.03012422360248447,0.013509316770186335,0.006987577639751553,0.009782608695652175,0.004968944099378882,0.0055900621118012426,0.004347826086956522,0.006521739130434782,0.003260869565217391,0.0037267080745341614,0.002018633540372671,0.004658385093167702,0.0027950310559006213,0.005124223602484472,0.0035714285714285713,0.010248447204968944,0.004192546583850931,0.015372670807453416,0.02251552795031056
welding_0008_17-38-23_p5,0.07224462365591398,0.0678763440860215,0.037298387096774195,0.04704301075268817,0.06048387096774194,0.08400537634408602,0.015793010752688172,0.017137096774193547,0.01478494623655914,0.009408602150537635,0.008400537634408602,0.0030241935483870967,0.003696236559139785,0.0020161290322580645,0.0010080645161290322,0.0006720430107526882,0.0010080645161290322,0.0,0.0006720430107526882,0.0,0.0,0.0,0.0,0.0,0.0,0.0,0.0,0.0,0.0,0.0,0.0,0.0,0.0,0.0,0.0016801075268817205,0.0,0.002688172043010753,0.005040322580645161,0.009072580645161291,0.0114247311827957,0.02385752688172043,0.023185483870967742,0.009744623655913979,0.010416666666666666,0.010080645161290322,0.003360215053763441,0.014112903225806451,0.00739247311827957,0.014112903225806451,0.0020161290322580645,0.0114247311827957,0.013776881720430107,0.05443548387096774,0.04838709677419355,0.04435483870967742,0.04401881720430108,0.04670698924731183,0.04032258064516129,0.05309139784946237,0.04872311827956989
welding_0008_17-38-23_p6,0.008984375,0.01484375,0.01953125,0.019140625,0.024609375,0.05390625,0.070703125,0.11171875,0.1296875,0.096484375,0.07265625,0.126953125,0.01484375,0.005859375,0.009375,0.00234375,0.004296875,0.000390625,0.0046875,0.0,0.0,0.0,0.00078125,0.00234375,0.0,0.001171875,0.00078125,0.00078125,0.0,0.0,0.000390625,0.0,0.0015625,0.0,0.0,0.0,0.003515625,0.00078125,0.006640625,0.0,0.034765625,0.051171875,0.01484375,0.009375,0.0125,0.000390625,0.007421875,0.00859375,0.00859375,0.0,0.007421875,0.0,0.00625,0.00390625,0.002734375,0.001953125,0.011328125,0.001171875,0.0,0.0078125
welding_0008_17-38-23_p7,0.022962962962962963,0.004074074074074074,0.01074074074074074,0.011851851851851851,0.011481481481481481,0.006666666666666667,0.00962962962962963,0.011851851851851851,0.02,0.007037037037037037,0.004814814814814815,0.0025925925925925925,0.003703703703703704,0.0014814814814814814,0.004814814814814815,0.0025925925925925925,0.007037037037037037,0.005185185185185185,0.006666666666666667,0.002962962962962963,0.017407407407407406,0.005555555555555556,0.01814814814814815,0.015925925925925927,0.01962962962962963,0.00962962962962963,0.022222222222222223,0.008888888888888889,0.0011111111111111111,0.005185185185185185,0.02074074074074074,0.008148148148148147,0.027037037037037037,0.03333333333333333,0.04703703703703704,0.06074074074074074,0.06185185185185185,0.14777777777777779,0.1348148148148148,0.04666666666666667,0.03518518518518519,0.023703703703703703,0.013333333333333334,0.007037037037037037,0.01,0.0014814814814814814,0.0044444444444444444,0.0022222222222222222,0.004074074074074074,0.0,0.0033333333333333335,0.0007407407407407407,0.0033333333333333335,0.0014814814814814814,0.002962962962962963,0.0033333333333333335,0.005185185185185185,0.002962962962962963,0.001851851851851852,0.0033333333333333335
welding_0008_17-38-23_p8,0.005989110707803993,0.00013611615245009076,0.0014065335753176043,0.000499092558983666,0.0029945553539019966,0.0005898366606170599,0.0040381125226860255,0.000499092558983666,0.003992740471869328,0.0,0.009074410163339383,0.0012250453720508167,0.0019509981851179674,0.0003629764065335753,0.0028130671506352086,0.0012250453720508167,0.005399274047186933,0.0011796733212341198,0.0018602540834845734,4.537205081669691e-05,0.0009074410163339383,0.0,0.0028130671506352086,0.0013157894736842105,0.0007259528130671506,0.007486388384754991,0.003312159709618875,0.0035390199637023593,0.00022686025408348456,0.002223230490018149,0.019464609800362978,0.00957350272232305,0.017967332123411978,0.0161978221415608,0.04541742286751361,0.05821234119782214,0.09773139745916515,0.16588021778584391,0.16533575317604357,0.11315789473684211,0.12994555353901996,0.06043557168784029,0.016152450090744102,0.002586206896551724,0.0029945553539019966,0.00013611615245009076,0.003312159709618875,0.00018148820326678765,0.0007259528130671506,0.0,0.001633393829401089,0.0,0.0006805807622504537,0.0003176043557168784,0.0,0.002631578947368421,0.00022686025408348456,0.0011796733212341198,0.0,9.074410163339382e-05
welding_0008_18-06-31_p0,0.09963054187192118,0.007204433497536946,0.0083128078817734,0.00603448275862069,0.006342364532019705,0.005726600985221675,0.028448275862068967,0.010283251231527093,0.02727832512315271,0.00979064039408867,0.031711822660098525,0.004495073891625616,0.0033251231527093596,0.0026477832512315272,0.004495073891625616,0.0006773399014778325,0.009421182266009851,0.0006773399014778325,0.001477832512315271,0.0,0.0034482758620689655,0.0,0.0019088669950738917,0.0002463054187192118,0.0,0.020751231527093596,0.0011699507389162562,0.01847290640394089,0.0,6.157635467980295e-05,0.003017241379310345,0.0,0.012869458128078817,0.006896551724137931,0.009482758620689655,0.009852216748768473,0.0437192118226601,0.01163793103448276,0.04107142857142857,0.00036945812807881776,0.0687807881773399,0.020320197044334975,0.0604679802955665,0.028201970443349753,0.02894088669950739,0.023399014778325122,0.05338669950738916,0.0047413793103448275,0.010160098522167487,0.0004310344827586207,0.001477832512315271,0.0017241379310344827,0.010775862068965518,0.005541871921182266,0.023460591133004926,0.057389162561576355,0.04605911330049261,0.008990147783251232,0.0751847290640394,0.017610837438423645
welding_0008_18-06-31_p1,0.0601364522417154,0.030896686159844054,0.03732943469785575,0.05516569200779727,0.06140350877192982,0.08791423001949318,0.07251461988304093,0.14210526315789473,0.09366471734892788,0.024171539961013646,0.04395711500974659,0.021442495126705652,0.023391812865497075,0.009844054580896686,0.0361598440545809,0.007115009746588694,0.003898635477582846,0.002631578947368421,0.001949317738791423,0.0007797270955165692,0.005263157894736842,0.0007797270955165692,0.0021442495126705653,0.0028265107212475634,0.0022417153996101362,0.003703703703703704,0.0060428849902534115,0.0036062378167641324,0.004580896686159844,0.005750487329434698,0.004775828460038986,0.0030214424951267057,0.004093567251461989,0.0016569200779727095,0.0017543859649122807,0.00029239766081871346,0.0009746588693957114,0.0003898635477582846,0.0005847953216374269,0.0,0.003313840155945419,0.0005847953216374269,0.0003898635477582846,0.0,0.0007797270955165692,0.0,0.0006822612085769981,9.746588693957115e-05,0.0003898635477582846,0.0,0.0001949317738791423,9.746588693957115e-05,0.0005847953216374269,0.0014619883040935672,0.0007797270955165692,0.003996101364522417,0.008089668615984405,0.021052631578947368,0.047270955165692005,0.03927875243664718
welding_0008_18-06-31_p2,0.07911036036036036,0.013020833333333334,0.014850788288288288,0.008023648648648648,0.01682150900900901,0.007249436936936937,0.033361486486486486,0.01632882882882883,0.038992117117117114,0.013231981981981982,0.02977195945945946,0.0011261261261261261,0.0010557432432432433,0.0007038288288288288,0.0014780405405405406,0.0,0.00830518018018018,0.0003519144144144144,0.0016188063063063063,0.0,0.00316722972972973,0.0,0.0023226351351351353,7.038288288288288e-05,0.0,0.00731981981981982,0.004786036036036036,0.01295045045045045,0.0,0.0005630630630630631,0.006264076576576577,0.0003519144144144144,0.017454954954954954,0.006827139639639639,0.008938626126126127,0.014780405405405405,0.08903434684684684,0.08410754504504504,0.03610641891891892,0.006615990990990991,0.03512105855855856,0.028856981981981982,0.013724662162162162,0.018581081081081082,0.015765765765765764,0.015625,0.04842342342342342,0.011190878378378379,0.01829954954954955,0.001196509009009009,0.003730292792792793,0.0014780405405405406,0.01710304054054054,0.00950168918918919,0.004222972972972973,0.06228885135135135,0.027378941441441443,0.010627815315315316,0.0551097972972973,0.014710022522522523
welding_0008_18-19-58_p0,0.00894396551724138,0.009159482758620689,0.01002155172413793,0.017133620689655172,0.021982758620689654,0.03125,0.03189655172413793,0.05344827586206897,0.06314655172413793,0.04191810344827586,0.08028017241379311,0.07607758620689656,0.05872844827586207,0.02898706896551724,0.05797413793103448,0.020581896551724137,0.03523706896551724,0.014331896551724137,0.013900862068965517,0.00646551724137931,0.008620689655172414,0.008728448275862069,0.02693965517241379,0.02834051724137931,0.0490301724137931,0.018857758620689655,0.028232758620689656,0.011530172413793104,0.007866379310344828,0.007327586206896552,0.00894396551724138,0.004525862068965518,0.008405172413793103,0.0026939655172413795,0.0047413793103448275,0.004094827586206897,0.00959051724137931,0.020797413793103448,0.016271551724137932,0.004849137931034483,0.01002155172413793,0.006896551724137931,0.0020474137931034485,0.0009698275862068965,0.001293103448275862,0.000646551724137931,0.0010775862068965517,0.0007543103448275862,0.0007543103448275862,0.00021551724137931034,0.0007543103448275862,0.00010775862068965517,0.0005387931034482759,0.0003232758620689655,0.0,0.0009698275862068965,0.0033405172413793105,0.0011853448275862069,0.001831896551724138,0.004418103448275862
welding_0008_18-19-58_p1,0.0005114798817913162,0.0004546487838145033,0.00028415548988406454,0.0004546487838145033,0.0007388042736985678,0.0005683109797681291,0.00028415548988406454,0.00022732439190725165,0.0004546487838145033,0.00011366219595362583,0.00017049329393043874,0.0,0.00011366219595362583,0.0,5.6831097976812913e-05,0.00011366219595362583,0.00017049329393043874,0.0009661286656058195,0.0009092975676290066,0.0,0.0005114798817913162,5.6831097976812913e-05,0.0022164128210957037,0.000681973175721755,0.00011366219595362583,5.6831097976812913e-05,0.001307115253466697,0.005171629915889975,0.00022732439190725165,0.002443737213002955,0.017844964764719255,0.005398954307797227,0.01386678790634235,0.00977494885201182,0.01818595135258013,0.03398499659013412,0.06109343032507388,0.23414412366446918,0.2582405092066379,0.15003409865878609,0.09871561718572402,0.05768356444646511,0.007899522618776994,0.0029552170947942714,0.004035007956353717,0.0022732439190725163,0.0005683109797681291,0.0003409865878608775,0.00017049329393043874,5.6831097976812913e-05,0.0007956353716753807,0.00022732439190725165,0.00017049329393043874,0.00039781768583769037,0.0003409865878608775,0.0003409865878608775,0.0005114798817913162,0.00017049329393043874,5.6831097976812913e-05,0.0003409865878608775
welding_0008_18-19-58_p2,0.018035039505324632,0.012538646513225695,0.00953280659567159,0.013740982480247337,0.01391274476125043,0.014599793885262797,0.009275163174166953,0.009017519752662316,0.009446925455170044,0.005066987289591205,0.0052387495705942975,0.0016317416695293713,0.0017176228100309172,0.0,0.0035211267605633804,0.0,0.00747165922363449,8.588114050154586e-05,0.003177602198557197,0.0,0.0,0.0,0.004723462727585022,0.00017176228100309173,0.0,0.001975266231535555,0.00034352456200618345,0.0035211267605633804,0.00017176228100309173,0.00017176228100309173,0.006698728959120577,0.0006870491240123669,0.0032634833390587426,0.005925798694606664,0.01640329783579526,0.03469598076262453,0.05324630711095844,0.09841978701477155,0.18292682926829268,0.14170388182755067,0.054276880796976984,0.037272414977670906,0.020010305736860187,0.01657506011679835,0.012538646513225695,0.007214015802129852,0.008931638612160769,0.007815183785640674,0.007557540364136035,0.0046375815870834764,0.00850223290965304,0.008158708347646856,0.011336310546204053,0.014256269323256613,0.01597389213328753,0.01846444520783236,0.018722088629336997,0.007729302645139127,0.01288217107523188,0.014084507042253521
welding_0008_18-19-58_p3,0.019628990509059533,0.014667817083692839,0.004637618636755824,0.004637618636755824,0.003559102674719586,0.0019413287316652286,0.0021570319240724763,0.0032355478861087143,0.005176876617773943,0.00819672131147541,0.007981018119068163,0.004206212251941329,0.0016177739430543571,0.00021570319240724764,0.0003235547886108714,0.0,0.0009706643658326143,0.0,0.0005392579810181191,0.0,0.00021570319240724764,0.0,0.0005392579810181191,0.0012942191544434857,0.0,0.0020491803278688526,0.0016177739430543571,0.0008628127696289905,0.00021570319240724764,0.001186367558239862,0.003882657463330457,0.0028041415012942193,0.006794650560828301,0.006902502157031924,0.02200172562553926,0.020599654874892147,0.026207937877480585,0.1340595340811044,0.17633735979292495,0.18194564279551337,0.0973899913718723,0.04130716134598792,0.017903364969801553,0.015099223468507334,0.01725625539257981,0.017148403796376187,0.014559965487489215,0.013157894736842105,0.014775668679896463,0.006686798964624676,0.008304572907679034,0.006686798964624676,0.006578947368421052,0.0045297670405522,0.005176876617773943,0.0037748058671268334,0.008628127696289905,0.004745470232959448,0.01100086281276963,0.012079378774805867
welding_0008_18-35-44_p0,0.054040548258138206,0.026270702455739578,0.023986293546544833,0.01806110793832096,0.021059394631639063,0.023201027984009137,0.025485436893203883,0.02248715019988578,0.03348086807538549,0.01699029126213592,0.031267846944603085,0.013992004568817818,0.011564820102798402,0.005853797829811536,0.010850942318675044,0.0036407766990291263,0.010636778983438035,0.0030696744717304395,0.004640205596801827,0.0005711022272986865,0.006424900057110223,0.0013563677898343804,0.008066818960593946,0.006067961165048544,0.0034266133637921186,0.013492290119931468,0.005639634494574529,0.010422615648201027,0.00035693889206167903,0.002498572244431753,0.010279840091376356,0.002284408909194746,0.011636207881210737,0.006139348943460879,0.019774414620217017,0.008066818960593946,0.03048258138206739,0.0163478012564249,0.05618218161050828,0.002926898914905768,0.052755568246716164,0.045402627070245574,0.03590805254140491,0.01991719017704169,0.024414620217018845,0.010922330097087379,0.027484294688749286,0.014777270131353512,0.024129069103369503,0.004640205596801827,0.013135351227869789,0.005068532267275843,0.013777841233580812,0.00749571673329526,0.005211307824100514,0.018846373500856654,0.023486579097658482,0.043903483723586524,0.016276413478012564,0.009423186750428327
welding_0008_18-35-44_p1,0.024769166926029672,0.0012449424214130097,0.002749247847287063,0.002541757443718228,0.004071999170038386,0.003449527959331881,0.005576304595912439,0.003293910156655255,0.004305425874053325,0.0009855794169519659,0.011801016702977488,0.003734827264239029,0.003527336860670194,0.0010374520178441746,0.003371719057993568,0.0007002801120448179,0.004461043676729951,0.0007002801120448179,0.0016339869281045752,0.0003371719057993568,0.0034754642597779853,0.0001556178026766262,0.002749247847287063,0.0010374520178441746,0.0005446623093681918,0.009726112667289137,0.0032679738562091504,0.0054466230936819175,0.0014264965245357401,0.0018933499325656188,0.014213092644465193,0.007028737420894284,0.017429193899782137,0.010582010582010581,0.031201369436663556,0.03765950824774354,0.06369955389563232,0.1134453781512605,0.12732129888992635,0.03651831102811495,0.15126050420168066,0.10439360929557008,0.052521008403361345,0.020567486253760765,0.03299097416744476,0.011904761904761904,0.017896047307812014,0.006432202510633883,0.005628177196804648,0.00046685340802987864,0.0026455026455026454,0.0005705986098142961,0.002904865649963689,0.002126776636580558,0.0008818342151675485,0.007236227824463119,0.0023083307397032886,0.0022823944392571845,0.0005446623093681918,0.0013227513227513227
welding_0008_18-35-44_p2,0.10162037037037037,0.040046296296296295,0.05810185185185185,0.03912037037037037,0.03665123456790124,0.03649691358024691,0.046064814814814815,0.055246913580246915,0.08796296296296297,0.06242283950617284,0.06226851851851852,0.0787037037037037,0.01743827160493827,0.01412037037037037,0.017746913580246913,0.0091820987654321,0.009413580246913581,0.0023148148148148147,0.002623456790123457,0.0,0.005092592592592593,7.716049382716049e-05,0.0023919753086419754,0.0010802469135802468,0.000462962962962963,0.005324074074074074,0.0005401234567901234,0.0030864197530864196,0.0,0.0,0.0006944444444444445,0.0,0.0017746913580246914,0.0006172839506172839,0.0010030864197530865,0.00015432098765432098,0.001388888888888889,0.0,0.0010030864197530865,0.0,0.008564814814814815,0.0033950617283950617,0.006172839506172839,0.0019290123456790122,0.005787037037037037,0.0033950617283950617,0.008179012345679013,0.004629629629629629,0.01242283950617284,0.005169753086419753,0.009799382716049384,0.008179012345679013,0.017361111111111112,0.011574074074074073,0.012885802469135803,0.014506172839506172,0.02515432098765432,0.01404320987654321,0.008487654320987654,0.016126543209876543
welding_0008_18-35-44_p3,0.024876644736842105,0.024876644736842105,0.013363486842105263,0.01572779605263158,0.023848684210526317,0.027549342105263157,0.012027138157894737,0.011101973684210526,0.009662828947368422,0.008429276315789474,0.007504111842105263,0.0011307565789473685,0.0024671052631578946,0.0,0.0006167763157894736,0.0,0.002055921052631579,0.0,0.0,0.0,0.00041118421052631577,0.0,0.0,0.0,0.0,0.007606907894736842,0.00010279605263157894,0.001953125,0.00041118421052631577,0.00010279605263157894,0.005756578947368421,0.002055921052631579,0.011615953947368422,0.006887335526315789,0.021689967105263157,0.04358552631578947,0.12006578947368421,0.1688939144736842,0.17639802631578946,0.05633223684210526,0.044407894736842105,0.03392269736842105,0.016138980263157895,0.008943256578947368,0.011924342105263159,0.004934210526315789,0.006064967105263158,0.006784539473684211,0.007195723684210526,0.0023643092105263158,0.005962171052631579,0.0017475328947368421,0.003289473684210526,0.004111842105263158,0.0029810855263157896,0.004111842105263158,0.005962171052631579,0.0031866776315789473,0.005653782894736842,0.011204769736842105
welding_0008_18-35-44_p4,0.016304347826086956,0.017448512585812356,0.013729977116704805,0.019260106788710908,0.02822273073989321,0.030797101449275364,0.020881006864988557,0.02793668954996186,0.021739130434782608,0.014683447749809305,0.02459954233409611,0.02011823035850496,0.006388253241800153,0.0019069412662090007,0.002955758962623951,0.00038138825324180017,0.0038138825324180014,0.0008581235697940503,0.0005720823798627002,0.0,0.00019069412662090009,9.534706331045004e-05,0.0011441647597254005,0.0,0.00038138825324180017,0.005244088482074752,0.0004767353165522502,0.0018115942028985507,0.0,0.0006674294431731503,0.0035278413424866513,0.0012395118230358504,0.008009153318077803,0.004862700228832952,0.016209000762776506,0.05053394355453852,0.08257055682684973,0.13872997711670482,0.13634630053394356,0.06588482074752097,0.041189931350114416,0.031941266209000764,0.013348588863463006,0.009344012204424103,0.010774218154080854,0.006102212051868803,0.005816170861937453,0.006388253241800153,0.0061975591151792525,0.002097635392829901,0.005339435545385202,0.002383676582761251,0.0038138825324180014,0.003146453089244851,0.005530129672006103,0.006769641495041953,0.011060259344012205,0.012204424103737605,0.013157894736842105,0.012871853546910755
welding_0008_18-35-44_p5,0.061819727891156466,0.02066326530612245,0.016751700680272107,0.011139455782312926,0.015306122448979591,0.008928571428571428,0.02142857142857143,0.010289115646258503,0.015391156462585034,0.005187074829931973,0.021598639455782314,0.005357142857142857,0.006972789115646258,0.0021258503401360546,0.0068877551020408165,0.0016156462585034013,0.0050170068027210885,0.001445578231292517,0.0016156462585034013,0.0,0.005187074829931973,0.00017006802721088434,0.0039115646258503405,0.0012755102040816326,0.00042517006802721087,0.012755102040816327,0.0012755102040816326,0.004081632653061225,0.0,0.0,0.0020408163265306124,0.0,0.015816326530612244,0.0003401360544217687,0.005612244897959183,0.0008503401360544217,0.10187074829931973,0.04056122448979592,0.07151360544217687,0.012755102040816327,0.1195578231292517,0.052210884353741494,0.03562925170068027,0.01607142857142857,0.017091836734693878,0.005357142857142857,0.03299319727891156,0.004251700680272109,0.005612244897959183,0.0021258503401360546,0.005187074829931973,0.003996598639455782,0.01479591836734694,0.005272108843537415,0.007482993197278911,0.023214285714285715,0.04124149659863945,0.04897959183673469,0.023214285714285715,0.015731292517006803
welding_0009_17-38-18_p0,0.033854166666666664,0.0031001984126984125,0.020523313492063492,0.015314980158730158,0.03490823412698413,0.04867311507936508,0.07043650793650794,0.060205853174603176,0.053013392857142856,0.006138392857142857,0.030319940476190476,0.013330853174603174,0.01984126984126984,0.0035342261904761905,0.019655257936507936,0.002666170634920635,0.02269345238095238,0.00849454365079365,0.007068452380952381,0.007254464285714286,0.015749007936507936,0.006634424603174603,0.005890376984126984,0.00390625,0.0016121031746031745,0.004898313492063492,0.001488095238095238,0.002170138888888889,0.0,0.000744047619047619,0.000744047619047619,0.0003720238095238095,0.0020461309523809525,0.0005580357142857143,0.0028521825396825395,0.0011160714285714285,0.013454861111111112,0.07452876984126984,0.06454613095238096,0.0,0.04501488095238095,0.02628968253968254,0.01066468253968254,0.004092261904761905,0.01773313492063492,0.0027901785714285715,0.01488095238095238,0.011780753968253968,0.026041666666666668,0.006076388888888889,0.020957341269841268,0.006262400793650794,0.020771329365079364,0.01494295634920635,0.022879464285714284,0.03478422619047619,0.015190972222222222,0.00961061507936508,0.0008680555555555555,0.004030257936507937
welding_0009_17-38-18_p1,0.03525046382189239,0.015769944341372914,0.039192949907235625,0.0425556586270872,0.04962894248608534,0.03675788497217069,0.035482374768089055,0.02956864564007421,0.026321892393320966,0.0006957328385899814,0.022263450834879406,0.008116883116883116,0.011711502782931354,0.002551020408163265,0.016697588126159554,0.0008116883116883117,0.025626159554730982,0.02423469387755102,0.01924860853432282,0.010783858998144713,0.01797309833024119,0.00939239332096475,0.026089981447124305,0.008580705009276438,0.0047541743970315395,0.022379406307977738,0.04557050092764379,0.030844155844155844,0.01368274582560297,0.03235157699443414,0.02330705009276438,0.00463821892393321,0.025974025974025976,0.013566790352504639,0.026669758812615955,0.008928571428571428,0.033279220779220776,0.008464749536178108,0.015769944341372914,0.0022031539888682744,0.029916512059369203,0.010088126159554732,0.004058441558441558,0.0011595547309833025,0.0047541743970315395,0.0015074211502782932,0.013102968460111317,0.0006957328385899814,0.0026669758812615956,0.0003478664192949907,0.0022031539888682744,0.0015074211502782932,0.006261595547309833,0.004406307977736549,0.003478664192949907,0.023075139146567718,0.020292207792207792,0.027017625231910945,0.003478664192949907,0.012291280148423005
welding_0009_17-38-18_p2,0.04064009661835749,0.02041062801932367,0.02361111111111111,0.015821256038647345,0.01038647342995169,0.005736714975845411,0.016364734299516907,0.012801932367149759,0.025966183574879228,0.0071859903381642515,0.025543478260869567,0.035809178743961355,0.0338768115942029,0.0044685990338164255,0.011956521739130435,0.0065821256038647346,0.009963768115942028,0.008454106280193236,0.016243961352657005,0.011956521739130435,0.04698067632850242,0.014673913043478261,0.03780193236714976,0.008635265700483091,0.0016908212560386474,0.010446859903381643,0.006642512077294686,0.010869565217391304,0.0006038647342995169,0.008152173913043478,0.008756038647342996,0.0030797101449275364,0.012741545893719806,0.009480676328502415,0.013707729468599035,0.009359903381642512,0.015398550724637682,0.017028985507246377,0.022342995169082124,0.00024154589371980676,0.028502415458937197,0.017512077294685992,0.022705314009661835,0.00392512077294686,0.025905797101449274,0.000785024154589372,0.025603864734299518,0.011292270531400967,0.0393719806763285,0.0016304347826086956,0.017693236714975847,0.005978260869565218,0.02964975845410628,0.03170289855072464,0.01533816425120773,0.027355072463768115,0.042693236714975845,0.02361111111111111,0.010929951690821256,0.015398550724637682
welding_0009_17-38-18_p3,0.081875,0.043515625,0.041796875,0.039296875,0.04984375,0.04078125,0.038046875,0.047890625,0.04140625,0.014765625,0.041015625,0.033359375,0.02421875,0.01078125,0.036015625,0.00515625,0.025859375,0.015859375,0.019375,0.009140625,0.026171875,0.008125,0.043515625,0.010859375,0.00359375,0.014140625,0.008203125,0.015,0.002265625,0.004140625,0.00828125,0.003359375,0.007890625,0.000390625,0.001796875,0.0,0.010703125,0.0,0.0015625,0.0,0.022421875,0.000234375,0.0015625,0.0,0.000546875,0.0,0.002734375,0.00015625,0.000234375,0.000234375,0.000703125,0.0,0.001796875,0.002890625,0.00328125,0.008984375,0.01953125,0.021328125,0.03703125,0.046328125
welding_0009_17-38-23_p0,0.024499473129610115,0.021206533192834564,0.025026343519494204,0.02845100105374078,0.02897787144362487,0.03964699683877766,0.02726554267650158,0.02910958904109589,0.026475237091675447,0.007903055848261328,0.024894625922023184,0.039251844046364594,0.010669125395152792,0.0055321390937829295,0.011327713382507903,0.0,0.003161222339304531,0.0005268703898840885,0.002239199157007376,0.0,0.003029504741833509,0.00026343519494204424,0.0025026343519494202,0.0006585879873551106,0.0011854583772391992,0.003951527924130664,0.003951527924130664,0.0035563751317175974,0.004214963119072708,0.002897787144362487,0.004610115911485775,0.010010537407797681,0.005927291886195995,0.009747102212855638,0.016332982086406742,0.01857218124341412,0.024499473129610115,0.052950474183350894,0.07218124341412013,0.0779768177028451,0.04214963119072708,0.03622233930453109,0.01422550052687039,0.013171759747102213,0.011986301369863013,0.0055321390937829295,0.00869336143308746,0.007639620653319284,0.009747102212855638,0.00434668071654373,0.007903055848261328,0.005268703898840885,0.010669125395152792,0.009088514225500527,0.0184404636459431,0.02910958904109589,0.0333245521601686,0.01988935721812434,0.014884088514225501,0.022523709167544783
welding_0009_17-38-23_p1,0.018702651515151516,0.01278409090909091,0.01337594696969697,0.021188446969696968,0.030539772727272728,0.04024621212121212,0.010771780303030304,0.009824810606060606,0.00887784090909091,0.00556344696969697,0.00390625,0.01396780303030303,0.013020833333333334,0.004498106060606061,0.005681818181818182,0.0017755681818181818,0.005208333333333333,0.0023674242424242425,0.0011837121212121212,0.0004734848484848485,0.0007102272727272727,0.0,0.0016571969696969697,0.0005918560606060606,0.00023674242424242425,0.000946969696969697,0.000946969696969697,0.0008285984848484849,0.0,0.0003551136363636364,0.0014204545454545455,0.0004734848484848485,0.0015388257575757575,0.0023674242424242425,0.004498106060606061,0.0023674242424242425,0.015625,0.06830018939393939,0.11967329545454546,0.07990056818181818,0.07646780303030302,0.06794507575757576,0.026396780303030304,0.018821022727272728,0.020004734848484848,0.022135416666666668,0.014796401515151516,0.01337594696969697,0.011837121212121212,0.006036931818181818,0.008285984848484848,0.01006155303030303,0.016571969696969696,0.016453598484848484,0.025804924242424244,0.02734375,0.029592803030303032,0.022372159090909092,0.022608901515151516,0.016690340909090908
welding_0009_17-38-23_p2,0.0403125,0.004375,0.010625,0.00625,0.01375,0.0090625,0.0209375,0.008125,0.0153125,0.009375,0.0109375,0.00375,0.006875,0.000625,0.0065625,0.001875,0.00625,0.0034375,0.0075,0.0003125,0.00375,0.0003125,0.0078125,0.00625,0.0015625,0.0059375,0.01375,0.0034375,0.0015625,0.0071875,0.0121875,0.0128125,0.024375,0.0278125,0.05875,0.0440625,0.0553125,0.068125,0.091875,0.0359375,0.0884375,0.0365625,0.0209375,0.0075,0.0128125,0.00625,0.01,0.01,0.0084375,0.0034375,0.00625,0.0028125,0.0103125,0.0125,0.0140625,0.014375,0.030625,0.0084375,0.0140625,0.013125
welding_0009_17-38-23_p3,0.02903293918918919,0.01932010135135135,0.023015202702702704,0.027766047297297296,0.02924408783783784,0.01731418918918919,0.015202702702702704,0.010557432432432432,0.010346283783783784,0.0013724662162162163,0.006228885135135135,0.0036951013513513513,0.0035895270270270272,0.0033783783783783786,0.00316722972972973,0.0011613175675675676,0.004856418918918919,0.0021114864864864866,0.0017947635135135136,0.000316722972972973,0.003272804054054054,0.00021114864864864866,0.0014780405405405406,0.0021114864864864866,0.0011613175675675676,0.0034839527027027027,0.003800675675675676,0.0016891891891891893,0.00010557432432432433,0.0027449324324324326,0.000950168918918919,0.0005278716216216217,0.008445945945945946,0.0027449324324324326,0.004856418918918919,0.006017736486486487,0.02364864864864865,0.04719172297297297,0.11993243243243243,0.013513513513513514,0.11064189189189189,0.12341638513513513,0.052470439189189186,0.02195945945945946,0.03103885135135135,0.007495777027027027,0.01932010135135135,0.010240709459459459,0.013619087837837838,0.003800675675675676,0.006228885135135135,0.004750844594594595,0.01583614864864865,0.01710304054054054,0.012141047297297296,0.015730574324324325,0.03462837837837838,0.011507601351351352,0.014358108108108109,0.012352195945945946
welding_0009_17-38-23_p4,0.006701030927835051,0.0,0.0,0.0,0.0,0.0003865979381443299,0.0002147766323024055,0.0,0.0,0.0,0.003049828178694158,0.0006443298969072165,0.000429553264604811,0.0001718213058419244,0.0011168384879725085,0.0015893470790378007,0.001288659793814433,0.0006443298969072165,0.0008161512027491409,0.0,0.0001718213058419244,0.0,0.0011597938144329897,0.0004725085910652921,8.59106529209622e-05,0.0018900343642611684,0.0006443298969072165,0.0026632302405498283,0.0013745704467353953,0.0028350515463917525,0.03823024054982818,0.01211340206185567,0.01799828178694158,0.020446735395189004,0.048625429553264606,0.09819587628865979,0.1361254295532646,0.1700171821305842,0.16915807560137458,0.1302405498281787,0.08466494845360825,0.029810996563573885,0.002878006872852234,0.0005154639175257732,0.0028350515463917525,0.0004725085910652921,0.0004725085910652921,0.0003865979381443299,0.0013745704467353953,0.0,0.0047680412371134025,0.0,0.0005584192439862543,0.0006443298969072165,0.0,0.0003006872852233677,0.0007302405498281787,8.59106529209622e-05,0.0,0.0
welding_0009_17-38-23_p5,0.011382113821138212,0.005691056910569106,0.006910569105691057,0.007723577235772358,0.01097560975609756,0.019105691056910568,0.01097560975609756,0.007723577235772358,0.01016260162601626,0.004878048780487805,0.0024390243902439024,0.0032520325203252032,0.004471544715447155,0.0012195121951219512,0.0024390243902439024,0.0032520325203252032,0.0024390243902439024,0.002845528455284553,0.003658536585365854,0.0024390243902439024,0.005284552845528455,0.0032520325203252032,0.005284552845528455,0.0040650406504065045,0.007317073170731708,0.002845528455284553,0.015040650406504066,0.002845528455284553,0.0016260162601626016,0.018292682926829267,0.0508130081300813,0.056504065040650406,0.04552845528455285,0.016260162601626018,0.01056910569105691,0.005284552845528455,0.014227642276422764,0.016260162601626018,0.02723577235772358,0.03333333333333333,0.12723577235772357,0.15121951219512195,0.01788617886178862,0.0032520325203252032,0.016260162601626018,0.004878048780487805,0.013821138211382113,0.01097560975609756,0.011788617886178862,0.004471544715447155,0.014227642276422764,0.00894308943089431,0.034552845528455285,0.031300813008130084,0.030894308943089432,0.015853658536585366,0.01991869918699187,0.006097560975609756,0.002845528455284553,0.007723577235772358
welding_0009_17-38-23_p6,0.029453015427769985,0.0273492286115007,0.024894810659186535,0.038218793828892005,0.05820476858345021,0.0820476858345021,0.010869565217391304,0.01332398316970547,0.009817671809256662,0.011921458625525946,0.005259467040673212,0.0,0.0003506311360448808,0.0,0.0,0.0003506311360448808,0.0017531556802244039,0.0017531556802244039,0.001402524544179523,0.0007012622720897616,0.0,0.0,0.0010518934081346423,0.0010518934081346423,0.0,0.0003506311360448808,0.0003506311360448808,0.0003506311360448808,0.0,0.0,0.0003506311360448808,0.0,0.0007012622720897616,0.0003506311360448808,0.001402524544179523,0.0007012622720897616,0.0010518934081346423,0.0091164095371669,0.010518934081346423,0.011220196353436185,0.04207573632538569,0.052945301542777,0.024544179523141654,0.023492286115007012,0.01753155680224404,0.02699859747545582,0.019985974754558204,0.024894810659186535,0.024193548387096774,0.011921458625525946,0.011921458625525946,0.01858345021037868,0.03120617110799439,0.03295932678821879,0.05014025245441795,0.057152875175315566,0.05995792426367461,0.038920056100981766,0.0438288920056101,0.030504908835904627
welding_0009_17-38-23_p7,0.029485049833887042,0.0033222591362126247,0.008305647840531562,0.010382059800664452,0.01079734219269103,0.009551495016611296,0.013289036544850499,0.0170265780730897,0.015365448504983389,0.004568106312292359,0.025332225913621262,0.03903654485049834,0.013704318936877076,0.011212624584717609,0.018687707641196014,0.007475083056478406,0.015365448504983389,0.012043189368770765,0.005398671096345515,0.0016611295681063123,0.007890365448504983,0.0020764119601328905,0.009966777408637873,0.008305647840531562,0.01079734219269103,0.026578073089700997,0.0303156146179402,0.02117940199335548,0.009966777408637873,0.020348837209302327,0.04941860465116279,0.007475083056478406,0.059385382059800665,0.018272425249169437,0.03696013289036545,0.025332225913621262,0.05606312292358804,0.018687707641196014,0.06519933554817275,0.0016611295681063123,0.03197674418604651,0.007890365448504983,0.02117940199335548,0.0033222591362126247,0.01287375415282392,0.017857142857142856,0.026578073089700997,0.014534883720930232,0.015780730897009966,0.005398671096345515,0.007475083056478406,0.005398671096345515,0.013289036544850499,0.009966777408637873,0.006644518272425249,0.01287375415282392,0.01287375415282392,0.007890365448504983,0.004152823920265781,0.004152823920265781
welding_0009_17-38-23_p8,0.0430161943319838,0.011892712550607287,0.012651821862348178,0.009109311740890687,0.014676113360323886,0.011133603238866396,0.017459514170040488,0.00860323886639676,0.012904858299595142,0.0075910931174089065,0.010374493927125507,0.0020242914979757085,0.002277327935222672,0.0005060728744939271,0.005313765182186235,0.0005060728744939271,0.006072874493927126,0.0020242914979757085,0.0075910931174089065,0.0,0.005819838056680162,0.0005060728744939271,0.008856275303643725,0.002783400809716599,0.002277327935222672,0.006578947368421052,0.006325910931174089,0.004554655870445344,0.002277327935222672,0.002783400809716599,0.002277327935222672,0.0068319838056680165,0.01417004048582996,0.024544534412955465,0.04807692307692308,0.03896761133603239,0.04681174089068826,0.0860323886639676,0.08097165991902834,0.05490890688259109,0.06983805668016195,0.04554655870445344,0.020242914979757085,0.021002024291497976,0.01568825910931174,0.006578947368421052,0.012398785425101215,0.01062753036437247,0.012145748987854251,0.00354251012145749,0.005819838056680162,0.005313765182186235,0.009362348178137652,0.0068319838056680165,0.01492914979757085,0.0215080971659919,0.03213562753036437,0.014676113360323886,0.01695344129554656,0.02277327935222672
welding_0009_17-38-23_p9,0.022230320699708456,0.018221574344023325,0.016034985422740525,0.01664237123420797,0.01336248785228377,0.014091350826044704,0.01870748299319728,0.019314868804664723,0.009475218658892129,0.006559766763848397,0.004616132167152575,0.0018221574344023323,0.00048590864917395527,0.00036443148688046647,0.0009718172983479105,0.0,0.0008503401360544217,0.00024295432458697764,0.0,0.0,0.0006073858114674441,0.0,0.00048590864917395527,0.00024295432458697764,0.00012147716229348882,0.0014577259475218659,0.0009718172983479105,0.0006073858114674441,0.0,0.00012147716229348882,0.003887269193391642,0.0012147716229348883,0.0024295432458697765,0.0032798833819241984,0.014698736637512148,0.019800777453838677,0.027453838678328474,0.08551992225461613,0.12670068027210885,0.058430515063168126,0.0706997084548105,0.07227891156462585,0.034499514091350825,0.02793974732750243,0.02684645286686103,0.022108843537414966,0.014577259475218658,0.00826044703595724,0.008503401360544218,0.005952380952380952,0.00923226433430515,0.01226919339164237,0.016885325558794947,0.017857142857142856,0.02587463556851312,0.025388726919339164,0.02781827016520894,0.019193391642371233,0.025145772594752185,0.01664237123420797
welding_0009_17-38-23_p10,0.05806737588652482,0.010638297872340425,0.014184397163120567,0.016843971631205674,0.02171985815602837,0.01551418439716312,0.030141843971631204,0.04210992907801418,0.050088652482269506,0.008865248226950355,0.02127659574468085,0.015070921985815602,0.007535460992907801,0.005319148936170213,0.012411347517730497,0.0017730496453900709,0.015070921985815602,0.0062056737588652485,0.0026595744680851063,0.0,0.0017730496453900709,0.0004432624113475177,0.002216312056737589,0.002216312056737589,0.0008865248226950354,0.016400709219858155,0.014184397163120567,0.014627659574468085,0.008865248226950355,0.013297872340425532,0.05540780141843971,0.005319148936170213,0.0398936170212766,0.03546099290780142,0.050088652482269506,0.003989361702127659,0.06028368794326241,0.004875886524822695,0.05274822695035461,0.0,0.022606382978723406,0.010638297872340425,0.007978723404255319,0.0035460992907801418,0.01551418439716312,0.020390070921985817,0.03235815602836879,0.019060283687943262,0.022606382978723406,0.0070921985815602835,0.015957446808510637,0.007978723404255319,0.018617021276595744,0.01374113475177305,0.008421985815602837,0.009308510638297872,0.007535460992907801,0.006648936170212766,0.004875886524822695,0.006648936170212766
welding_0009_18-06-32_p0,0.07313797313797314,0.005982905982905983,0.007081807081807082,0.006532356532356533,0.0068986568986568984,0.004761904761904762,0.016483516483516484,0.011111111111111112,0.020573870573870574,0.010073260073260074,0.026495726495726495,0.006776556776556777,0.00231990231990232,0.002686202686202686,0.003418803418803419,0.0002442002442002442,0.00402930402930403,0.001098901098901099,0.001098901098901099,0.0,0.005494505494505495,0.0,0.004090354090354091,0.0001221001221001221,0.0,0.020146520146520148,0.0009768009768009768,0.009706959706959707,0.0,0.0,0.0009768009768009768,0.0,0.010256410256410256,0.00805860805860806,0.00995115995115995,0.010622710622710623,0.04871794871794872,0.013308913308913308,0.040964590964590965,0.00042735042735042735,0.09017094017094017,0.017155067155067157,0.06227106227106227,0.025885225885225887,0.03705738705738706,0.02606837606837607,0.07344322344322345,0.005067155067155067,0.010073260073260074,0.0002442002442002442,0.002014652014652015,0.002564102564102564,0.01221001221001221,0.00805860805860806,0.027045177045177046,0.05463980463980464,0.047619047619047616,0.007814407814407814,0.08046398046398047,0.015506715506715507
welding_0009_18-06-32_p1,0.03294871794871795,0.010128205128205128,0.018461538461538463,0.01653846153846154,0.028076923076923076,0.030256410256410255,0.04705128205128205,0.032435897435897434,0.031794871794871796,0.008974358974358974,0.029743589743589743,0.02794871794871795,0.013461538461538462,0.0055128205128205125,0.011538461538461539,0.000641025641025641,0.006923076923076923,0.002564102564102564,0.0021794871794871794,0.0008974358974358974,0.0020512820512820513,0.001153846153846154,0.0056410256410256415,0.003717948717948718,0.0055128205128205125,0.008846153846153846,0.005256410256410256,0.003205128205128205,0.0007692307692307692,0.0038461538461538464,0.005,0.002307692307692308,0.00782051282051282,0.00641025641025641,0.019615384615384614,0.046794871794871795,0.026282051282051282,0.06384615384615384,0.03743589743589744,0.0007692307692307692,0.049102564102564104,0.05653846153846154,0.016794871794871796,0.007051282051282051,0.041025641025641026,0.007307692307692308,0.028333333333333332,0.008846153846153846,0.029871794871794873,0.005128205128205128,0.013974358974358975,0.008205128205128205,0.024102564102564103,0.021666666666666667,0.005,0.014615384615384615,0.011410256410256411,0.025256410256410258,0.0041025641025641026,0.007307692307692308
welding_0009_18-06-32_p2,0.07170758928571429,0.011579241071428572,0.014439174107142858,0.008091517857142858,0.016462053571428572,0.006417410714285714,0.027134486607142856,0.015555245535714286,0.029017857142857144,0.0126953125,0.026646205357142856,0.002650669642857143,0.00034877232142857144,0.0,0.0010463169642857143,6.975446428571428e-05,0.0023716517857142855,0.00027901785714285713,0.0012555803571428572,0.0,0.005301339285714286,0.0,0.0029994419642857145,0.0006975446428571429,0.0,0.009347098214285714,0.0009765625,0.011300223214285714,0.0,6.975446428571428e-05,0.002232142857142857,0.00013950892857142856,0.014927455357142858,0.0107421875,0.008231026785714286,0.0107421875,0.08356584821428571,0.09647042410714286,0.04289899553571429,0.00634765625,0.050571986607142856,0.021763392857142856,0.019182477678571428,0.018415178571428572,0.022530691964285716,0.022530691964285716,0.061732700892857144,0.014299665178571428,0.016880580357142856,0.0015345982142857143,0.0035574776785714285,0.0017438616071428572,0.018694196428571428,0.005929129464285714,0.004045758928571429,0.04833984375,0.031947544642857144,0.014857700892857142,0.05133928571428571,0.015345982142857142
welding_0009_18-06-32_p3,0.03644501278772379,0.0370843989769821,0.035379369138959935,0.05179028132992328,0.06372549019607843,0.0857843137254902,0.07651321398124467,0.13512361466325662,0.13491048593350383,0.025468883205456094,0.058184143222506396,0.018435635123614662,0.0276001705029838,0.01257459505541347,0.03314151747655584,0.016410912190963342,0.005647911338448423,0.0013853367433930093,0.0017050298380221654,0.00010656436487638534,0.0019181585677749361,0.00042625745950554135,0.0029838022165387893,0.0010656436487638534,0.00159846547314578,0.00159846547314578,0.0027706734867860186,0.0013853367433930093,0.0018115942028985507,0.0018115942028985507,0.0041560102301790285,0.008418584825234441,0.007459505541346973,0.0058610400682011935,0.0027706734867860186,0.00042625745950554135,0.0011722080136402388,0.0010656436487638534,0.0012787723785166241,0.00010656436487638534,0.0012787723785166241,0.00021312872975277067,0.00010656436487638534,0.0,0.00021312872975277067,0.00021312872975277067,0.00042625745950554135,0.0,0.00031969309462915604,0.00010656436487638534,0.00021312872975277067,0.00021312872975277067,0.0009590792838874681,0.00021312872975277067,0.0019181585677749361,0.003516624040920716,0.006074168797953964,0.007459505541346973,0.029411764705882353,0.03964194373401535
welding_0009_18-06-32_p4,0.002403846153846154,0.0,0.001201923076923077,0.0,0.001201923076923077,0.0,0.0030048076923076925,0.0,0.0018028846153846155,0.0,0.001201923076923077,0.0006009615384615385,0.0018028846153846155,0.0,0.0078125,0.0,0.004807692307692308,0.010817307692307692,0.033052884615384616,0.0,0.01622596153846154,0.003605769230769231,0.031850961538461536,0.01622596153846154,0.013822115384615384,0.008413461538461538,0.026442307692307692,0.019230769230769232,0.024639423076923076,0.028245192307692308,0.09375,0.08052884615384616,0.07091346153846154,0.07992788461538461,0.12560096153846154,0.12319711538461539,0.059495192307692304,0.019831730769230768,0.018629807692307692,0.0006009615384615385,0.021033653846153848,0.012620192307692308,0.003605769230769231,0.004807692307692308,0.005408653846153846,0.002403846153846154,0.004206730769230769,0.006009615384615385,0.002403846153846154,0.0,0.0018028846153846155,0.0,0.0,0.0,0.0,0.0018028846153846155,0.0,0.0030048076923076925,0.0,0.0
welding_0009_18-06-32_p5,0.11242603550295859,0.03279092702169625,0.0670611439842209,0.04499506903353057,0.05337771203155819,0.02490138067061144,0.04943293885601578,0.022928994082840236,0.028229783037475344,0.000616370808678501,0.05041913214990138,0.025394477317554242,0.025887573964497042,0.0004930966469428008,0.0023422090729783036,0.0003698224852071006,0.0019723865877712033,0.0013560157790927022,0.0016025641025641025,0.0001232741617357002,0.0016025641025641025,0.0009861932938856016,0.0009861932938856016,0.0003698224852071006,0.0001232741617357002,0.009615384615384616,0.0,0.0003698224852071006,0.0,0.0,0.0,0.0,0.0017258382642998027,0.0001232741617357002,0.0017258382642998027,0.0001232741617357002,0.020710059171597635,0.0013560157790927022,0.006656804733727811,0.0,0.045241617357001974,0.028599605522682446,0.029092702169625246,0.017135108481262328,0.03636587771203156,0.006040433925049309,0.02502465483234714,0.004314595660749507,0.008259368836291914,0.000616370808678501,0.004684418145956607,0.0025887573964497044,0.01787475345167653,0.008752465483234714,0.00616370808678501,0.040927021696252466,0.02342209072978304,0.03673570019723866,0.03365384615384615,0.03131163708086785
welding_0009_18-06-32_p6,0.055665349143610016,0.003952569169960474,0.014492753623188406,0.024374176548089592,0.03919631093544137,0.0266798418972332,0.045454545454545456,0.04841897233201581,0.045454545454545456,0.010210803689064558,0.037549407114624504,0.014163372859025032,0.006587615283267457,0.00032938076416337287,0.00461133069828722,0.004281949934123847,0.012845849802371542,0.0013175230566534915,0.0032938076416337285,0.0,0.0,0.0,0.00691699604743083,0.0006587615283267457,0.0,0.024374176548089592,0.006258234519104084,0.01844532279314888,0.0,0.0006587615283267457,0.03392621870882741,0.0,0.0230566534914361,0.02404479578392622,0.04808959156785244,0.05006587615283267,0.054677206851119896,0.07509881422924901,0.055006587615283264,0.0,0.07279314888010541,0.019104084321475624,0.016798418972332016,0.004281949934123847,0.005928853754940711,0.00230566534914361,0.007246376811594203,0.0006587615283267457,0.0009881422924901185,0.0,0.020092226613965744,0.0,0.00461133069828722,0.0016469038208168643,0.0009881422924901185,0.005599472990777339,0.010210803689064558,0.004281949934123847,0.0006587615283267457,0.0016469038208168643
welding_0009_18-19-59_p0,0.012472587719298246,0.005208333333333333,0.011787280701754386,0.015076754385964912,0.03125,0.0381030701754386,0.038788377192982455,0.0381030701754386,0.06291118421052631,0.04057017543859649,0.04851973684210526,0.06770833333333333,0.05646929824561404,0.024671052631578948,0.07689144736842106,0.017543859649122806,0.023574561403508772,0.013569078947368422,0.015899122807017545,0.0023300438596491227,0.011101973684210526,0.0021929824561403508,0.022478070175438597,0.02987938596491228,0.05235745614035088,0.02055921052631579,0.026589912280701754,0.006716008771929825,0.008360745614035088,0.011787280701754386,0.011787280701754386,0.017955043859649123,0.013020833333333334,0.008086622807017545,0.008223684210526315,0.004797149122807018,0.007401315789473684,0.011650219298245614,0.022341008771929825,0.018092105263157895,0.01864035087719298,0.004660087719298245,0.0023300438596491227,0.0010964912280701754,0.0030153508771929823,0.0010964912280701754,0.001644736842105263,0.00013706140350877192,0.0009594298245614035,0.0,0.0005482456140350877,0.00041118421052631577,0.0006853070175438596,0.00041118421052631577,0.00027412280701754384,0.004111842105263158,0.0005482456140350877,0.0006853070175438596,0.0009594298245614035,0.0009594298245614035
welding_0009_18-19-59_p1,0.0,5.6831097976812913e-05,5.6831097976812913e-05,0.0,5.6831097976812913e-05,5.6831097976812913e-05,0.0,0.00011366219595362583,5.6831097976812913e-05,0.0,0.00011366219595362583,5.6831097976812913e-05,0.0,5.6831097976812913e-05,0.00011366219595362583,0.0,0.0,0.0,5.6831097976812913e-05,0.0,5.6831097976812913e-05,0.0,0.0,5.6831097976812913e-05,0.00039781768583769037,0.0,0.001307115253466697,5.6831097976812913e-05,0.0,0.0011366219595362582,0.004432825642191407,0.0028983859968174587,0.005001136621959537,0.009547624460104568,0.02108433734939759,0.06308251875426234,0.095987724482837,0.23709934075926348,0.25460331893612187,0.18413275744487384,0.0708683791770857,0.029324846556035462,0.008467833598545124,0.003068879290747897,0.003068879290747897,0.00039781768583769037,0.0008524664696521937,0.00022732439190725165,0.0003409865878608775,0.00017049329393043874,0.0009092975676290066,0.0,5.6831097976812913e-05,0.00011366219595362583,0.00017049329393043874,0.00022732439190725165,5.6831097976812913e-05,0.0,0.0,0.0
welding_0009_18-19-59_p2,0.020905671296296297,0.01678240740740741,0.009548611111111112,0.010561342592592593,0.007740162037037037,0.00853587962962963,0.01048900462962963,0.0078125,0.009476273148148149,0.006582754629629629,0.005208333333333333,0.0023148148148148147,0.00318287037037037,0.00014467592592592592,0.005135995370370371,7.233796296296296e-05,0.007378472222222222,0.0003616898148148148,0.0015190972222222222,0.0,7.233796296296296e-05,0.0,0.002459490740740741,0.00043402777777777775,0.0,0.0023148148148148147,0.0006510416666666666,0.003399884259259259,0.0,0.00028935185185185184,0.007595486111111111,0.001736111111111111,0.008101851851851851,0.01048900462962963,0.021629050925925927,0.05360243055555555,0.03464988425925926,0.13013599537037038,0.2055121527777778,0.09331597222222222,0.05107060185185185,0.03624131944444445,0.014178240740740741,0.01273148148148148,0.01837384259259259,0.008318865740740741,0.007378472222222222,0.00636574074074074,0.007378472222222222,0.004701967592592593,0.007450810185185185,0.008391203703703705,0.018156828703703703,0.018952546296296297,0.014178240740740741,0.011140046296296295,0.014033564814814815,0.006510416666666667,0.011863425925925927,0.01244212962962963
welding_0009_18-19-59_p3,0.008008658008658008,0.007251082251082251,0.004545454545454545,0.005627705627705628,0.0021645021645021645,0.0006493506493506494,0.0004329004329004329,0.0008658008658008658,0.001948051948051948,0.004329004329004329,0.004004329004329004,0.00010822510822510823,0.0022727272727272726,0.0,0.0016233766233766235,0.0,0.0021645021645021645,0.0,0.0,0.0,0.0,0.0,0.0,0.0,0.0,0.0021645021645021645,0.0,0.0,0.0,0.0,0.0004329004329004329,0.00021645021645021645,0.002813852813852814,0.0027056277056277055,0.005952380952380952,0.015151515151515152,0.04599567099567099,0.23160173160173161,0.24145021645021644,0.12359307359307359,0.07088744588744589,0.033874458874458876,0.021212121212121213,0.023376623376623377,0.021212121212121213,0.015367965367965367,0.01396103896103896,0.01396103896103896,0.010930735930735931,0.004329004329004329,0.003896103896103896,0.003463203463203463,0.00551948051948052,0.0042207792207792205,0.00670995670995671,0.005627705627705628,0.008116883116883116,0.004329004329004329,0.005411255411255411,0.00551948051948052
welding_0009_18-19-59_p4,0.0008503401360544217,0.0,0.0,0.0,0.0,0.0,0.0,0.0,0.008078231292517007,0.00042517006802721087,0.036989795918367346,0.11989795918367346,0.08035714285714286,0.05697278911564626,0.05357142857142857,0.05144557823129252,0.07525510204081633,0.05272108843537415,0.03784013605442177,0.01445578231292517,0.017431972789115645,0.006802721088435374,0.013605442176870748,0.006802721088435374,0.0055272108843537416,0.031462585034013606,0.026785714285714284,0.017431972789115645,0.00510204081632653,0.006802721088435374,0.012329931972789115,0.00467687074829932,0.03273809523809524,0.013605442176870748,0.06802721088435375,0.011479591836734694,0.05144557823129252,0.027636054421768707,0.042091836734693876,0.0008503401360544217,0.008503401360544218,0.0,0.0,0.0,0.0,0.0,0.0,0.0,0.0,0.0,0.0,0.0,0.0,0.0,0.0,0.0,0.0,0.0,0.0,0.0
welding_0009_18-35-45_p0,0.0489960407239819,0.018947963800904976,0.020149886877828056,0.01604920814479638,0.02022058823529412,0.02262443438914027,0.029058257918552037,0.022270927601809955,0.03146210407239819,0.01477658371040724,0.03485576923076923,0.015271493212669683,0.013574660633484163,0.006433823529411764,0.00904977375565611,0.003110859728506787,0.009686085972850679,0.003676470588235294,0.003464366515837104,0.0004242081447963801,0.006363122171945701,0.0009898190045248868,0.006787330316742082,0.004736990950226244,0.004595588235294118,0.01307975113122172,0.006009615384615385,0.009968891402714931,0.0007070135746606335,0.0014847285067873302,0.009261877828054299,0.0015554298642533936,0.010251696832579186,0.006009615384615385,0.018170248868778282,0.011948529411764705,0.027644230769230768,0.020361990950226245,0.053591628959276015,0.007140837104072398,0.06221719457013575,0.06320701357466063,0.048854638009049774,0.02128110859728507,0.027502828054298642,0.014493778280542987,0.02891685520361991,0.016968325791855202,0.01901866515837104,0.003393665158371041,0.009544683257918553,0.006151018099547511,0.015059389140271493,0.007635746606334841,0.007140837104072398,0.017109728506787332,0.014917986425339367,0.032805429864253395,0.009827488687782805,0.009191176470588236
welding_0009_18-35-45_p1,0.04660529344073648,0.002458416152317188,0.008107542629982216,0.004367611674861387,0.0060675802908254,0.005152212574537085,0.010095198242493985,0.0060414269275028765,0.006564494193953343,0.0013076681661261637,0.013338215294486871,0.003478397321895596,0.0058060466576001675,0.0013599748927712104,0.004446071764828957,0.000470760539805419,0.0060414269275028765,0.000470760539805419,0.002563029605607281,0.0003399937231928026,0.004942985667956899,0.00018307354325766294,0.004001464588346062,0.0008107542629982215,0.0010984412595459775,0.012422847578198556,0.0032691704153154097,0.008159849356627263,0.0013599748927712104,0.0033476305052829794,0.014096662830840045,0.00622450047076054,0.021288837744533946,0.012919761481326498,0.04069463332984622,0.036300868291662305,0.06219269798096035,0.09619207030024061,0.11823935558112773,0.011873626948425567,0.15140182027408725,0.06402343341353699,0.05991735537190083,0.013024374934616592,0.03049482163406214,0.008316769536562402,0.022727272727272728,0.013573595564389581,0.015038183910450883,0.000470760539805419,0.0026153363322523274,0.0004446071764828957,0.005570666387697458,0.0017522753426090596,0.000470760539805419,0.010330578512396695,0.0014122816194162568,0.0025107228789622345,0.00028768699654775604,0.0009153677162883146
welding_0009_18-35-45_p2,0.01837686567164179,0.012593283582089552,0.013152985074626866,0.019402985074626865,0.03404850746268657,0.04067164179104477,0.03871268656716418,0.029291044776119404,0.02378731343283582,0.013712686567164178,0.02416044776119403,0.0332089552238806,0.006343283582089552,0.0008395522388059701,0.0023320895522388058,0.00027985074626865673,0.004850746268656716,9.328358208955224e-05,0.0,0.0,0.00018656716417910448,0.0,0.0005597014925373135,9.328358208955224e-05,0.0,0.005876865671641791,9.328358208955224e-05,0.0016791044776119403,9.328358208955224e-05,0.0,0.0021455223880597015,0.0021455223880597015,0.004197761194029851,0.007276119402985074,0.01791044776119403,0.033582089552238806,0.04505597014925373,0.0953358208955224,0.14067164179104477,0.060074626865671645,0.0605410447761194,0.04365671641791045,0.013059701492537313,0.007369402985074627,0.013059701492537313,0.004384328358208955,0.009328358208955223,0.0068097014925373135,0.005597014925373134,0.002238805970149254,0.004850746268656716,0.0033582089552238806,0.008955223880597015,0.008208955223880597,0.01623134328358209,0.015391791044776119,0.014645522388059702,0.008675373134328358,0.011753731343283582,0.009048507462686567
welding_0009_18-35-45_p3,0.028007889546351084,0.016370808678500985,0.010749506903353058,0.011538461538461539,0.027416173570019724,0.03086785009861933,0.022189349112426034,0.01686390532544379,0.009960552268244575,0.008579881656804733,0.006903353057199211,0.0015779092702169625,0.002465483234714004,0.0,0.001282051282051282,0.0002958579881656805,0.004142011834319527,9.861932938856015e-05,0.0,0.0,0.001282051282051282,0.0,0.001873767258382643,0.0001972386587771203,0.0001972386587771203,0.013708086785009862,0.0007889546351084812,0.004930966469428008,0.0001972386587771203,0.0002958579881656805,0.002564102564102564,0.0007889546351084812,0.007495069033530572,0.0029585798816568047,0.016568047337278107,0.0398422090729783,0.08214990138067062,0.13757396449704143,0.17238658777120316,0.05828402366863905,0.0670611439842209,0.04408284023668639,0.024556213017751478,0.00641025641025641,0.015680473372781067,0.005128205128205128,0.014398422090729782,0.0053254437869822485,0.004536489151873767,0.0013806706114398422,0.004339250493096647,0.0028599605522682445,0.008579881656804733,0.004240631163708087,0.005226824457593688,0.008481262327416174,0.008875739644970414,0.0046351084812623275,0.008777120315581853,0.012031558185404339
welding_0009_18-35-45_p4,0.07918882978723404,0.03530585106382979,0.05538563829787234,0.02446808510638298,0.03151595744680851,0.03011968085106383,0.045744680851063826,0.050066489361702125,0.08424202127659575,0.06489361702127659,0.07712765957446809,0.11476063829787234,0.026595744680851064,0.013696808510638299,0.017087765957446807,0.015093085106382978,0.012034574468085106,0.0037898936170212764,0.0008643617021276595,0.0,0.004853723404255319,0.0,0.0011303191489361701,0.00026595744680851064,0.00046542553191489364,0.002859042553191489,0.00019946808510638297,0.002127659574468085,0.0,0.0,0.0013297872340425532,0.0,0.0005984042553191489,0.0,6.648936170212766e-05,0.0,0.0010638297872340426,0.0,0.0003324468085106383,0.00013297872340425532,0.007047872340425532,0.003125,0.004321808510638298,0.0019946808510638296,0.009707446808510638,0.0026595744680851063,0.009840425531914894,0.0035904255319148936,0.008909574468085107,0.0008643617021276595,0.014095744680851063,0.004321808510638298,0.027327127659574468,0.016688829787234044,0.008577127659574468,0.014960106382978724,0.022539893617021276,0.02353723404255319,0.006715425531914894,0.011768617021276595
welding_0010_17-38-19_p0,0.03959694989106754,0.02952069716775599,0.03888888888888889,0.025980392156862746,0.031100217864923747,0.023856209150326796,0.028431372549019607,0.018627450980392157,0.0235838779956427,0.0044662309368191724,0.02113289760348584,0.01971677559912854,0.021514161220043574,0.005827886710239652,0.023420479302832243,0.0033224400871459695,0.01911764705882353,0.0058823529411764705,0.018191721132897604,0.011002178649237472,0.03033769063180828,0.02826797385620915,0.05,0.009967320261437908,0.003431372549019608,0.010729847494553376,0.004357298474945534,0.010294117647058823,0.00043572984749455336,0.002505446623093682,0.0022875816993464053,0.003758169934640523,0.008986928104575163,0.009531590413943355,0.011710239651416121,0.007407407407407408,0.0170479302832244,0.019281045751633988,0.02565359477124183,0.0015250544662309367,0.03137254901960784,0.021241830065359478,0.01377995642701525,0.00528322440087146,0.01650326797385621,0.0021241830065359475,0.013888888888888888,0.011492374727668845,0.033932461873638346,0.0021241830065359475,0.015631808278867104,0.00522875816993464,0.029030501089324617,0.020370370370370372,0.012037037037037037,0.018736383442265796,0.02423747276688453,0.025381263616557733,0.010675381263616559,0.016230936819172113
welding_0010_17-38-19_p1,0.06132075471698113,0.029677672955974843,0.04274764150943396,0.029677672955974843,0.04716981132075472,0.03164308176100629,0.03154481132075472,0.022700471698113206,0.018081761006289308,0.0004913522012578616,0.02289701257861635,0.002456761006289308,0.008942610062893082,0.0012775157232704402,0.007763364779874214,0.001768867924528302,0.015035377358490566,0.018376572327044025,0.018474842767295597,0.012480345911949686,0.013856132075471699,0.010908018867924528,0.01474056603773585,0.004422169811320755,0.008549528301886792,0.02781053459119497,0.044516509433962265,0.030169025157232705,0.011202830188679245,0.020538522012578615,0.03744103773584906,0.008352987421383648,0.028793238993710692,0.017099056603773585,0.038620283018867926,0.02279874213836478,0.04530267295597484,0.022995283018867923,0.018867924528301886,0.0004913522012578616,0.02997248427672956,0.003636006289308176,0.0047169811320754715,0.0009827044025157233,0.002063679245283019,0.00019654088050314466,0.004618710691823899,0.00029481132075471697,0.0025550314465408804,0.00039308176100628933,0.0015723270440251573,0.00039308176100628933,0.005699685534591195,0.006780660377358491,0.001474056603773585,0.02122641509433962,0.03341194968553459,0.014445754716981132,0.0050117924528301884,0.008549528301886792
welding_0010_17-38-24_p0,0.019775390625,0.0159912109375,0.0167236328125,0.0191650390625,0.0196533203125,0.0384521484375,0.017333984375,0.0084228515625,0.0106201171875,0.0064697265625,0.0040283203125,0.0103759765625,0.0107421875,0.0052490234375,0.01123046875,0.002197265625,0.00244140625,0.0008544921875,0.0015869140625,0.000244140625,0.0006103515625,0.000244140625,0.000732421875,0.0003662109375,0.0001220703125,0.000244140625,0.00146484375,0.000732421875,0.0,0.00048828125,0.0010986328125,0.0003662109375,0.0023193359375,0.00146484375,0.006591796875,0.010009765625,0.0250244140625,0.0679931640625,0.1268310546875,0.080322265625,0.05224609375,0.0650634765625,0.03076171875,0.0224609375,0.0255126953125,0.01318359375,0.0159912109375,0.0126953125,0.01318359375,0.005615234375,0.009033203125,0.006591796875,0.017578125,0.0196533203125,0.01953125,0.0218505859375,0.0328369140625,0.01806640625,0.029052734375,0.0205078125
welding_0010_17-38-24_p1,0.004986149584487534,0.0,0.0,0.0,0.0,9.233610341643582e-05,0.00013850415512465375,4.616805170821791e-05,0.0,0.0,0.0017082179132040629,0.00023084025854108956,0.001061865189289012,0.0007848568790397045,0.002493074792243767,0.0012003693444136657,0.00221606648199446,0.00110803324099723,0.0012927054478301017,0.0,0.0006925207756232687,0.0,0.0018467220683287165,0.0016620498614958448,0.00023084025854108956,0.0025854108956602033,0.001061865189289012,0.002770083102493075,0.0012927054478301017,0.007894736842105263,0.05346260387811634,0.012603878116343491,0.017590027700831026,0.0234533702677747,0.04376731301939058,0.08060941828254847,0.1379039704524469,0.21823638042474608,0.18337950138504155,0.09986149584487534,0.05974145891043398,0.01749769159741459,0.0025854108956602033,0.0012465373961218836,0.001615881809787627,0.0006925207756232687,0.0013388734995383195,0.0009695290858725762,0.0006463527239150508,0.0,0.00443213296398892,0.0,4.616805170821791e-05,0.0,0.0,0.000554016620498615,0.0,0.0003693444136657433,0.0,0.0
welding_0010_17-38-24_p2,0.017006802721088437,0.005385487528344671,0.004251700680272109,0.006519274376417234,0.003401360544217687,0.006235827664399093,0.00510204081632653,0.005952380952380952,0.008503401360544218,0.003968253968253968,0.003401360544217687,0.0002834467120181406,0.0008503401360544217,0.0,0.001417233560090703,0.0,0.002834467120181406,0.0008503401360544217,0.003401360544217687,0.0031179138321995466,0.005668934240362812,0.0017006802721088435,0.007653061224489796,0.0045351473922902496,0.0045351473922902496,0.0045351473922902496,0.011904761904761904,0.0036848072562358277,0.013038548752834467,0.00935374149659864,0.035430839002267574,0.011904761904761904,0.035147392290249435,0.02040816326530612,0.05187074829931973,0.05924036281179138,0.03854875283446712,0.025793650793650792,0.041666666666666664,0.06405895691609978,0.10629251700680271,0.14030612244897958,0.035430839002267574,0.013605442176870748,0.024376417233560092,0.013038548752834467,0.011621315192743764,0.008503401360544218,0.006519274376417234,0.004251700680272109,0.002834467120181406,0.0045351473922902496,0.008786848072562359,0.011337868480725623,0.015022675736961451,0.026360544217687076,0.017857142857142856,0.005668934240362812,0.006519274376417234,0.003968253968253968
welding_0010_17-38-24_p3,0.059593023255813955,0.022165697674418606,0.02616279069767442,0.031613372093023256,0.04796511627906977,0.03488372093023256,0.03488372093023256,0.020348837209302327,0.0188953488372093,0.0003633720930232558,0.02507267441860465,0.007994186046511628,0.012354651162790697,0.005813953488372093,0.010901162790697675,0.0061773255813953485,0.010174418604651164,0.0061773255813953485,0.006904069767441861,0.002543604651162791,0.010901162790697675,0.006904069767441861,0.032703488372093026,0.013808139534883721,0.00944767441860465,0.03670058139534884,0.034156976744186045,0.054142441860465115,0.013444767441860465,0.016715116279069766,0.04760174418604651,0.025799418604651164,0.03670058139534884,0.012718023255813954,0.023619186046511628,0.01744186046511628,0.030159883720930234,0.010174418604651164,0.013808139534883721,0.0,0.00872093023255814,0.009811046511627907,0.003633720930232558,0.003997093023255814,0.017078488372093022,0.011627906976744186,0.014171511627906976,0.009084302325581396,0.005450581395348837,0.003633720930232558,0.0061773255813953485,0.001816860465116279,0.013808139534883721,0.01126453488372093,0.005087209302325582,0.00944767441860465,0.010537790697674418,0.0029069767441860465,0.005087209302325582,0.00872093023255814
welding_0010_17-38-24_p4,0.017631578947368422,0.014736842105263158,0.009736842105263158,0.008157894736842105,0.004210526315789474,0.005263157894736842,0.007631578947368421,0.00631578947368421,0.006578947368421052,0.004210526315789474,0.002105263157894737,0.0010526315789473684,0.0002631578947368421,0.0,0.0013157894736842105,0.0,0.002368421052631579,0.0007894736842105263,0.005789473684210527,0.0028947368421052633,0.005,0.0015789473684210526,0.006842105263157895,0.0036842105263157894,0.0036842105263157894,0.002368421052631579,0.008947368421052631,0.0036842105263157894,0.0036842105263157894,0.005789473684210527,0.02236842105263158,0.0036842105263157894,0.03105263157894737,0.026842105263157896,0.07421052631578948,0.13710526315789473,0.05421052631578947,0.04736842105263158,0.09,0.023157894736842106,0.135,0.07,0.02631578947368421,0.021842105263157895,0.01631578947368421,0.010263157894736842,0.007105263157894737,0.0060526315789473685,0.006842105263157895,0.0015789473684210526,0.003157894736842105,0.0015789473684210526,0.00631578947368421,0.002631578947368421,0.003947368421052632,0.0036842105263157894,0.006842105263157895,0.0036842105263157894,0.0044736842105263155,0.0060526315789473685
welding_0010_17-38-24_p5,0.061717352415026835,0.01967799642218247,0.027728085867620753,0.044722719141323794,0.06350626118067978,0.05858676207513417,0.059033989266547404,0.03980322003577817,0.04516994633273703,0.0017889087656529517,0.02370304114490161,0.008050089445438283,0.004919499105545617,0.0026833631484794273,0.0008944543828264759,0.007602862254025045,0.00849731663685152,0.004472271914132379,0.0022361359570661895,0.0008944543828264759,0.004919499105545617,0.004919499105545617,0.01744186046511628,0.010286225402504472,0.013864042933810376,0.0129695885509839,0.015652951699463326,0.0035778175313059034,0.0035778175313059034,0.012075134168157423,0.049194991055456175,0.03801431127012522,0.08765652951699464,0.01520572450805009,0.03175313059033989,0.005366726296958855,0.027728085867620753,0.0008944543828264759,0.014311270125223614,0.0,0.005813953488372093,0.0035778175313059034,0.0031305903398926656,0.0013416815742397137,0.006261180679785331,0.0026833631484794273,0.011627906976744186,0.007155635062611807,0.007602862254025045,0.0026833631484794273,0.007602862254025045,0.0008944543828264759,0.011627906976744186,0.007602862254025045,0.008944543828264758,0.014311270125223614,0.014758497316636851,0.006261180679785331,0.009838998211091235,0.011180679785330949
welding_0010_17-38-24_p6,0.04525273224043716,0.022370218579234973,0.0391051912568306,0.04644808743169399,0.04781420765027322,0.04593579234972678,0.018954918032786885,0.01092896174863388,0.017930327868852458,0.010416666666666666,0.006318306010928962,0.005293715846994535,0.0029030054644808745,0.0,0.004610655737704918,0.0,0.003586065573770492,0.0,0.00546448087431694,0.0,0.0015368852459016393,0.0,0.0034153005464480873,0.0010245901639344263,0.0010245901639344263,0.003756830601092896,0.0025614754098360654,0.0008538251366120218,0.001366120218579235,0.0011953551912568306,0.006147540983606557,0.00273224043715847,0.005293715846994535,0.0022199453551912567,0.010758196721311475,0.010075136612021859,0.022370218579234973,0.0469603825136612,0.11612021857923498,0.08777322404371585,0.0467896174863388,0.03551912568306011,0.012978142076502733,0.011441256830601093,0.01366120218579235,0.009050546448087431,0.008709016393442622,0.007513661202185792,0.008709016393442622,0.004439890710382513,0.008025956284153006,0.003244535519125683,0.008709016393442622,0.009562841530054645,0.010416666666666666,0.015881147540983607,0.03449453551912568,0.04149590163934426,0.02185792349726776,0.02698087431693989
welding_0010_17-38-24_p7,0.030412946428571428,0.021763392857142856,0.026413690476190476,0.01953125,0.029389880952380952,0.033482142857142856,0.02780877976190476,0.020461309523809524,0.018601190476190476,0.0013020833333333333,0.007626488095238095,0.002697172619047619,0.006138392857142857,0.00027901785714285713,0.01878720238095238,0.00027901785714285713,0.017206101190476192,0.0004650297619047619,0.0020461309523809525,0.0,0.0006510416666666666,0.0,0.005301339285714286,0.0016741071428571428,0.0010230654761904762,0.011997767857142858,0.004929315476190476,0.006603422619047619,0.000744047619047619,0.0015811011904761905,0.005208333333333333,0.00027901785714285713,0.01097470238095238,0.004929315476190476,0.013206845238095238,0.005859375,0.024739583333333332,0.039341517857142856,0.08407738095238096,0.022321428571428572,0.08351934523809523,0.10444568452380952,0.05161830357142857,0.017299107142857144,0.03004092261904762,0.006045386904761905,0.021577380952380952,0.011253720238095238,0.011811755952380952,0.003627232142857143,0.007254464285714286,0.002976190476190476,0.013020833333333334,0.008277529761904762,0.009765625,0.014136904761904762,0.02390252976190476,0.01404389880952381,0.017020089285714284,0.018229166666666668
welding_0010_17-38-24_p8,0.03135146103896104,0.026785714285714284,0.01755275974025974,0.020292207792207792,0.025669642857142856,0.033177759740259744,0.023031655844155844,0.018161525974025976,0.013798701298701298,0.010551948051948052,0.005478896103896104,0.0006087662337662338,0.0006087662337662338,0.00010146103896103897,0.0003043831168831169,0.0,0.00010146103896103897,0.00010146103896103897,0.00010146103896103897,0.0,0.00010146103896103897,0.0,0.00040584415584415587,0.0,0.0,0.0017248376623376623,0.00040584415584415587,0.0013189935064935065,0.0,0.0,0.0016233766233766235,0.0007102272727272727,0.004159902597402597,0.00487012987012987,0.01775568181818182,0.026481331168831168,0.040685876623376624,0.06787743506493507,0.09547483766233766,0.03926542207792208,0.09375,0.07832792207792208,0.033583603896103896,0.020799512987012988,0.024147727272727272,0.01765422077922078,0.01755275974025974,0.00974025974025974,0.009334415584415584,0.004565746753246753,0.007406655844155844,0.004058441558441558,0.014508928571428572,0.013798701298701298,0.015016233766233766,0.018567370129870128,0.024857954545454544,0.01065340909090909,0.020698051948051948,0.030336850649350648
welding_0010_17-38-24_p9,0.04211538461538462,0.017884615384615384,0.019230769230769232,0.01653846153846154,0.017884615384615384,0.015769230769230768,0.011923076923076923,0.007307692307692308,0.008461538461538461,0.004230769230769231,0.0034615384615384616,0.001346153846153846,0.002307692307692308,0.0,0.004423076923076923,0.0,0.004230769230769231,0.0,0.006730769230769231,0.0,0.0017307692307692308,0.0,0.005,0.0019230769230769232,0.0017307692307692308,0.004423076923076923,0.006538461538461538,0.0019230769230769232,0.0015384615384615385,0.003269230769230769,0.010192307692307691,0.004423076923076923,0.019807692307692307,0.021923076923076924,0.06230769230769231,0.08923076923076922,0.04596153846153846,0.06076923076923077,0.11903846153846154,0.05653846153846154,0.08730769230769231,0.03826923076923077,0.014807692307692308,0.012884615384615385,0.013653846153846154,0.006730769230769231,0.007115384615384615,0.006346153846153846,0.008076923076923077,0.0019230769230769232,0.005961538461538462,0.0021153846153846153,0.0075,0.005384615384615384,0.006153846153846154,0.008846153846153846,0.012884615384615385,0.0175,0.015192307692307692,0.019230769230769232
welding_0010_17-38-24_p10,0.03260869565217391,0.029102384291725104,0.033660589060308554,0.03295932678821879,0.03190743338008415,0.07398316970546985,0.02314165497896213,0.012973352033660589,0.014375876577840112,0.011921458625525946,0.004207573632538569,0.0,0.0,0.0,0.0,0.0007012622720897616,0.0010518934081346423,0.0003506311360448808,0.0024544179523141654,0.0003506311360448808,0.0007012622720897616,0.0003506311360448808,0.0003506311360448808,0.0003506311360448808,0.0003506311360448808,0.0,0.002805049088359046,0.0,0.0,0.0007012622720897616,0.0,0.0,0.001402524544179523,0.0007012622720897616,0.0017531556802244039,0.001402524544179523,0.0038569424964936885,0.01332398316970547,0.030855539971949508,0.02279102384291725,0.017180925666199158,0.03506311360448808,0.03190743338008415,0.024894810659186535,0.02664796633941094,0.0182328190743338,0.024193548387096774,0.02279102384291725,0.021388499298737727,0.009817671809256662,0.017180925666199158,0.014726507713884993,0.03611500701262272,0.038920056100981766,0.038218793828892005,0.051542776998597474,0.07152875175315568,0.03225806451612903,0.05049088359046283,0.029453015427769985
welding_0010_18-06-32_p0,0.06587301587301587,0.006288156288156288,0.0056776556776556774,0.004578754578754579,0.005982905982905983,0.005128205128205128,0.014652014652014652,0.01105006105006105,0.02094017094017094,0.009523809523809525,0.025763125763125762,0.00347985347985348,0.003907203907203907,0.0031135531135531138,0.003785103785103785,0.0007936507936507937,0.005433455433455433,0.0010378510378510379,0.0008547008547008547,0.0,0.005982905982905983,0.0,0.0031746031746031746,0.0001221001221001221,0.0,0.017643467643467643,0.002258852258852259,0.006837606837606838,0.0,0.0009157509157509158,0.003601953601953602,0.0018925518925518926,0.016056166056166055,0.008852258852258852,0.013247863247863248,0.007997557997557997,0.05366300366300366,0.010744810744810745,0.043467643467643466,0.0004884004884004884,0.09169719169719169,0.02161172161172161,0.0645909645909646,0.024053724053724055,0.03705738705738706,0.026617826617826617,0.0648962148962149,0.0038461538461538464,0.00866910866910867,0.0005494505494505495,0.0015873015873015873,0.0028083028083028083,0.01282051282051282,0.010561660561660562,0.028144078144078145,0.06349206349206349,0.041819291819291816,0.005494505494505495,0.0796092796092796,0.015262515262515262
welding_0010_18-06-32_p1,0.04682217714672076,0.03786342123056119,0.0399763353617309,0.058992562542258285,0.056710615280595,0.07893847194050034,0.06558485463150777,0.13125422582826235,0.11342123056119,0.025524002704530088,0.05138607167004733,0.019523326572008115,0.02332657200811359,0.013353617308992562,0.033637592968221774,0.013860716700473293,0.00414131169709263,0.0015212981744421906,0.0014367816091954023,0.0003380662609871535,0.002789046653144016,0.000676132521974307,0.0016903313049357674,0.0010987153482082488,0.002281947261663286,0.002704530087897228,0.0032961460446247464,0.001605814739688979,0.0019438810006761325,0.0018593644354293441,0.0023664638269100743,0.004479377958079784,0.004732927653820149,0.002789046653144016,0.0024509803921568627,0.000676132521974307,0.0010987153482082488,0.0002535496957403651,0.00042258282623394185,0.0,0.002028397565922921,8.451656524678837e-05,0.00042258282623394185,0.0,0.0002535496957403651,8.451656524678837e-05,0.0009296822177146721,0.0,0.00016903313049357674,0.0,0.0,0.0,0.0007606490872210953,0.0007606490872210953,0.000676132521974307,0.0035496957403651115,0.00980392156862745,0.015804597701149427,0.048427991886409734,0.059415145368492225
welding_0010_18-06-32_p2,0.06354631696428571,0.008719308035714286,0.013671875,0.008649553571428572,0.011579241071428572,0.007463727678571429,0.022321428571428572,0.013532366071428572,0.033412388392857144,0.013044084821428572,0.023158482142857144,0.002162388392857143,0.0017438616071428572,0.00013950892857142856,0.0011160714285714285,0.00013950892857142856,0.003138950892857143,0.00027901785714285713,0.0010463169642857143,0.0,0.006138392857142857,0.0,0.0025111607142857145,0.00020926339285714285,0.0,0.007742745535714286,0.003138950892857143,0.009347098214285714,0.0,0.00020926339285714285,0.0023018973214285715,6.975446428571428e-05,0.014578683035714286,0.008579799107142858,0.010951450892857142,0.013113839285714286,0.08517020089285714,0.09730747767857142,0.04094587053571429,0.006138392857142857,0.05412946428571429,0.024344308035714284,0.019601004464285716,0.023995535714285716,0.021135602678571428,0.016462053571428572,0.05775669642857143,0.016671316964285716,0.016741071428571428,0.0009068080357142857,0.00341796875,0.00013950892857142856,0.014299665178571428,0.005719866071428571,0.004673549107142857,0.0673828125,0.028390066964285716,0.015345982142857142,0.05726841517857143,0.014299665178571428
welding_0010_18-06-32_p3,0.0263536866359447,0.011088709677419355,0.012672811059907835,0.011664746543778802,0.013824884792626729,0.011232718894009217,0.017569124423963134,0.02217741935483871,0.015120967741935484,0.0024481566820276496,0.01483294930875576,0.009648617511520737,0.008496543778801843,0.002736175115207373,0.005328341013824885,0.0020161290322580645,0.0037442396313364054,0.0008640552995391706,0.0024481566820276496,0.0,0.002304147465437788,0.0,0.003600230414746544,0.0024481566820276496,0.002880184331797235,0.005472350230414746,0.0066244239631336405,0.004752304147465438,0.0067684331797235025,0.008064516129032258,0.01310483870967742,0.004320276497695853,0.009648617511520737,0.009936635944700461,0.018433179723502304,0.05558755760368664,0.02793778801843318,0.0862615207373272,0.029953917050691243,0.0007200460829493088,0.021601382488479263,0.024337557603686635,0.03931451612903226,0.0263536866359447,0.051555299539170506,0.02476958525345622,0.05601958525345622,0.04363479262672811,0.061347926267281104,0.008064516129032258,0.025057603686635944,0.009936635944700461,0.02044930875576037,0.015120967741935484,0.015841013824884793,0.011808755760368663,0.01972926267281106,0.010512672811059907,0.008496543778801843,0.012960829493087557
welding_0010_18-06-32_p4,0.08732193732193733,0.03148148148148148,0.08475783475783476,0.06495726495726496,0.08903133903133903,0.05641025641025641,0.055982905982905985,0.03447293447293447,0.03091168091168091,0.0008547008547008547,0.03176638176638177,0.03361823361823362,0.016524216524216526,0.005555555555555556,0.007122507122507123,0.001282051282051282,0.0024216524216524216,0.0017094017094017094,0.001282051282051282,0.0,0.0027065527065527066,0.00042735042735042735,0.0008547008547008547,0.0002849002849002849,0.00042735042735042735,0.0002849002849002849,0.0019943019943019944,0.0008547008547008547,0.0,0.0002849002849002849,0.0007122507122507123,0.0002849002849002849,0.001851851851851852,0.00014245014245014244,0.002279202279202279,0.00042735042735042735,0.002564102564102564,0.0008547008547008547,0.004700854700854701,0.0,0.021937321937321938,0.03034188034188034,0.017948717948717947,0.01396011396011396,0.02207977207977208,0.004843304843304843,0.021082621082621083,0.003703703703703704,0.004843304843304843,0.001282051282051282,0.007264957264957265,0.002564102564102564,0.008262108262108263,0.011538461538461539,0.007122507122507123,0.037321937321937323,0.054273504273504275,0.027065527065527065,0.015954415954415956,0.02720797720797721
welding_0010_18-06-32_p5,0.0980324074074074,0.024652777777777777,0.06157407407407407,0.0369212962962963,0.05381944444444445,0.03356481481481482,0.06840277777777778,0.029282407407407406,0.03819444444444445,0.0006944444444444445,0.05497685185185185,0.02974537037037037,0.020833333333333332,0.0025462962962962965,0.004050925925925926,0.000925925925925926,0.005324074074074074,0.001388888888888889,0.0010416666666666667,0.0,0.0028935185185185184,0.00034722222222222224,0.0006944444444444445,0.0002314814814814815,0.00034722222222222224,0.008680555555555556,0.0016203703703703703,0.0006944444444444445,0.0,0.0002314814814814815,0.0010416666666666667,0.0002314814814814815,0.0023148148148148147,0.000925925925925926,0.0032407407407407406,0.000925925925925926,0.017939814814814815,0.001851851851851852,0.011805555555555555,0.00011574074074074075,0.05127314814814815,0.03726851851851852,0.02962962962962963,0.015162037037037036,0.031828703703703706,0.005671296296296297,0.02847222222222222,0.004166666666666667,0.005324074074074074,0.0010416666666666667,0.002777777777777778,0.0020833333333333333,0.00787037037037037,0.006828703703703704,0.005902777777777778,0.048726851851851855,0.020949074074074075,0.028935185185185185,0.022569444444444444,0.02141203703703704
welding_0010_18-06-32_p6,0.041408668730650154,0.006578947368421052,0.02128482972136223,0.019736842105263157,0.034055727554179564,0.03908668730650155,0.05843653250773994,0.04837461300309598,0.04721362229102167,0.011996904024767802,0.03676470588235294,0.005417956656346749,0.0042569659442724455,0.0011609907120743034,0.00696594427244582,0.0011609907120743034,0.010061919504643963,0.0,0.001934984520123839,0.0,0.0011609907120743034,0.0,0.005417956656346749,0.0023219814241486067,0.0,0.013157894736842105,0.01393188854489164,0.016253869969040248,0.0,0.007739938080495356,0.051470588235294115,0.013544891640866873,0.051470588235294115,0.02979876160990712,0.05495356037151703,0.033281733746130034,0.050696594427244585,0.05921052631578947,0.05804953560371517,0.0003869969040247678,0.05379256965944272,0.006191950464396285,0.012770897832817337,0.00348297213622291,0.0030959752321981426,0.0027089783281733747,0.00696594427244582,0.0015479876160990713,0.0,0.0,0.017027863777089782,0.0,0.0046439628482972135,0.0015479876160990713,0.0011609907120743034,0.010061919504643963,0.006191950464396285,0.005030959752321981,0.0007739938080495357,0.0042569659442724455
welding_0010_18-19-59_p0,0.012670565302144249,0.0060916179337231965,0.011939571150097465,0.016203703703703703,0.02046783625730994,0.03545321637426901,0.03679337231968811,0.05567738791423002,0.07711988304093567,0.042519493177387915,0.053118908382066274,0.06055068226120858,0.04117933723196881,0.021198830409356724,0.03533138401559454,0.010112085769980506,0.01608187134502924,0.017909356725146198,0.01985867446393762,0.004995126705653021,0.015594541910331383,0.007675438596491228,0.02010233918128655,0.029848927875243663,0.05787037037037037,0.02387914230019493,0.034600389863547756,0.006457115009746588,0.017787524366471734,0.01985867446393762,0.016325536062378167,0.007188109161793372,0.00962475633528265,0.004995126705653021,0.007066276803118908,0.003776803118908382,0.009868421052631578,0.013888888888888888,0.034600389863547756,0.0192495126705653,0.011939571150097465,0.005604288499025341,0.0024366471734892786,0.0006091617933723197,0.001827485380116959,0.00024366471734892786,0.0012183235867446393,0.0009746588693957114,0.0024366471734892786,0.00024366471734892786,0.001949317738791423,0.0009746588693957114,0.0012183235867446393,0.0003654970760233918,0.0013401559454191032,0.0009746588693957114,0.003167641325536062,0.0010964912280701754,0.0028021442495126704,0.0030458089668615983
welding_0010_18-19-59_p1,0.016203703703703703,0.01589506172839506,0.014351851851851852,0.018827160493827162,0.008564814814814815,0.010030864197530864,0.005787037037037037,0.00794753086419753,0.011574074074074073,0.005632716049382716,0.003626543209876543,0.0038580246913580245,0.007638888888888889,0.011111111111111112,0.009567901234567902,0.0008487654320987654,0.004552469135802469,0.0006944444444444445,0.0011574074074074073,0.0,0.0,0.0,0.0024691358024691358,7.716049382716049e-05,0.0,0.0012345679012345679,0.0002314814814814815,0.0017746913580246914,0.0,7.716049382716049e-05,0.005632716049382716,0.0022376543209876544,0.004243827160493827,0.007021604938271605,0.015277777777777777,0.0279320987654321,0.05393518518518518,0.11319444444444444,0.16242283950617284,0.13935185185185187,0.047839506172839504,0.04567901234567901,0.01751543209876543,0.011805555555555555,0.014969135802469136,0.013888888888888888,0.010185185185185186,0.007561728395061728,0.007638888888888889,0.010030864197530864,0.010185185185185186,0.010956790123456791,0.012268518518518519,0.013503086419753086,0.017746913580246913,0.012962962962962963,0.013734567901234567,0.006095679012345679,0.011419753086419753,0.009027777777777777
welding_0010_18-19-59_p2,0.0005376344086021505,0.00026881720430107527,0.0008602150537634409,0.0025268817204301074,0.0017741935483870969,0.0011827956989247312,0.0006989247311827957,0.000967741935483871,0.0008064516129032258,5.3763440860215054e-05,0.0012903225806451613,0.0012365591397849463,0.000967741935483871,0.0014516129032258066,0.0017741935483870969,0.00016129032258064516,0.0017741935483870969,0.0015053763440860215,0.002311827956989247,5.3763440860215054e-05,0.0012903225806451613,0.0,0.0016666666666666668,0.0005913978494623656,5.3763440860215054e-05,0.0026344086021505377,0.0005376344086021505,0.0025268817204301074,5.3763440860215054e-05,0.00021505376344086021,0.0017741935483870969,0.0003225806451612903,0.0047849462365591395,0.007741935483870968,0.01903225806451613,0.04774193548387097,0.13838709677419356,0.20344086021505375,0.23344086021505375,0.12032258064516128,0.07919354838709677,0.051989247311827955,0.022204301075268818,0.009946236559139785,0.007688172043010753,0.005161290322580645,0.004139784946236559,0.003064516129032258,0.0025806451612903226,0.0008064516129032258,0.0008602150537634409,0.00026881720430107527,0.001075268817204301,0.0005376344086021505,0.0003763440860215054,0.00016129032258064516,0.00043010752688172043,0.00026881720430107527,0.00010752688172043011,0.0003763440860215054
welding_0010_18-19-59_p3,0.0036525974025974025,0.0,0.0,0.0,0.0,0.0,0.0,0.0,0.0,0.0,0.007711038961038961,0.08400974025974026,0.1148538961038961,0.0945616883116883,0.12012987012987013,0.06655844155844155,0.16964285714285715,0.05154220779220779,0.04017857142857143,0.017857142857142856,0.017045454545454544,0.00040584415584415587,0.037743506493506496,0.012987012987012988,0.0,0.04342532467532467,0.003246753246753247,0.019886363636363636,0.0,0.0,0.0,0.0,0.008522727272727272,0.0,0.006087662337662338,0.004058441558441558,0.028003246753246752,0.022727272727272728,0.023133116883116884,0.0,0.002029220779220779,0.0,0.0,0.0,0.0,0.0,0.0,0.0,0.0,0.0,0.0,0.0,0.0,0.0,0.0,0.0,0.0,0.0,0.0,0.0
welding_0010_18-19-59_p4,0.06654135338345865,0.013157894736842105,0.018796992481203006,0.010526315789473684,0.010526315789473684,0.012030075187969926,0.02894736842105263,0.031578947368421054,0.02819548872180451,0.010902255639097745,0.04586466165413534,0.0462406015037594,0.03684210526315789,0.012030075187969926,0.0406015037593985,0.021052631578947368,0.043233082706766915,0.03984962406015038,0.0443609022556391,0.020676691729323307,0.04736842105263158,0.016541353383458645,0.03458646616541353,0.010526315789473684,0.012030075187969926,0.02556390977443609,0.014285714285714285,0.006766917293233083,0.0,0.00037593984962406017,0.007518796992481203,0.0,0.012781954887218045,0.0033834586466165413,0.009774436090225564,0.004511278195488722,0.018421052631578946,0.015413533834586466,0.004887218045112782,0.0,0.012030075187969926,0.0,0.002255639097744361,0.00037593984962406017,0.0015037593984962407,0.00037593984962406017,0.005639097744360902,0.0018796992481203006,0.0037593984962406013,0.0011278195488721805,0.006766917293233083,0.0033834586466165413,0.009398496240601503,0.006015037593984963,0.009022556390977444,0.016165413533834588,0.03383458646616541,0.03571428571428571,0.014661654135338346,0.009398496240601503
welding_0010_18-35-46_p0,0.04004935307456316,0.020574896625316794,0.031512605042016806,0.019541149793250633,0.02287581699346405,0.023476057089502466,0.023609443777511004,0.03341336534613846,0.06455915699613178,0.07736427904495131,0.07386287848472722,0.2199546485260771,0.10264105642256903,0.024876617313592104,0.020608243297318928,0.013038548752834467,0.012638388688808858,0.0058690142723756165,0.004168334000266774,0.00046685340802987864,0.004568494064292383,0.00030012004801920766,0.002134187008136588,0.0007002801120448179,0.0011004401760704283,0.0036347872482326263,0.0013672135520875017,0.0018674136321195146,0.00013338668800853674,0.00046685340802987864,0.001233826864078965,0.0,0.0007669734560490863,6.669334400426837e-05,0.00020008003201280514,0.00010004001600640257,0.0027344271041750035,0.0006669334400426837,0.0024009603841536613,0.0002667733760170735,0.009770574896625316,0.004034947312258236,0.004701880752300921,0.0014672535680939041,0.004968654128317994,0.0017006802721088435,0.006702681072428972,0.0038348672802454315,0.010104041616646658,0.0016339869281045752,0.009903961584633853,0.004201680672268907,0.013672135520875017,0.009770574896625316,0.01050420168067227,0.008770174736561291,0.014605842336934774,0.007936507936507936,0.004068293984260371,0.007836467920501534
welding_0010_18-35-46_p1,0.04436188811188811,0.014568764568764568,0.01791958041958042,0.016462703962703964,0.017482517482517484,0.02046911421911422,0.030157342657342656,0.021780303030303032,0.02972027972027972,0.017846736596736596,0.03226981351981352,0.010853729603729604,0.014277389277389278,0.007138694638694639,0.008814102564102564,0.004152097902097902,0.01150932400932401,0.004297785547785548,0.002913752913752914,0.000946969696969697,0.005973193473193473,0.0017482517482517483,0.007284382284382284,0.005244755244755245,0.004443473193473193,0.010926573426573426,0.00793997668997669,0.006993006993006993,0.0021124708624708625,0.0016754079254079255,0.008886946386946386,0.0015297202797202797,0.010416666666666666,0.005827505827505828,0.014787296037296038,0.011145104895104896,0.027389277389277388,0.030594405594405596,0.059003496503496504,0.008085664335664336,0.06628787878787878,0.06111596736596737,0.04793123543123543,0.021853146853146852,0.03154137529137529,0.01129079254079254,0.028991841491841492,0.023237179487179488,0.021197552447552448,0.005026223776223776,0.011436480186480186,0.006337412587412587,0.014204545454545454,0.00946969696969697,0.008668414918414918,0.018648018648018648,0.015224358974358974,0.02607808857808858,0.005244755244755245,0.006264568764568765
welding_0010_18-35-46_p2,0.040290178571428574,0.03571428571428571,0.026004464285714287,0.03325892857142857,0.048214285714285716,0.040401785714285716,0.025669642857142856,0.025669642857142856,0.02544642857142857,0.015848214285714285,0.018973214285714284,0.03850446428571429,0.011830357142857142,0.002455357142857143,0.0046875,0.0015625,0.004352678571428572,0.0015625,0.0020089285714285712,0.0003348214285714286,0.0005580357142857143,0.0,0.0040178571428571425,0.0005580357142857143,0.0,0.002455357142857143,0.003125,0.0033482142857142855,0.0002232142857142857,0.0005580357142857143,0.00625,0.005357142857142857,0.007589285714285714,0.01015625,0.01830357142857143,0.03571428571428571,0.062276785714285715,0.07633928571428572,0.08482142857142858,0.01997767857142857,0.05747767857142857,0.045089285714285714,0.017299107142857144,0.010267857142857143,0.010267857142857143,0.003125,0.00859375,0.0056919642857142854,0.0060267857142857146,0.0012276785714285714,0.006808035714285714,0.002455357142857143,0.0078125,0.006919642857142857,0.009151785714285715,0.005915178571428571,0.01685267857142857,0.005022321428571429,0.011049107142857144,0.018526785714285714
