roi_id,2.0,6.0,10.0,14.0,18.0,22.0,26.0,30.0,34.0,38.0,42.0,46.0,50.0,54.0,58.0,62.0,66.0,70.0,74.0,78.0,82.0,86.0,90.0,94.0,98.0,102.0,106.0,110.0,114.0,118.0,122.0,126.0,130.0,134.0,138.0,142.0,146.0,150.0,154.0,158.0,162.0,166.0,170.0,174.0,178.0,182.0,186.0,190.0,194.0,198.0,202.0,206.0,210.0,214.0,218.0,222.0,226.0,230.0,234.0,238.0,242.0,246.0,250.0,254.0
welding_0001_17-38-12_p0,0.03873239436619718,0.06194982394366197,0.09837147887323944,0.09804137323943662,0.08692781690140845,0.08945862676056338,0.07823503521126761,0.08417693661971831,0.0605193661971831,0.04456426056338028,0.03411091549295775,0.025418133802816902,0.022557218309859156,0.01716549295774648,0.014194542253521127,0.009352992957746479,0.010893485915492957,0.008362676056338027,0.008032570422535211,0.005831866197183099,0.00528169014084507,0.005721830985915493,0.00429137323943662,0.0024207746478873238,0.00429137323943662,0.0030809859154929575,0.0027508802816901406,0.0025308098591549297,0.0011003521126760564,0.0022007042253521128,0.0013204225352112676,0.0024207746478873238,0.0022007042253521128,0.0008802816901408451,0.0014304577464788733,0.002090669014084507,0.0009903169014084507,0.0009903169014084507,0.0016505281690140845,0.0012103873239436619,0.0003301056338028169,0.0012103873239436619,0.0014304577464788733,0.0006602112676056338,0.00044014084507042255,0.0005501760563380282,0.0005501760563380282,0.0012103873239436619,0.00044014084507042255,0.0007702464788732394,0.0008802816901408451,0.0007702464788732394,0.0007702464788732394,0.0016505281690140845,0.0013204225352112676,0.0012103873239436619,0.0003301056338028169,0.0003301056338028169,0.0007702464788732394,0.0006602112676056338,0.0008802816901408451,0.00022007042253521127,0.00011003521126760564,0.03675176056338028
welding_0001_17-38-12_p1,0.03676470588235294,0.05075901328273245,0.07293643263757116,0.07815464895635674,0.08337286527514232,0.09973908918406073,0.09143738140417457,0.08882827324478178,0.06226280834914611,0.04506641366223909,0.03332542694497154,0.02644686907020873,0.02526091081593928,0.019331119544592032,0.015417457305502846,0.011859582542694497,0.011029411764705883,0.009487666034155597,0.008894686907020872,0.007945920303605313,0.006048387096774193,0.006522770398481974,0.005455407969639468,0.0029648956356736244,0.004981024667931689,0.003202087286527514,0.004269449715370019,0.0034392789373814043,0.0013045540796963948,0.0034392789373814043,0.0023719165085388993,0.0022533206831119547,0.003202087286527514,0.0016603415559772296,0.0018975332068311196,0.0022533206831119547,0.0011859582542694497,0.0007115749525616698,0.0018975332068311196,0.0013045540796963948,0.0009487666034155598,0.0009487666034155598,0.0022533206831119547,0.0011859582542694497,0.0009487666034155598,0.0013045540796963948,0.0007115749525616698,0.0010673624288425048,0.0004743833017077799,0.0009487666034155598,0.0007115749525616698,0.0007115749525616698,0.0010673624288425048,0.0015417457305502847,0.0013045540796963948,0.0013045540796963948,0.0005929791271347248,0.0003557874762808349,0.0011859582542694497,0.0009487666034155598,0.0008301707779886148,0.0003557874762808349,0.00011859582542694497,0.03949240986717267
welding_0001_17-38-12_p2,0.02159468438538206,0.0729858803986711,0.1131125415282392,0.12583056478405316,0.1636731727574751,0.1221968438538206,0.07724252491694353,0.06950789036544851,0.04645971760797342,0.038932724252491696,0.02387873754152824,0.014742524916943521,0.011212624584717609,0.007475083056478406,0.006592607973421927,0.004931478405315615,0.003841362126245847,0.00436046511627907,0.003997093023255814,0.003426079734219269,0.004152823920265781,0.003737541528239203,0.0038932724252491694,0.004723837209302325,0.004620016611295681,0.004568106312292359,0.005035299003322259,0.0060215946843853825,0.003581810631229236,0.003997093023255814,0.0022840531561461796,0.0017649501661129569,0.0015053986710963456,0.0011420265780730898,0.0010901162790697674,0.0008824750830564784,0.0008824750830564784,0.0008824750830564784,0.0009343853820598007,0.00046719269102990036,0.0007267441860465116,0.0005191029900332226,0.0003633720930232558,5.191029900332226e-05,0.0005191029900332226,0.0004152823920265781,0.0002595514950166113,0.0003633720930232558,0.00015573089700996677,0.00015573089700996677,0.00020764119601328904,5.191029900332226e-05,0.00020764119601328904,0.0002595514950166113,0.00010382059800664452,0.00010382059800664452,0.00010382059800664452,0.00015573089700996677,0.00015573089700996677,0.0002595514950166113,0.00015573089700996677,0.00010382059800664452,5.191029900332226e-05,0.002387873754152824
welding_0001_17-38-12_p3,0.08067796610169492,0.14898305084745764,0.13440677966101694,0.12576271186440677,0.08949152542372882,0.06186440677966102,0.05694915254237288,0.03559322033898305,0.025254237288135594,0.017966101694915255,0.01440677966101695,0.015593220338983051,0.012203389830508475,0.010508474576271187,0.007796610169491526,0.006101694915254237,0.008813559322033898,0.006779661016949152,0.006610169491525424,0.003389830508474576,0.006610169491525424,0.004067796610169492,0.0047457627118644066,0.0032203389830508474,0.004067796610169492,0.004406779661016949,0.003389830508474576,0.003728813559322034,0.001864406779661017,0.0030508474576271187,0.002033898305084746,0.0023728813559322033,0.003559322033898305,0.001694915254237288,0.001864406779661017,0.004067796610169492,0.0011864406779661016,0.001864406779661017,0.0015254237288135593,0.0022033898305084745,0.0013559322033898306,0.000847457627118644,0.002542372881355932,0.0005084745762711864,0.0013559322033898306,0.001016949152542373,0.001016949152542373,0.0022033898305084745,0.00033898305084745765,0.001016949152542373,0.0011864406779661016,0.0005084745762711864,0.000847457627118644,0.002033898305084746,0.000847457627118644,0.001694915254237288,0.00033898305084745765,0.00016949152542372882,0.0006779661016949153,0.00033898305084745765,0.00016949152542372882,0.00033898305084745765,0.00033898305084745765,0.047627118644067795
welding_0001_17-38-12_p4,0.02484848484848485,0.07401515151515152,0.12818181818181817,0.1018939393939394,0.10621212121212122,0.10946969696969697,0.07931818181818182,0.07136363636363637,0.047196969696969696,0.028712121212121213,0.023636363636363636,0.01196969696969697,0.013333333333333334,0.008863636363636363,0.009015151515151516,0.008636363636363636,0.008484848484848486,0.0069696969696969695,0.006818181818181818,0.006136363636363636,0.007272727272727273,0.005454545454545455,0.005757575757575757,0.0033333333333333335,0.005227272727272727,0.005454545454545455,0.0036363636363636364,0.0032575757575757577,0.0025,0.003181818181818182,0.003106060606060606,0.0024242424242424242,0.0036363636363636364,0.0027272727272727275,0.0023484848484848484,0.0022727272727272726,0.0018181818181818182,0.0018181818181818182,0.0025,0.0024242424242424242,0.0015151515151515152,0.0015151515151515152,0.0015151515151515152,0.001287878787878788,0.0011363636363636363,0.0015151515151515152,0.0012121212121212121,0.001893939393939394,0.0008333333333333334,0.0009090909090909091,0.0009090909090909091,0.001287878787878788,0.0006060606060606061,0.0009090909090909091,0.0011363636363636363,0.0006060606060606061,0.0008333333333333334,0.0012121212121212121,0.0006060606060606061,0.0008333333333333334,0.0006818181818181819,0.0006818181818181819,0.0005303030303030304,0.030606060606060605
welding_0001_17-38-12_p5,0.06767241379310344,0.06379310344827586,0.07327586206896551,0.08879310344827586,0.08706896551724137,0.07801724137931035,0.05517241379310345,0.0353448275862069,0.028448275862068967,0.028448275862068967,0.02543103448275862,0.016379310344827588,0.01939655172413793,0.01896551724137931,0.01810344827586207,0.01293103448275862,0.015948275862068966,0.013793103448275862,0.01810344827586207,0.010344827586206896,0.009482758620689655,0.010775862068965518,0.01206896551724138,0.0034482758620689655,0.005172413793103448,0.007327586206896552,0.005603448275862069,0.007327586206896552,0.002586206896551724,0.004310344827586207,0.0021551724137931034,0.004310344827586207,0.004310344827586207,0.0017241379310344827,0.002586206896551724,0.0047413793103448275,0.002586206896551724,0.003017241379310345,0.0034482758620689655,0.001293103448275862,0.0017241379310344827,0.003879310344827586,0.0034482758620689655,0.002586206896551724,0.0008620689655172414,0.0017241379310344827,0.0004310344827586207,0.0017241379310344827,0.001293103448275862,0.0017241379310344827,0.001293103448275862,0.001293103448275862,0.0017241379310344827,0.002586206896551724,0.0017241379310344827,0.002586206896551724,0.0008620689655172414,0.001293103448275862,0.0004310344827586207,0.0021551724137931034,0.002586206896551724,0.0008620689655172414,0.0004310344827586207,0.08706896551724137
welding_0001_17-38-12_p6,0.03581730769230769,0.125,0.17391826923076922,0.18473557692307693,0.12463942307692308,0.08557692307692308,0.0703125,0.03125,0.02283653846153846,0.02175480769230769,0.01706730769230769,0.013822115384615384,0.010697115384615385,0.009014423076923076,0.007451923076923077,0.005288461538461539,0.006490384615384616,0.005048076923076923,0.003125,0.0026442307692307694,0.003245192307692308,0.002764423076923077,0.0021634615384615386,0.002043269230769231,0.0021634615384615386,0.0015625,0.0015625,0.001201923076923077,0.0010817307692307693,0.0008413461538461539,0.001201923076923077,0.0004807692307692308,0.001201923076923077,0.0003605769230769231,0.001201923076923077,0.0003605769230769231,0.0002403846153846154,0.0002403846153846154,0.0006009615384615385,0.0007211538461538462,0.0001201923076923077,0.0001201923076923077,0.0008413461538461539,0.0002403846153846154,0.0003605769230769231,0.0006009615384615385,0.0001201923076923077,0.0003605769230769231,0.0001201923076923077,0.0003605769230769231,0.0,0.0006009615384615385,0.0001201923076923077,0.0004807692307692308,0.0003605769230769231,0.0001201923076923077,0.0002403846153846154,0.0006009615384615385,0.0002403846153846154,0.0002403846153846154,0.0001201923076923077,0.0002403846153846154,0.0002403846153846154,0.01141826923076923
welding_0001_17-38-12_p7,0.02050387596899225,0.05441860465116279,0.07085271317829457,0.07806201550387597,0.07554263565891473,0.07310077519379846,0.07375968992248062,0.06992248062015503,0.06639534883720931,0.05693798449612403,0.05763565891472868,0.040193798449612406,0.02492248062015504,0.017713178294573643,0.013875968992248062,0.01065891472868217,0.01065891472868217,0.01,0.01003875968992248,0.007945736434108527,0.0074418604651162795,0.0069767441860465115,0.006356589147286822,0.004418604651162791,0.004496124031007752,0.0034108527131782944,0.002945736434108527,0.0020930232558139536,0.002868217054263566,0.0025581395348837207,0.002131782945736434,0.0015891472868217054,0.0022868217054263567,0.0015503875968992248,0.0017441860465116279,0.0020542635658914728,0.0016666666666666668,0.0029069767441860465,0.006395348837209302,0.008837209302325582,0.01124031007751938,0.009418604651162791,0.006550387596899225,0.0032170542635658913,0.0022868217054263567,0.0025968992248062016,0.0019767441860465114,0.0025968992248062016,0.0010852713178294573,0.00124031007751938,0.0010465116279069768,0.0012015503875968993,0.0009302325581395349,0.0017441860465116279,0.00124031007751938,0.0010077519379844962,0.0005813953488372093,0.000310077519379845,0.0009302325581395349,0.000310077519379845,0.00011627906976744187,7.751937984496124e-05,7.751937984496124e-05,0.030348837209302326
welding_0001_17-38-17_p0,0.1259250693802035,0.157695420906568,0.11771507863089732,0.07926688251618871,0.06461031452358927,0.04810360777058279,0.03515263644773358,0.028792784458834413,0.025583950046253467,0.02364708603145236,0.016824699352451435,0.014685476410730805,0.014801110083256245,0.0117368177613321,0.0115922756706753,0.0074005550416281225,0.013731498612395929,0.008874884366327475,0.00803654024051804,0.006012950971322849,0.008672525439407955,0.008441258094357076,0.006880203515263645,0.0024572155411655876,0.0064754856614246065,0.004278445883441258,0.00390263644773358,0.002890841813135985,0.0021970397779833488,0.002572849213691027,0.0011274283071230342,0.004422987974098057,0.0037002775208140612,0.0010696114708603145,0.0014165124884366327,0.0019946808510638296,0.0007516188714153561,0.0015899629972247918,0.003151017576318224,0.0021681313598519887,0.0007516188714153561,0.0006938020351526364,0.00569495837187789,0.000578168362627197,0.0009539777983348752,0.0017055966697502312,0.0004914431082331175,0.004422987974098057,5.781683626271971e-05,0.0007516188714153561,0.0004047178538390379,0.0006938020351526364,0.00037580943570767806,0.0026595744680851063,0.0014743293246993524,0.000578168362627197,0.00037580943570767806,0.00043362627197039775,0.00046253469010175765,0.0001734505087881591,0.00014454209065679926,5.781683626271971e-05,2.8908418131359853e-05,0.0856845513413506
welding_0001_17-38-17_p1,0.12375859434682965,0.12490450725744844,0.08778966131907308,0.062197606315253375,0.03813343519225872,0.03183091418385536,0.03253119429590018,0.03004838298955946,0.02648332060096766,0.024127832951362362,0.024891774891774892,0.02209065444359562,0.023045581869111282,0.0196078431372549,0.02094474153297683,0.015087853323147441,0.017443340972752738,0.012732365673542145,0.01145912910618793,0.011140819964349376,0.008658008658008658,0.00967659791189203,0.008594346829640947,0.006493506493506494,0.007703081232492998,0.007703081232492998,0.006238859180035651,0.0063025210084033615,0.004138018843901197,0.005538579067990833,0.005092946269416858,0.005029284441049147,0.005156608097784569,0.004010695187165776,0.003628724216959511,0.003437738731856379,0.0028647822765469825,0.003374076903488668,0.00439266615737204,0.0037560478736949326,0.002546473134708429,0.0021008403361344537,0.00617519735166794,0.0024191494779730073,0.0021008403361344537,0.0030557677616501145,0.002546473134708429,0.004774637127578304,0.0018461930226636109,0.0021008403361344537,0.0016552075375604787,0.002037178507766743,0.001336898395721925,0.0023554876496052965,0.002482811306340718,0.0012095747389865037,0.001336898395721925,0.0017188693659281895,0.0009549274255156608,0.0010822510822510823,0.001336898395721925,0.001591545709192768,0.00089126559714795,0.07830404889228419
welding_0001_17-38-17_p2,0.009195095948827291,0.02571961620469083,0.034781449893390194,0.038779317697228144,0.04144456289978678,0.040245202558635396,0.04650852878464819,0.0398454157782516,0.035980810234541576,0.03837953091684435,0.03344882729211088,0.029184434968017058,0.03091684434968017,0.026652452025586353,0.025852878464818763,0.02332089552238806,0.024386993603411514,0.02198827292110874,0.020655650319829424,0.019989339019189766,0.022521321961620468,0.01665778251599147,0.013326226012793176,0.011727078891257996,0.013992537313432836,0.00906183368869936,0.00972814498933902,0.008395522388059701,0.007595948827292111,0.008928571428571428,0.008128997867803838,0.008128997867803838,0.005463752665245202,0.00599680170575693,0.005463752665245202,0.005863539445628998,0.0046641791044776115,0.005463752665245202,0.006396588486140725,0.005597014925373134,0.0046641791044776115,0.004397654584221748,0.006396588486140725,0.0037313432835820895,0.004797441364605544,0.004797441364605544,0.004797441364605544,0.006663113006396588,0.004131130063965885,0.0037313432835820895,0.003598081023454158,0.005197228144989339,0.0042643923240938165,0.003598081023454158,0.005463752665245202,0.003864605543710021,0.0031982942430703624,0.003464818763326226,0.004797441364605544,0.002931769722814499,0.002931769722814499,0.0015991471215351812,0.0021321961620469083,0.1144722814498934
welding_0001_17-38-17_p3,0.009833333333333333,0.021,0.024333333333333332,0.034166666666666665,0.03133333333333333,0.03883333333333333,0.042666666666666665,0.03933333333333333,0.029833333333333333,0.034833333333333334,0.032,0.026833333333333334,0.028166666666666666,0.021833333333333333,0.025333333333333333,0.032,0.025166666666666667,0.024666666666666667,0.022,0.0195,0.023333333333333334,0.015333333333333332,0.013166666666666667,0.012833333333333334,0.0135,0.011333333333333334,0.007666666666666666,0.007166666666666667,0.008,0.008666666666666666,0.008666666666666666,0.009666666666666667,0.007,0.007833333333333333,0.005833333333333334,0.0065,0.005333333333333333,0.0075,0.006,0.006833333333333334,0.005333333333333333,0.004833333333333334,0.008,0.004666666666666667,0.004833333333333334,0.005833333333333334,0.004833333333333334,0.007833333333333333,0.0045,0.004166666666666667,0.004,0.006333333333333333,0.0055,0.0036666666666666666,0.0055,0.005166666666666667,0.0036666666666666666,0.004166666666666667,0.0045,0.0045,0.004,0.0021666666666666666,0.003,0.13316666666666666
welding_0001_17-38-17_p4,0.011416589002795898,0.03925908667287978,0.055452003727865795,0.043452935694315006,0.03902609506057782,0.03762814538676608,0.03599720410065237,0.03506523765144455,0.03320130475302889,0.032618825722273995,0.03226933830382106,0.028191985088536813,0.03133737185461324,0.03075489282385834,0.02353215284249767,0.02271668219944082,0.021202236719478098,0.02131873252562908,0.01863932898415657,0.019105312208760484,0.02050326188257223,0.015726933830382105,0.014095992544268406,0.011882572227399813,0.013280521901211557,0.009552656104380242,0.010950605778191985,0.008620689655172414,0.00897017707362535,0.009902143522833178,0.007339235787511649,0.007222739981360671,0.006756756756756757,0.006407269338303821,0.005242311276794035,0.006174277726001864,0.004543336439888164,0.005242311276794035,0.006290773532152842,0.007572227399813607,0.005125815470643057,0.0048928238583411,0.005708294501397949,0.0025629077353215286,0.003727865796831314,0.004776328052190121,0.003145386766076421,0.004310344827586207,0.0030288909599254427,0.003145386766076421,0.0019804287045666357,0.0030288909599254427,0.0025629077353215286,0.0032618825722274,0.004310344827586207,0.0032618825722274,0.0019804287045666357,0.002329916123019571,0.0039608574091332715,0.002329916123019571,0.0025629077353215286,0.001048462255358807,0.0016309412861137,0.12686393289841566
welding_0001_17-38-17_p5,0.02239523260284506,0.07593233371780085,0.10592079969242599,0.06891580161476356,0.04440599769319493,0.03652441368704344,0.031334102268358324,0.029219530949634757,0.024798154555940023,0.02575932333717801,0.023933102652825836,0.021530180699730873,0.023933102652825836,0.023452518262206845,0.02191464821222607,0.014801999231064974,0.013936947327950788,0.0132641291810842,0.012975778546712802,0.013360246059207997,0.012975778546712802,0.011534025374855825,0.009707804690503653,0.008938869665513265,0.010957324106113034,0.007881584006151481,0.009034986543637063,0.007881584006151481,0.007689350249903883,0.009515570934256055,0.009323337178008458,0.006535947712418301,0.006439830834294502,0.005863129565551711,0.005094194540561323,0.005959246443675509,0.0044213763936947325,0.006439830834294502,0.005382545174932718,0.006535947712418301,0.004229142637447136,0.004517493271818531,0.005959246443675509,0.004133025759323337,0.0027873894655901575,0.005382545174932718,0.003748558246828143,0.004325259515570935,0.0025951557093425604,0.004517493271818531,0.002114571318723568,0.0039407920030757404,0.002114571318723568,0.003748558246828143,0.00461361014994233,0.0032679738562091504,0.0025951557093425604,0.0013456362937331796,0.002499038831218762,0.002306805074971165,0.002499038831218762,0.0015378700499807767,0.001057285659361784,0.11774317570165321
welding_0001_17-38-17_p6,0.005593132154006243,0.008194588969823101,0.0172996878251821,0.022112382934443287,0.03030697190426639,0.03590010405827263,0.04149323621227888,0.03941207075962539,0.033949011446409987,0.03485952133194589,0.03537981269510926,0.029396462018730488,0.03342872008324662,0.02614464099895942,0.02718522372528616,0.03225806451612903,0.028355879292403748,0.027835587929240374,0.02250260145681582,0.021852237252861603,0.023673257023933404,0.01899063475546306,0.016389177939646202,0.013917793964620187,0.013397502601456815,0.011186264308012487,0.00949531737773153,0.00858480749219563,0.009755463059313215,0.008064516129032258,0.007934443288241414,0.008194588969823101,0.007414151925078044,0.006893860561914672,0.004942767950052029,0.007023933402705515,0.004682622268470343,0.006633714880332987,0.005202913631633715,0.006373569198751301,0.004552549427679501,0.005072840790842872,0.007023933402705515,0.0048126951092611866,0.004292403746097815,0.004682622268470343,0.004162330905306972,0.007154006243496358,0.003902185223725286,0.0037721123829344435,0.0036420395421436005,0.0048126951092611866,0.004552549427679501,0.004552549427679501,0.005853277835587929,0.0048126951092611866,0.003121748178980229,0.004162330905306972,0.004422476586888657,0.003121748178980229,0.0037721123829344435,0.001951092611862643,0.0022112382934443287,0.14737252861602498
welding_0001_17-38-17_p7,0.06055555555555556,0.07875,0.0913888888888889,0.06875,0.03888888888888889,0.03222222222222222,0.027916666666666666,0.02125,0.020555555555555556,0.02277777777777778,0.024027777777777776,0.020277777777777777,0.01986111111111111,0.019444444444444445,0.02361111111111111,0.019444444444444445,0.017638888888888888,0.01375,0.01138888888888889,0.014305555555555556,0.012361111111111111,0.010833333333333334,0.009305555555555555,0.01,0.008055555555555555,0.009722222222222222,0.0077777777777777776,0.007916666666666667,0.006388888888888889,0.008611111111111111,0.009027777777777777,0.007361111111111111,0.008611111111111111,0.0044444444444444444,0.006666666666666667,0.004027777777777778,0.005138888888888889,0.005416666666666667,0.007083333333333333,0.005694444444444445,0.005,0.003472222222222222,0.007638888888888889,0.0044444444444444444,0.0030555555555555557,0.0044444444444444444,0.005,0.006111111111111111,0.002916666666666667,0.0044444444444444444,0.002638888888888889,0.004027777777777778,0.0016666666666666668,0.0031944444444444446,0.005138888888888889,0.0018055555555555555,0.002638888888888889,0.002361111111111111,0.0011111111111111111,0.0022222222222222222,0.0018055555555555555,0.0022222222222222222,0.001388888888888889,0.12
welding_0001_17-38-17_p8,0.03138706140350877,0.040981359649122806,0.0849780701754386,0.0644188596491228,0.043722587719298246,0.03782894736842105,0.031112938596491228,0.027275219298245616,0.0234375,0.030290570175438597,0.028919956140350877,0.024671052631578948,0.02549342105263158,0.025356359649122806,0.025356359649122806,0.018777412280701754,0.017543859649122806,0.014528508771929825,0.015350877192982455,0.01631030701754386,0.013980263157894737,0.013569078947368422,0.010827850877192983,0.008360745614035088,0.00932017543859649,0.0078125,0.00849780701754386,0.007538377192982456,0.005756578947368421,0.0078125,0.009457236842105263,0.006441885964912281,0.007675438596491228,0.003700657894736842,0.005893640350877193,0.0050712719298245616,0.004797149122807018,0.005345394736842105,0.006304824561403508,0.006441885964912281,0.0043859649122807015,0.004111842105263158,0.008771929824561403,0.004523026315789474,0.0030153508771929823,0.003974780701754386,0.003700657894736842,0.006853070175438596,0.0021929824561403508,0.00424890350877193,0.0023300438596491227,0.003426535087719298,0.001781798245614035,0.003700657894736842,0.0069901315789473685,0.0026041666666666665,0.0024671052631578946,0.002055921052631579,0.0013706140350877192,0.001781798245614035,0.0023300438596491227,0.0013706140350877192,0.0012335526315789473,0.13843201754385964
welding_0001_17-38-17_p9,0.155,0.1376470588235294,0.09352941176470589,0.08441176470588235,0.07911764705882353,0.07411764705882352,0.04294117647058823,0.03911764705882353,0.03411764705882353,0.021176470588235293,0.018823529411764704,0.015294117647058824,0.014705882352941176,0.011764705882352941,0.010294117647058823,0.006176470588235294,0.007647058823529412,0.006176470588235294,0.005294117647058823,0.0035294117647058825,0.005294117647058823,0.004411764705882353,0.003823529411764706,0.003823529411764706,0.003823529411764706,0.00411764705882353,0.004411764705882353,0.0026470588235294116,0.0017647058823529412,0.002058823529411765,0.002058823529411765,0.003235294117647059,0.002058823529411765,0.0,0.0014705882352941176,0.000588235294117647,0.0008823529411764706,0.0014705882352941176,0.0017647058823529412,0.0008823529411764706,0.0008823529411764706,0.000588235294117647,0.00411764705882353,0.000588235294117647,0.0008823529411764706,0.0008823529411764706,0.0002941176470588235,0.003235294117647059,0.0,0.000588235294117647,0.0014705882352941176,0.002352941176470588,0.000588235294117647,0.002058823529411765,0.002058823529411765,0.0014705882352941176,0.0,0.000588235294117647,0.0,0.0002941176470588235,0.0,0.0002941176470588235,0.0,0.06529411764705882
welding_0001_18-06-25_p0,0.07920258620689655,0.10350814176245211,0.09877873563218391,0.0752514367816092,0.08129789272030652,0.08674568965517242,0.06950431034482758,0.05651340996168582,0.033764367816091954,0.02209051724137931,0.018438697318007662,0.01221264367816092,0.013709291187739463,0.01424808429118774,0.013469827586206896,0.008800287356321839,0.009997605363984674,0.009818007662835249,0.011374521072796935,0.010117337164750958,0.005866858237547893,0.006645114942528735,0.0026340996168582377,0.002274904214559387,0.0035919540229885057,0.005387931034482759,0.0020953065134099616,0.0023946360153256703,0.0014367816091954023,0.002334770114942529,0.0013769157088122604,0.004669540229885058,0.0036518199233716475,0.0007782567049808429,0.0011973180076628352,0.0019755747126436784,0.0008381226053639847,0.0008381226053639847,0.003532088122605364,0.0014367816091954023,0.0011374521072796935,0.0005387931034482759,0.006764846743295019,0.0009578544061302681,0.0011973180076628352,0.002274904214559387,0.0006585249042145594,0.005148467432950192,0.0007782567049808429,0.001257183908045977,0.0005986590038314176,0.0010177203065134099,0.0014367816091954023,0.0028136973180076627,0.0008381226053639847,0.001736111111111111,0.0011374521072796935,0.0008979885057471264,0.0010177203065134099,0.00041906130268199235,0.00023946360153256704,0.0004789272030651341,0.00035919540229885057,0.08249521072796935
welding_0001_18-06-25_p1,0.03550502232142857,0.0791015625,0.08140345982142858,0.08342633928571429,0.07449776785714286,0.08063616071428571,0.05705915178571429,0.036411830357142856,0.023856026785714284,0.017926897321428572,0.016950334821428572,0.013950892857142858,0.016462053571428572,0.021623883928571428,0.015555245535714286,0.011369977678571428,0.011997767857142858,0.011509486607142858,0.009695870535714286,0.008161272321428572,0.006068638392857143,0.008579799107142858,0.006277901785714286,0.006208147321428571,0.007952008928571428,0.008649553571428572,0.007463727678571429,0.007045200892857143,0.008579799107142858,0.011369977678571428,0.010811941964285714,0.011509486607142858,0.011509486607142858,0.008370535714285714,0.010044642857142858,0.008649553571428572,0.006556919642857143,0.007393973214285714,0.007882254464285714,0.007184709821428571,0.005998883928571429,0.0029296875,0.006417410714285714,0.0020926339285714285,0.0015345982142857143,0.0023716517857142855,0.0009765625,0.005301339285714286,0.0011858258928571428,0.0011858258928571428,0.0010463169642857143,0.0016741071428571428,0.0013950892857142857,0.003696986607142857,0.0018833705357142857,0.0011858258928571428,0.0010463169642857143,0.0006975446428571429,0.0007672991071428571,0.00048828125,0.0006277901785714286,0.0004185267857142857,0.00013950892857142856,0.07972935267857142
welding_0001_18-06-25_p2,0.029340277777777778,0.054774305555555555,0.12222222222222222,0.1193576388888889,0.096875,0.08854166666666667,0.08081597222222223,0.0703125,0.05295138888888889,0.03637152777777778,0.02638888888888889,0.019618055555555555,0.013628472222222222,0.01154513888888889,0.008159722222222223,0.007638888888888889,0.010850694444444444,0.007725694444444445,0.005208333333333333,0.004774305555555556,0.0046875,0.006857638888888889,0.005121527777777778,0.002170138888888889,0.005295138888888889,0.0032118055555555554,0.003125,0.0026041666666666665,0.002170138888888889,0.004600694444444445,0.0014756944444444444,0.0024305555555555556,0.004340277777777778,0.0015625,0.0022569444444444442,0.0025173611111111113,0.0012152777777777778,0.001736111111111111,0.0015625,0.0030381944444444445,0.0011284722222222221,0.0008680555555555555,0.0036458333333333334,0.0006944444444444445,0.00026041666666666666,0.0035590277777777777,0.00034722222222222224,0.0011284722222222221,0.0,0.0006076388888888889,0.00017361111111111112,0.0013020833333333333,0.00017361111111111112,0.003298611111111111,0.0013020833333333333,0.0008680555555555555,0.0005208333333333333,0.00017361111111111112,0.00078125,0.00043402777777777775,0.0,0.0,0.0,0.049652777777777775
welding_0001_18-06-25_p3,0.01320288753799392,0.01310790273556231,0.02213145896656535,0.0660144376899696,0.13582826747720364,0.15501519756838905,0.12300531914893617,0.08130699088145897,0.05300151975683891,0.046257598784194526,0.036569148936170214,0.026025835866261397,0.02004179331306991,0.015482522796352583,0.010733282674772037,0.008358662613981762,0.008548632218844984,0.005319148936170213,0.0060790273556231,0.00503419452887538,0.005794072948328267,0.005889057750759878,0.004749240121580547,0.00408434650455927,0.004844224924012158,0.004749240121580547,0.003514437689969605,0.003989361702127659,0.003134498480243161,0.0038943768996960487,0.003229483282674772,0.003324468085106383,0.00503419452887538,0.0028495440729483282,0.0019946808510638296,0.003704407294832827,0.0026595744680851063,0.001614741641337386,0.0025645896656534954,0.0025645896656534954,0.002944528875379939,0.0026595744680851063,0.0028495440729483282,0.0023746200607902735,0.0022796352583586625,0.0022796352583586625,0.0012348024316109422,0.001709726443768997,0.0010448328267477203,0.0013297872340425532,0.001899696048632219,0.0020896656534954406,0.0008548632218844985,0.001614741641337386,0.0013297872340425532,0.001614741641337386,0.0014247720364741641,0.001804711246200608,0.0009498480243161094,0.0012348024316109422,0.0007598784194528875,0.0009498480243161094,0.0012348024316109422,0.03628419452887538
welding_0001_18-06-25_p4,0.029617537313432835,0.08538362873134328,0.07553055037313433,0.08407182835820895,0.11494286380597014,0.11607975746268656,0.09614039179104478,0.06675606343283583,0.041598647388059705,0.03366954291044776,0.03005480410447761,0.021163712686567165,0.0181611473880597,0.013905083955223881,0.011281483208955223,0.008949393656716417,0.010377798507462687,0.0067922108208955225,0.006209188432835821,0.005392957089552239,0.0045767257462686565,0.0061800373134328354,0.0045767257462686565,0.0034398320895522388,0.00408115671641791,0.004285214552238806,0.0032940764925373134,0.0038479477611940297,0.0024486940298507464,0.002711054104477612,0.0025944496268656718,0.002361240671641791,0.003148320895522388,0.001982276119402985,0.0017782182835820895,0.0026527518656716416,0.0018656716417910447,0.0013992537313432835,0.001953125,0.0017782182835820895,0.001574160447761194,0.0013409514925373134,0.0024486940298507464,0.0012243470149253732,0.0013409514925373134,0.0013409514925373134,0.000787080223880597,0.0017782182835820895,0.0005830223880597014,0.000757929104477612,0.0009036847014925373,0.0010494402985074627,0.000787080223880597,0.0013701026119402986,0.0009328358208955224,0.0010785914179104478,0.0008453824626865671,0.0012243470149253732,0.0007287779850746269,0.000757929104477612,0.0006121735074626866,0.00043726679104477613,0.00043726679104477613,0.03862523320895522
welding_0001_18-19-52_p0,0.04324534161490683,0.09448757763975155,0.08641304347826087,0.08959627329192546,0.08742236024844721,0.07406832298136647,0.0546583850931677,0.04006211180124224,0.029270186335403726,0.028338509316770188,0.024922360248447205,0.023524844720496894,0.021040372670807453,0.0187111801242236,0.013509316770186335,0.01436335403726708,0.01374223602484472,0.01110248447204969,0.012111801242236025,0.010559006211180125,0.010403726708074533,0.009627329192546583,0.008773291925465838,0.009704968944099378,0.011180124223602485,0.01063664596273292,0.013043478260869565,0.013043478260869565,0.013121118012422361,0.01327639751552795,0.009006211180124223,0.01141304347826087,0.008773291925465838,0.005978260869565218,0.004580745341614907,0.0035714285714285713,0.003260869565217391,0.003105590062111801,0.002018633540372671,0.002173913043478261,0.0019409937888198758,0.002406832298136646,0.0022515527950310557,0.0022515527950310557,0.002406832298136646,0.0022515527950310557,0.002562111801242236,0.0035714285714285713,0.0014751552795031057,0.0012422360248447205,0.0013198757763975156,0.0010093167701863354,0.0009316770186335404,0.0008540372670807453,0.0006211180124223603,0.0004658385093167702,0.0009316770186335404,0.00031055900621118014,0.0006211180124223603,0.0004658385093167702,0.00031055900621118014,0.00031055900621118014,0.00015527950310559007,0.011490683229813664
welding_0001_18-19-52_p1,0.008976964769647697,0.018631436314363144,0.017022357723577235,0.020833333333333332,0.02532181571815718,0.02760840108401084,0.029894986449864498,0.03116531165311653,0.03878726287262873,0.03819444444444445,0.03709349593495935,0.03988821138211382,0.04073509485094851,0.04081978319783198,0.04437669376693767,0.042090108401084014,0.03700880758807588,0.02837059620596206,0.025660569105691058,0.022696476964769646,0.025829945799457993,0.02532181571815718,0.026507452574525744,0.024474932249322495,0.02176490514905149,0.022188346883468834,0.021341463414634148,0.02049457994579946,0.01888550135501355,0.019308943089430895,0.019901761517615177,0.019308943089430895,0.013719512195121951,0.009231029810298103,0.009231029810298103,0.007029132791327913,0.006436314363143632,0.006775067750677507,0.006775067750677507,0.00796070460704607,0.004827235772357724,0.0037262872628726286,0.003472222222222222,0.0023712737127371273,0.003556910569105691,0.003218157181571816,0.0028794037940379404,0.0028794037940379404,0.0022018970189701895,0.0020325203252032522,0.0016937669376693768,0.0007621951219512195,0.0017784552845528454,0.0022018970189701895,0.0009315718157181572,0.0011856368563685636,0.0005928184281842818,0.0004234417344173442,0.0006775067750677507,0.0008468834688346884,0.0005081300813008131,0.00033875338753387534,0.0005081300813008131,0.00872289972899729
welding_0001_18-19-52_p2,0.0012066695919262834,0.0019745502413339184,0.0030166739798157087,0.004333040807371655,0.00926941641070645,0.01075032909170689,0.015851250548486177,0.021884598508117595,0.029069767441860465,0.046127687582272925,0.06526985519964897,0.06592803861342694,0.07355199648968846,0.05687801667397981,0.0533128565160158,0.04300131636682756,0.035870996050899516,0.03247038174637999,0.031483106625713034,0.03406099166301009,0.03532250987275121,0.0354870557261957,0.03290917068889864,0.0347740236946029,0.031757349714787185,0.020952172005265467,0.019800351031154014,0.018154892496709082,0.016619131197893815,0.012999122422114963,0.011408512505484861,0.011627906976744186,0.010640631856077228,0.010201842913558579,0.008775778850372971,0.007075471698113208,0.004881526985519965,0.006197893813075911,0.005759104870557262,0.0042781921895568235,0.0026327336551118913,0.002468187801667398,0.0021390960947784117,0.0011518209741114523,0.0012615182097411146,0.0013163668275559457,0.0010969723562966214,0.000822729267222466,0.0003290917068889864,0.0009324265028521281,0.0003290917068889864,0.0006033347959631417,0.0004936375603334796,0.0006581834137779728,0.00043878894251864854,0.0004936375603334796,0.0004936375603334796,0.0001645458534444932,0.0006581834137779728,0.0003839403247038175,0.00027424308907415536,0.0001645458534444932,0.00021939447125932427,0.005539710399297937
welding_0001_18-19-52_p3,0.08769841269841269,0.1246031746031746,0.175,0.19642857142857142,0.15674603174603174,0.06865079365079366,0.0380952380952381,0.021031746031746033,0.015873015873015872,0.007936507936507936,0.009126984126984128,0.008333333333333333,0.005555555555555556,0.00753968253968254,0.0031746031746031746,0.004365079365079365,0.0035714285714285713,0.003968253968253968,0.004365079365079365,0.002777777777777778,0.002380952380952381,0.0035714285714285713,0.001984126984126984,0.001984126984126984,0.004365079365079365,0.0015873015873015873,0.002777777777777778,0.0015873015873015873,0.001984126984126984,0.002777777777777778,0.0007936507936507937,0.0003968253968253968,0.0007936507936507937,0.0015873015873015873,0.0003968253968253968,0.0003968253968253968,0.0003968253968253968,0.0,0.0003968253968253968,0.0,0.0,0.0003968253968253968,0.0003968253968253968,0.0,0.0003968253968253968,0.0003968253968253968,0.0007936507936507937,0.0011904761904761906,0.0,0.0,0.0,0.0007936507936507937,0.0,0.0003968253968253968,0.0003968253968253968,0.0007936507936507937,0.0,0.0,0.0007936507936507937,0.0,0.0,0.0003968253968253968,0.0,0.017857142857142856
welding_0001_18-19-52_p4,0.009542705971277399,0.00916477702191988,0.00935374149659864,0.016156462585034014,0.01870748299319728,0.019085411942554798,0.01927437641723356,0.026738473167044596,0.03165154950869237,0.03202947845804989,0.03420256991685563,0.03873771730914588,0.03760393046107332,0.03873771730914588,0.03921012849584278,0.03665910808767952,0.035808767951625096,0.037509448223733935,0.03987150415721844,0.04081632653061224,0.03873771730914588,0.03297430083144369,0.027021919879062738,0.02522675736961451,0.022297808012093728,0.024848828420256992,0.019652305366591082,0.020786092214663644,0.017006802721088437,0.017290249433106575,0.016156462585034014,0.016156462585034014,0.017573696145124718,0.01492819349962207,0.01473922902494331,0.010393046107331822,0.011054421768707483,0.011715797430083144,0.007180650037792895,0.00916477702191988,0.006708238851095994,0.005291005291005291,0.00481859410430839,0.00472411186696901,0.004251700680272109,0.003401360544217687,0.002928949357520786,0.0024565381708238853,0.0016061980347694634,0.0020786092214663643,0.0012282690854119426,0.0008503401360544217,0.0017006802721088435,0.0017006802721088435,0.0007558578987150416,0.0007558578987150416,0.0005668934240362812,0.0003779289493575208,0.0003779289493575208,0.000944822373393802,0.000472411186696901,0.0002834467120181406,0.0005668934240362812,0.005385487528344671
welding_0001_18-35-38_p0,0.044944638694638696,0.06286421911421912,0.06373834498834499,0.06453962703962704,0.05550699300699301,0.043706293706293704,0.03715034965034965,0.0363490675990676,0.029574592074592076,0.022945804195804196,0.0210518648018648,0.020833333333333332,0.02046911421911422,0.019886363636363636,0.019667832167832168,0.016608391608391608,0.01638986013986014,0.015297202797202798,0.015952797202797204,0.015442890442890442,0.016025641025641024,0.018720862470862472,0.01893939393939394,0.015515734265734266,0.01587995337995338,0.014204545454545454,0.012383449883449884,0.01231060606060606,0.009688228438228438,0.01027097902097902,0.009761072261072262,0.008668414918414918,0.009178321678321678,0.007648601398601399,0.007575757575757576,0.00793997668997669,0.006555944055944056,0.007502913752913753,0.009032634032634032,0.007211538461538462,0.006046037296037296,0.008085664335664336,0.00743006993006993,0.004734848484848485,0.005317599067599068,0.005608974358974359,0.004370629370629371,0.004079254079254079,0.0020396270396270395,0.0026223776223776225,0.002331002331002331,0.0021124708624708625,0.001966783216783217,0.004006410256410256,0.002913752913752914,0.0024766899766899765,0.001966783216783217,0.0017482517482517483,0.002695221445221445,0.0015297202797202797,0.0015297202797202797,0.000946969696969697,0.0008012820512820513,0.05470571095571095
welding_0001_18-35-38_p1,0.01858600583090379,0.045481049562682216,0.041253644314868804,0.04380466472303207,0.054956268221574345,0.051895043731778424,0.04795918367346939,0.04344023323615161,0.03578717201166181,0.030612244897959183,0.032434402332361514,0.03338192419825073,0.036588921282798836,0.03126822157434402,0.027551020408163266,0.026384839650145774,0.02208454810495627,0.019169096209912535,0.014504373177842566,0.014358600583090379,0.012317784256559767,0.014212827988338192,0.011078717201166181,0.011005830903790087,0.011370262390670554,0.01282798833819242,0.011661807580174927,0.013411078717201166,0.010932944606413994,0.010495626822157435,0.010131195335276968,0.011151603498542275,0.009912536443148687,0.009475218658892129,0.009912536443148687,0.00954810495626822,0.007944606413994169,0.00881924198250729,0.01064139941690962,0.008527696793002915,0.008236151603498542,0.009110787172011662,0.007580174927113703,0.005174927113702624,0.0055393586005830905,0.005174927113702624,0.004446064139941691,0.004446064139941691,0.002478134110787172,0.0028425655976676385,0.002186588921282799,0.002259475218658892,0.0023323615160349854,0.0032798833819241984,0.0020408163265306124,0.002186588921282799,0.001749271137026239,0.0018221574344023323,0.0026239067055393588,0.0013848396501457726,0.0018221574344023323,0.0010932944606413995,0.0008017492711370263,0.03250728862973761
welding_0001_18-35-38_p2,0.05078767123287671,0.04702054794520548,0.0547945205479452,0.06363013698630136,0.059554794520547946,0.05184931506849315,0.04335616438356164,0.03571917808219178,0.03736301369863014,0.0326027397260274,0.03311643835616438,0.030102739726027398,0.029726027397260275,0.02702054794520548,0.0213013698630137,0.016986301369863014,0.017705479452054796,0.015342465753424657,0.014828767123287671,0.012328767123287671,0.011267123287671233,0.012705479452054795,0.012328767123287671,0.0066095890410958905,0.010136986301369864,0.00910958904109589,0.006815068493150685,0.007431506849315069,0.004760273972602739,0.00726027397260274,0.005547945205479452,0.005856164383561644,0.012294520547945206,0.00839041095890411,0.01297945205479452,0.007705479452054794,0.01089041095890411,0.011780821917808219,0.0075684931506849315,0.014212328767123288,0.0058219178082191785,0.00928082191780822,0.007020547945205479,0.007157534246575343,0.002465753424657534,0.004828767123287671,0.005445205479452055,0.003458904109589041,0.0014726027397260273,0.0017123287671232876,0.0013698630136986301,0.0016095890410958904,0.0009931506849315068,0.0027397260273972603,0.002226027397260274,0.0013356164383561645,0.0021232876712328768,0.001095890410958904,0.0018835616438356165,0.001095890410958904,0.0014041095890410958,0.001267123287671233,0.001095890410958904,0.05030821917808219
welding_0001_18-35-38_p3,0.014711538461538462,0.028653846153846155,0.039615384615384615,0.036153846153846154,0.03769230769230769,0.039615384615384615,0.048942307692307695,0.043173076923076925,0.039038461538461536,0.03759615384615385,0.03721153846153846,0.03480769230769231,0.035673076923076925,0.030576923076923078,0.028365384615384615,0.029423076923076923,0.027692307692307693,0.02798076923076923,0.02951923076923077,0.025288461538461537,0.015576923076923077,0.014519230769230769,0.015769230769230768,0.014423076923076924,0.017788461538461538,0.0175,0.013173076923076923,0.013846153846153847,0.011826923076923077,0.011057692307692308,0.011346153846153846,0.010576923076923078,0.01125,0.010384615384615384,0.00951923076923077,0.009615384615384616,0.007884615384615384,0.009423076923076923,0.006538461538461538,0.006346153846153846,0.005192307692307692,0.005096153846153846,0.00375,0.005480769230769231,0.003076923076923077,0.0040384615384615385,0.003173076923076923,0.0034615384615384616,0.002307692307692308,0.0028846153846153848,0.0022115384615384614,0.0017307692307692308,0.0033653846153846156,0.0017307692307692308,0.0016346153846153845,0.0022115384615384614,0.00125,0.00125,0.001826923076923077,0.0014423076923076924,0.001826923076923077,0.001153846153846154,0.0002884615384615385,0.02951923076923077
welding_0001_18-35-38_p4,0.014371381306865178,0.0163358147229115,0.05097187758478081,0.06544665012406947,0.04001240694789082,0.0358767576509512,0.030500413564929694,0.028019023986765923,0.026468155500413565,0.028019023986765923,0.02946650124069479,0.03143093465674111,0.03432588916459884,0.030500413564929694,0.026571546732837056,0.026261373035566585,0.02564102564102564,0.026261373035566585,0.02750206782464847,0.024607113316790736,0.01695616211745244,0.017886683209263853,0.01664598842018197,0.014474772539288668,0.018403639371381307,0.017369727047146403,0.016439205955334987,0.019230769230769232,0.017990074441687345,0.018713813068651778,0.015715467328370553,0.017059553349875932,0.01457816377171216,0.010856079404466501,0.009615384615384616,0.009925558312655087,0.007961124896608768,0.008684863523573201,0.0063068651778329194,0.005893300248138958,0.004549214226633582,0.005169561621174525,0.00423904052936311,0.00620347394540943,0.003825475599669148,0.003411910669975186,0.0029983457402812243,0.003411910669975186,0.002377998345740281,0.0037220843672456576,0.002274607113316791,0.0021712158808933004,0.0028949545078577337,0.002274607113316791,0.0017576509511993384,0.002791563275434243,0.0014474772539288668,0.0015508684863523574,0.002274607113316791,0.0014474772539288668,0.0018610421836228288,0.0010339123242349049,0.00031017369727047146,0.03670388751033912
welding_0001_18-35-38_p5,0.04275752385612919,0.05915096647908001,0.05951798385123563,0.05425740151700514,0.058233423048690974,0.05340102764864203,0.057744066552483486,0.04716173232199657,0.03590653290922437,0.023183264007829704,0.028382676780034255,0.027159285539515538,0.029177881086371423,0.025140689992659653,0.023427942255933448,0.023305603131881576,0.0223268901394666,0.021042329336921947,0.016638120871054565,0.01400782970393932,0.013640812331783705,0.01657695130902863,0.012233912405187179,0.013824321017861511,0.015170051382432102,0.015904086126743332,0.014986542696354294,0.016454612184976757,0.013824321017861511,0.012723268901394667,0.009481282114020063,0.010765842916564718,0.008074382187423538,0.008747247369708833,0.008257890873501346,0.007707364815267923,0.006239295326645461,0.00581110839246391,0.006239295326645461,0.00446537802789332,0.004220699779789576,0.004098360655737705,0.0038536824076339615,0.002202104232933692,0.0025691216050893074,0.002324443356985564,0.0016515781747002691,0.0020797651088818206,0.0014068999265965255,0.0012845608025446537,0.0008563738683631026,0.0012845608025446537,0.0014068999265965255,0.0014068999265965255,0.001223391240518718,0.0012845608025446537,0.0007952043063371667,0.0007952043063371667,0.0009175434303890384,0.0003670173721556154,0.0009787129924149743,0.000611695620259359,0.0003670173721556154,0.018962564228040126
welding_0001_18-35-38_p6,0.017754662840746054,0.04671807747489239,0.05577474892395983,0.060706599713055955,0.07137733142037303,0.07343974175035868,0.09908536585365854,0.07218436154949785,0.0625896700143472,0.041696556671449066,0.02806671449067432,0.022058823529411766,0.01676829268292683,0.014616212338593974,0.01443687230989957,0.012015781922525108,0.013540172166427547,0.010581061692969872,0.007352941176470588,0.006545911047345768,0.007980631276901004,0.0068149210903873745,0.008159971305595409,0.004931850789096126,0.006187230989956959,0.00663558106169297,0.005559540889526543,0.0068149210903873745,0.004931850789096126,0.005738880918220947,0.0027797704447632713,0.0023314203730272595,0.005738880918220947,0.003048780487804878,0.003945480631276901,0.00430416068866571,0.0026004304160688664,0.0037661406025824963,0.0034074605451936872,0.004842180774748924,0.0019727403156384504,0.0027797704447632713,0.005738880918220947,0.003945480631276901,0.0031384505021520804,0.004214490674318508,0.003945480631276901,0.0032281205164992827,0.0022417503586800573,0.0023314203730272595,0.002690100430416069,0.003048780487804878,0.0019727403156384504,0.002959110473457676,0.002421090387374462,0.0017037302725968436,0.002421090387374462,0.0020624103299856527,0.0032281205164992827,0.0020624103299856527,0.0017037302725968436,0.0016140602582496414,0.001255380200860832,0.08949067431850789
welding_0002_17-38-12_p0,0.04507920458375463,0.08295416245365689,0.11147623862487362,0.09710987529491068,0.1365015166835187,0.11379339400067408,0.08122682844624199,0.07676103808560836,0.054979777553083926,0.03901247050893158,0.0262891809908999,0.016220087630603303,0.012723289518031682,0.00910010111223458,0.00741489720256151,0.005519042804179306,0.00585608358611392,0.004255139871924503,0.004381530165149983,0.004634310751600944,0.0036653185035389283,0.0036231884057971015,0.004044489383215369,0.003412537917087968,0.003833838894506235,0.0036653185035389283,0.0037917087967644083,0.0037917087967644083,0.00311762723289518,0.0030754971351533537,0.0022328951803168183,0.0020643747893495114,0.0016009437141894169,0.0016430738119312437,0.0012217728345129762,0.0013060330299966296,0.0009689922480620155,0.0012217728345129762,0.0010953825412874957,0.0010111223458038423,0.0010111223458038423,0.0004634310751600944,0.0007583417593528817,0.0005476912706437479,0.0008004718570947084,0.00037917087967644087,0.00042130097741826763,0.0004634310751600944,0.0005055611729019212,0.00037917087967644087,0.0003370407819346141,0.0001263902932254803,0.0002527805864509606,8.426019548365353e-05,0.0004634310751600944,0.0002527805864509606,0.0002527805864509606,0.0001263902932254803,0.00016852039096730705,4.213009774182676e-05,0.00029491068419278734,0.0003370407819346141,8.426019548365353e-05,0.0057718233906302666
welding_0002_17-38-12_p1,0.027315296566077004,0.04409469302809573,0.06425598335067638,0.061004162330905304,0.07466181061394381,0.1074401664932362,0.10978147762747138,0.09066077003121749,0.0764828303850156,0.04851716961498439,0.04422476586888657,0.03537981269510926,0.03420915712799168,0.023413111342351717,0.016129032258064516,0.01313735691987513,0.010145681581685745,0.00949531737773153,0.007284079084287201,0.006893860561914672,0.007284079084287201,0.005463059313215401,0.005202913631633715,0.0037721123829344435,0.004552549427679501,0.004422476586888657,0.0035119667013527576,0.0026014568158168575,0.0026014568158168575,0.001951092611862643,0.002991675338189386,0.0023413111342351716,0.002991675338189386,0.0014308012486992717,0.0011706555671175858,0.0023413111342351716,0.0009105098855359001,0.0014308012486992717,0.0018210197710718003,0.0014308012486992717,0.0009105098855359001,0.0013007284079084287,0.0015608740894901144,0.0009105098855359001,0.0011706555671175858,0.0005202913631633715,0.0011706555671175858,0.0014308012486992717,0.0005202913631633715,0.0011706555671175858,0.0014308012486992717,0.0006503642039542144,0.0009105098855359001,0.0009105098855359001,0.001040582726326743,0.0007804370447450572,0.0003902185223725286,0.0003902185223725286,0.0003902185223725286,0.00013007284079084288,0.0,0.0003902185223725286,0.00026014568158168577,0.016909469302809572
welding_0002_17-38-12_p2,0.03308823529411765,0.059873949579831935,0.0940126050420168,0.08455882352941177,0.09506302521008403,0.06144957983193277,0.04201680672268908,0.0351890756302521,0.0273109243697479,0.03308823529411765,0.032563025210084036,0.02888655462184874,0.0273109243697479,0.02468487394957983,0.023109243697478993,0.01523109243697479,0.015756302521008403,0.01207983193277311,0.01050420168067227,0.008928571428571428,0.009453781512605041,0.008403361344537815,0.008403361344537815,0.005777310924369748,0.004726890756302521,0.004726890756302521,0.005777310924369748,0.004726890756302521,0.0031512605042016808,0.004201680672268907,0.004201680672268907,0.0021008403361344537,0.008403361344537815,0.0031512605042016808,0.005252100840336135,0.003676470588235294,0.003676470588235294,0.0021008403361344537,0.0031512605042016808,0.0021008403361344537,0.0031512605042016808,0.0005252100840336134,0.0021008403361344537,0.0021008403361344537,0.0005252100840336134,0.0031512605042016808,0.0026260504201680674,0.004201680672268907,0.0026260504201680674,0.0015756302521008404,0.0015756302521008404,0.003676470588235294,0.0010504201680672268,0.0015756302521008404,0.0010504201680672268,0.0010504201680672268,0.0021008403361344537,0.0005252100840336134,0.0021008403361344537,0.0005252100840336134,0.0015756302521008404,0.0,0.0,0.09873949579831932
welding_0002_17-38-12_p3,0.028516763848396503,0.08309037900874636,0.15442784256559766,0.10450072886297376,0.08545918367346939,0.11406705539358601,0.0723396501457726,0.06295553935860058,0.048013848396501455,0.028425655976676383,0.018403790087463557,0.014941690962099125,0.012299562682215744,0.009839650145772596,0.008108600583090379,0.008473032069970845,0.007197521865889213,0.007744169096209913,0.007288629737609329,0.00619533527696793,0.007470845481049562,0.004282069970845481,0.004828717201166181,0.0047376093294460644,0.004464285714285714,0.005375364431486881,0.003735422740524781,0.003917638483965015,0.0027332361516034984,0.003735422740524781,0.0029154518950437317,0.0027332361516034984,0.002459912536443149,0.0029154518950437317,0.0026421282798833818,0.0026421282798833818,0.002186588921282799,0.002551020408163265,0.0017310495626822158,0.002186588921282799,0.0012755102040816326,0.0017310495626822158,0.0016399416909620992,0.0010021865889212828,0.0014577259475218659,0.0016399416909620992,0.0012755102040816326,0.0014577259475218659,0.0008199708454810496,0.0008199708454810496,0.0010021865889212828,0.0006377551020408163,0.0014577259475218659,0.0008199708454810496,0.0009110787172011661,0.0011844023323615161,0.0010021865889212828,0.0010021865889212828,0.0011844023323615161,0.0007288629737609329,0.00036443148688046647,0.00036443148688046647,0.0005466472303206997,0.02314139941690962
welding_0002_17-38-18_p0,0.004064039408866995,0.007635467980295567,0.013177339901477833,0.016133004926108373,0.022536945812807883,0.03263546798029557,0.04753694581280788,0.05381773399014778,0.053694581280788176,0.05270935960591133,0.0437192118226601,0.034852216748768476,0.025492610837438423,0.02894088669950739,0.026354679802955666,0.026724137931034484,0.02894088669950739,0.02438423645320197,0.02401477832512315,0.02167487684729064,0.0208128078817734,0.02142857142857143,0.019088669950738917,0.017980295566502463,0.017241379310344827,0.0166256157635468,0.014778325123152709,0.015763546798029555,0.015763546798029555,0.015886699507389163,0.01539408866995074,0.01600985221674877,0.013546798029556651,0.01600985221674877,0.013054187192118226,0.013916256157635467,0.009113300492610837,0.009113300492610837,0.008251231527093596,0.009236453201970444,0.007512315270935961,0.007881773399014778,0.008620689655172414,0.007389162561576354,0.007019704433497537,0.00603448275862069,0.004310344827586207,0.0045566502463054185,0.002832512315270936,0.0035714285714285713,0.0034482758620689655,0.002955665024630542,0.0032019704433497538,0.0022167487684729066,0.0020935960591133003,0.0018472906403940886,0.0017241379310344827,0.0012315270935960591,0.0022167487684729066,0.001477832512315271,0.0016009852216748769,0.001354679802955665,0.0016009852216748769,0.025246305418719212
welding_0002_17-38-18_p1,0.005900621118012423,0.016459627329192546,0.02422360248447205,0.02142857142857143,0.036490683229813664,0.04301242236024845,0.040993788819875775,0.038198757763975154,0.02717391304347826,0.02748447204968944,0.02142857142857143,0.017857142857142856,0.016925465838509318,0.017701863354037266,0.01816770186335404,0.019099378881987577,0.021894409937888198,0.02111801242236025,0.022049689440993787,0.02267080745341615,0.02406832298136646,0.02236024844720497,0.020807453416149067,0.0265527950310559,0.02546583850931677,0.02531055900621118,0.023291925465838508,0.021894409937888198,0.019254658385093167,0.014596273291925466,0.015993788819875777,0.012577639751552796,0.015217391304347827,0.011024844720496894,0.013354037267080746,0.014285714285714285,0.010714285714285714,0.010403726708074533,0.011801242236024845,0.011801242236024845,0.009782608695652175,0.009782608695652175,0.012732919254658385,0.008385093167701863,0.006677018633540373,0.009316770186335404,0.009161490683229814,0.006055900621118012,0.0055900621118012426,0.004813664596273292,0.005279503105590062,0.004813664596273292,0.004347826086956522,0.003260869565217391,0.004037267080745342,0.002173913043478261,0.003260869565217391,0.002173913043478261,0.003105590062111801,0.002018633540372671,0.002173913043478261,0.0010869565217391304,0.0013975155279503106,0.04751552795031056
welding_0002_17-38-18_p2,0.0017241379310344827,0.011330049261083743,0.02229064039408867,0.020935960591133004,0.02807881773399015,0.035467980295566505,0.04692118226600985,0.03226600985221675,0.03300492610837438,0.030911330049261082,0.03214285714285714,0.034975369458128076,0.02832512315270936,0.026724137931034484,0.020566502463054186,0.018842364532019703,0.020320197044334975,0.021798029556650247,0.01711822660098522,0.017241379310344827,0.018842364532019703,0.01687192118226601,0.019334975369458128,0.016133004926108373,0.020073891625615764,0.018226600985221674,0.018842364532019703,0.017487684729064038,0.02352216748768473,0.0229064039408867,0.02376847290640394,0.020935960591133004,0.023891625615763547,0.0187192118226601,0.0166256157635468,0.016133004926108373,0.009975369458128078,0.011330049261083743,0.010344827586206896,0.009975369458128078,0.007881773399014778,0.007758620689655172,0.008990147783251232,0.008866995073891626,0.007019704433497537,0.0067733990147783255,0.0045566502463054185,0.005172413793103448,0.003940886699507389,0.00480295566502463,0.004064039408866995,0.003940886699507389,0.005049261083743843,0.003940886699507389,0.003694581280788177,0.0032019704433497538,0.0033251231527093596,0.0041871921182266006,0.0035714285714285713,0.002586206896551724,0.003078817733990148,0.002586206896551724,0.001354679802955665,0.03472906403940887
welding_0002_17-38-18_p3,0.014872994652406418,0.02807486631016043,0.041109625668449196,0.03409090909090909,0.042112299465240643,0.05113636363636364,0.04495320855614973,0.0427807486631016,0.032586898395721924,0.03392379679144385,0.027239304812834226,0.019719251336898395,0.01838235294117647,0.01554144385026738,0.017212566844919786,0.01804812834224599,0.0213903743315508,0.01888368983957219,0.021223262032085563,0.022058823529411766,0.022393048128342245,0.019719251336898395,0.0213903743315508,0.02623663101604278,0.026905080213903743,0.024899732620320855,0.02322860962566845,0.023061497326203207,0.02038770053475936,0.016711229946524065,0.015875668449197862,0.01303475935828877,0.013201871657754011,0.010026737967914439,0.009692513368983958,0.011697860962566845,0.01019385026737968,0.007520053475935829,0.008188502673796791,0.006517379679144385,0.003676470588235294,0.0055147058823529415,0.0053475935828877,0.00267379679144385,0.00267379679144385,0.004679144385026738,0.004344919786096257,0.0035093582887700536,0.0021724598930481284,0.0025066844919786097,0.0030080213903743314,0.0025066844919786097,0.0025066844919786097,0.0025066844919786097,0.0031751336898395723,0.0011697860962566844,0.002339572192513369,0.0011697860962566844,0.001838235294117647,0.001336898395721925,0.0011697860962566844,0.0006684491978609625,0.000501336898395722,0.0427807486631016
welding_0002_17-38-18_p4,0.012654320987654321,0.0433641975308642,0.05925925925925926,0.04814814814814815,0.042901234567901236,0.05262345679012346,0.04845679012345679,0.05432098765432099,0.04197530864197531,0.03518518518518519,0.02654320987654321,0.0220679012345679,0.022685185185185187,0.0183641975308642,0.016666666666666666,0.017746913580246913,0.01743827160493827,0.01898148148148148,0.01712962962962963,0.016358024691358025,0.01898148148148148,0.019444444444444445,0.020370370370370372,0.023765432098765433,0.026851851851851852,0.018209876543209876,0.018209876543209876,0.017746913580246913,0.01898148148148148,0.014814814814814815,0.01404320987654321,0.012808641975308642,0.011574074074074073,0.010493827160493827,0.009876543209876543,0.012191358024691358,0.010030864197530864,0.005709876543209876,0.005401234567901234,0.004475308641975309,0.004012345679012346,0.004629629629629629,0.003703703703703704,0.0024691358024691358,0.002006172839506173,0.0032407407407407406,0.0016975308641975309,0.0023148148148148147,0.0015432098765432098,0.0021604938271604936,0.001388888888888889,0.0021604938271604936,0.0012345679012345679,0.002006172839506173,0.001851851851851852,0.0006172839506172839,0.0012345679012345679,0.0015432098765432098,0.0007716049382716049,0.0010802469135802468,0.0012345679012345679,0.0010802469135802468,0.00030864197530864197,0.028858024691358026
welding_0002_17-38-18_p5,0.0625,0.09681372549019608,0.10294117647058823,0.10079656862745098,0.07751225490196079,0.07291666666666667,0.05606617647058824,0.040747549019607844,0.03308823529411765,0.02542892156862745,0.02542892156862745,0.018688725490196078,0.015012254901960785,0.017463235294117647,0.017769607843137254,0.015012254901960785,0.013480392156862746,0.018075980392156864,0.014705882352941176,0.013480392156862746,0.014399509803921568,0.00857843137254902,0.00857843137254902,0.007659313725490196,0.010723039215686275,0.009497549019607842,0.006433823529411764,0.004901960784313725,0.003676470588235294,0.003676470588235294,0.005208333333333333,0.001838235294117647,0.0033700980392156864,0.003982843137254902,0.0015318627450980392,0.002144607843137255,0.002144607843137255,0.002144607843137255,0.0024509803921568627,0.0033700980392156864,0.0015318627450980392,0.001838235294117647,0.003676470588235294,0.0015318627450980392,0.002144607843137255,0.001838235294117647,0.002144607843137255,0.002144607843137255,0.0006127450980392157,0.002144607843137255,0.0006127450980392157,0.0024509803921568627,0.0012254901960784314,0.0015318627450980392,0.0015318627450980392,0.0015318627450980392,0.0006127450980392157,0.0006127450980392157,0.0012254901960784314,0.0009191176470588235,0.001838235294117647,0.0006127450980392157,0.0,0.02144607843137255
welding_0002_17-38-18_p6,0.01195759368836292,0.036119329388560155,0.06854043392504931,0.0634861932938856,0.05682938856015779,0.05830867850098619,0.05054240631163708,0.04339250493096647,0.035133136094674555,0.028722879684418147,0.02440828402366864,0.026627218934911243,0.024285009861932938,0.021203155818540435,0.01824457593688363,0.01824457593688363,0.019970414201183433,0.01787475345167653,0.020586785009861934,0.019847140039447733,0.016518737672583828,0.014916173570019724,0.022559171597633137,0.019970414201183433,0.01972386587771203,0.020833333333333332,0.01849112426035503,0.016148915187376725,0.013929980276134122,0.012943786982248521,0.010108481262327416,0.009615384615384616,0.014176528599605522,0.008136094674556213,0.008505917159763314,0.008752465483234714,0.004684418145956607,0.003821499013806706,0.00616370808678501,0.0035749506903353058,0.0036982248520710057,0.00616370808678501,0.0034516765285996054,0.0034516765285996054,0.003821499013806706,0.0027120315581854043,0.0036982248520710057,0.005177514792899409,0.0025887573964497044,0.003081854043392505,0.0025887573964497044,0.002465483234714004,0.0018491124260355029,0.0025887573964497044,0.0019723865877712033,0.0014792899408284023,0.000616370808678501,0.002095660749506903,0.0016025641025641025,0.0007396449704142012,0.0007396449704142012,0.0007396449704142012,0.0001232741617357002,0.02465483234714004
welding_0002_17-38-18_p7,0.02965095029239766,0.01804641812865497,0.017041301169590642,0.02266081871345029,0.0424890350877193,0.051443713450292396,0.05249451754385965,0.060261330409356724,0.05295138888888889,0.04491045321637427,0.0381030701754386,0.034722222222222224,0.031295687134502925,0.025219298245614034,0.024168494152046784,0.023711622807017545,0.018457602339181287,0.017635233918128657,0.01896016081871345,0.019828216374269007,0.018411915204678362,0.019142909356725146,0.01882309941520468,0.015305190058479532,0.013751827485380117,0.014756944444444444,0.014437134502923976,0.014665570175438597,0.017132675438596492,0.01699561403508772,0.018686038011695907,0.015533625730994151,0.017178362573099414,0.016812865497076022,0.01836622807017544,0.019508406432748537,0.017086988304093567,0.012792397660818713,0.012883771929824562,0.009868421052631578,0.005939327485380117,0.0044773391812865495,0.004614400584795322,0.004157529239766082,0.0030610380116959063,0.0029239766081871343,0.0022386695906432747,0.0014163011695906432,0.0008223684210526315,0.0008680555555555555,0.0005025584795321637,0.0005025584795321637,0.00022843567251461987,0.0003198099415204678,0.00027412280701754384,9.137426900584795e-05,0.00027412280701754384,0.00013706140350877192,9.137426900584795e-05,0.00013706140350877192,9.137426900584795e-05,0.0001827485380116959,0.0,0.00045687134502923974
welding_0002_17-38-18_p8,0.0011792452830188679,0.005110062893081761,0.009237421383647798,0.018278301886792452,0.01867138364779874,0.024960691823899372,0.029677672955974843,0.024174528301886794,0.025550314465408806,0.026729559748427674,0.03046383647798742,0.031053459119496855,0.028105345911949686,0.028498427672955975,0.029677672955974843,0.026336477987421385,0.026336477987421385,0.02279874213836478,0.022995283018867923,0.025157232704402517,0.028105345911949686,0.025550314465408806,0.02790880503144654,0.025157232704402517,0.026729559748427674,0.027515723270440252,0.024960691823899372,0.02574685534591195,0.022209119496855344,0.023388364779874212,0.0220125786163522,0.0202437106918239,0.014937106918238994,0.015526729559748428,0.013757861635220126,0.013168238993710692,0.011595911949685534,0.010809748427672955,0.009237421383647798,0.010220125786163521,0.0066823899371069185,0.008647798742138365,0.009040880503144654,0.008254716981132075,0.006485849056603774,0.0076650943396226415,0.0037342767295597485,0.006092767295597485,0.0023584905660377358,0.005699685534591195,0.0037342767295597485,0.004127358490566038,0.004520440251572327,0.0033411949685534592,0.003930817610062893,0.0031446540880503146,0.0037342767295597485,0.0023584905660377358,0.0033411949685534592,0.0025550314465408804,0.0019654088050314465,0.0031446540880503146,0.0019654088050314465,0.03970125786163522
welding_0002_17-38-18_p9,0.023883374689826303,0.062034739454094295,0.05583126550868486,0.052109181141439205,0.036910669975186106,0.03318858560794045,0.03598014888337469,0.036290322580645164,0.07009925558312655,0.06606699751861042,0.06947890818858561,0.08405707196029777,0.08436724565756824,0.056451612903225805,0.030397022332506202,0.018610421836228287,0.012096774193548387,0.010235732009925558,0.013647642679900745,0.012096774193548387,0.010235732009925558,0.010235732009925558,0.010856079404466501,0.010856079404466501,0.006823821339950372,0.004962779156327543,0.003411910669975186,0.004032258064516129,0.0037220843672456576,0.003101736972704715,0.0021712158808933004,0.0021712158808933004,0.0037220843672456576,0.0006203473945409429,0.0021712158808933004,0.0015508684863523574,0.003101736972704715,0.0015508684863523574,0.0018610421836228288,0.0024813895781637717,0.0012406947890818859,0.0015508684863523574,0.002791563275434243,0.0006203473945409429,0.00031017369727047146,0.0012406947890818859,0.0006203473945409429,0.0015508684863523574,0.0,0.0006203473945409429,0.0012406947890818859,0.0009305210918114144,0.0009305210918114144,0.0009305210918114144,0.0015508684863523574,0.0009305210918114144,0.0012406947890818859,0.0009305210918114144,0.0006203473945409429,0.0009305210918114144,0.0006203473945409429,0.00031017369727047146,0.0006203473945409429,0.024193548387096774
welding_0002_17-38-18_p10,0.09473324213406292,0.07797537619699042,0.12038303693570451,0.10259917920656635,0.08173734610123119,0.05369357045143639,0.047879616963064295,0.0338577291381669,0.027359781121751026,0.019835841313269494,0.015389876880984952,0.02017783857729138,0.01573187414500684,0.013679890560875513,0.015047879616963064,0.011627906976744186,0.01265389876880985,0.01744186046511628,0.01094391244870041,0.011627906976744186,0.010601915184678522,0.009233926128590971,0.009575923392612859,0.00786593707250342,0.012311901504787962,0.01094391244870041,0.007523939808481532,0.006497948016415869,0.005813953488372093,0.005813953488372093,0.004103967168262654,0.0047879616963064295,0.003419972640218878,0.006497948016415869,0.0030779753761969904,0.0027359781121751026,0.0047879616963064295,0.0023939808481532147,0.0030779753761969904,0.004103967168262654,0.003761969904240766,0.0027359781121751026,0.005129958960328317,0.003419972640218878,0.004103967168262654,0.003761969904240766,0.005471956224350205,0.003761969904240766,0.002051983584131327,0.0023939808481532147,0.0006839945280437756,0.002051983584131327,0.0006839945280437756,0.0013679890560875513,0.001709986320109439,0.0010259917920656635,0.0003419972640218878,0.0013679890560875513,0.0010259917920656635,0.0010259917920656635,0.0027359781121751026,0.0006839945280437756,0.0003419972640218878,0.01880984952120383
welding_0002_17-38-18_p11,0.01978021978021978,0.056593406593406594,0.0978021978021978,0.09945054945054944,0.09615384615384616,0.13681318681318683,0.08296703296703296,0.06813186813186813,0.09285714285714286,0.03461538461538462,0.03901098901098901,0.0489010989010989,0.03791208791208791,0.023626373626373626,0.014285714285714285,0.014285714285714285,0.006593406593406593,0.002197802197802198,0.006593406593406593,0.0016483516483516484,0.001098901098901099,0.004945054945054945,0.0,0.001098901098901099,0.001098901098901099,0.0,0.0,0.0,0.001098901098901099,0.0005494505494505495,0.0005494505494505495,0.0005494505494505495,0.0005494505494505495,0.0,0.0,0.0,0.0,0.0,0.0,0.0,0.0,0.0,0.0005494505494505495,0.0,0.0,0.0,0.0,0.001098901098901099,0.0,0.0,0.0,0.0005494505494505495,0.0,0.0005494505494505495,0.0,0.0,0.0,0.0,0.0005494505494505495,0.0005494505494505495,0.0,0.0,0.0,0.004395604395604396
welding_0002_18-06-26_p0,0.06902709359605912,0.11336206896551725,0.0958128078817734,0.07807881773399014,0.08405172413793104,0.08768472906403942,0.06816502463054187,0.05394088669950739,0.03066502463054187,0.021613300492610836,0.018288177339901478,0.013177339901477833,0.01206896551724138,0.012253694581280788,0.010098522167487686,0.012192118226600985,0.01145320197044335,0.0104064039408867,0.00960591133004926,0.005172413793103448,0.0034482758620689655,0.004987684729064039,0.0019704433497536944,0.0020935960591133003,0.003694581280788177,0.0035714285714285713,0.0022783251231527093,0.002955665024630542,0.001539408866995074,0.0022167487684729066,0.0012315270935960591,0.0036330049261083745,0.0043719211822660095,0.0017857142857142857,0.0010467980295566501,0.0022783251231527093,0.0012315270935960591,0.0008620689655172414,0.003879310344827586,0.0017857142857142857,0.0009236453201970443,0.0009236453201970443,0.007142857142857143,0.0008004926108374384,0.0006773399014778325,0.0024630541871921183,0.0011699507389162562,0.006834975369458128,0.0008004926108374384,0.0009852216748768472,0.0008004926108374384,0.0008620689655172414,0.0019088669950738917,0.0035714285714285713,0.0008620689655172414,0.0008620689655172414,0.001416256157635468,0.0008620689655172414,0.0006157635467980296,0.0007389162561576355,0.00018472906403940888,0.0005541871921182266,0.00036945812807881776,0.09568965517241379
welding_0002_18-06-26_p1,0.03954451345755693,0.06666666666666667,0.13436853002070392,0.09865424430641823,0.09378881987577639,0.08540372670807453,0.06418219461697723,0.0577639751552795,0.05010351966873706,0.03674948240165631,0.028157349896480333,0.022256728778467908,0.01935817805383023,0.014078674948240166,0.013146997929606625,0.009109730848861283,0.011387163561076604,0.007142857142857143,0.008074534161490683,0.005486542443064182,0.005693581780538302,0.006418219461697723,0.005175983436853002,0.002691511387163561,0.004761904761904762,0.0037267080745341614,0.004658385093167702,0.002173913043478261,0.002587991718426501,0.004037267080745342,0.002173913043478261,0.002173913043478261,0.004968944099378882,0.0009316770186335404,0.002070393374741201,0.002070393374741201,0.0018633540372670807,0.0016563146997929607,0.002070393374741201,0.002277432712215321,0.0008281573498964803,0.0007246376811594203,0.003105590062111801,0.0005175983436853002,0.0011387163561076604,0.002898550724637681,0.0008281573498964803,0.0013457556935817805,0.00031055900621118014,0.0012422360248447205,0.00010351966873706004,0.0013457556935817805,0.00020703933747412008,0.0034161490683229812,0.0012422360248447205,0.0012422360248447205,0.0008281573498964803,0.00020703933747412008,0.00020703933747412008,0.00041407867494824016,0.0,0.00010351966873706004,0.0,0.04813664596273292
welding_0002_18-06-26_p2,0.054723502304147464,0.08201324884792627,0.07963709677419355,0.08086117511520738,0.07783698156682027,0.0764688940092166,0.05652361751152074,0.039026497695852536,0.024841589861751154,0.017641129032258066,0.016705069124423964,0.014112903225806451,0.012744815668202765,0.01886520737327189,0.01886520737327189,0.013608870967741936,0.011232718894009217,0.0069124423963133645,0.006264400921658986,0.005328341013824885,0.005688364055299539,0.009144585253456222,0.005904377880184331,0.006192396313364055,0.00655241935483871,0.008496543778801843,0.007920506912442397,0.006984447004608295,0.006696428571428571,0.007488479262672811,0.008496543778801843,0.01065668202764977,0.009288594470046083,0.008280529953917051,0.009216589861751152,0.007848502304147466,0.005256336405529954,0.00576036866359447,0.008712557603686636,0.008640552995391706,0.005328341013824885,0.0033842165898617512,0.008784562211981567,0.0020161290322580645,0.0015841013824884793,0.002736175115207373,0.0017281105990783411,0.006336405529953917,0.0005040322580645161,0.0010080645161290322,0.001800115207373272,0.001800115207373272,0.0012240783410138248,0.0030241935483870967,0.0016561059907834101,0.0013680875576036866,0.0013680875576036866,0.0007920506912442397,0.0006480414746543779,0.0003600230414746544,0.000576036866359447,0.0002880184331797235,0.00021601382488479264,0.08402937788018433
welding_0002_18-06-26_p3,0.015528483184625944,0.012525737817433082,0.02230610844200412,0.07069320521619767,0.11633493479752917,0.13297872340425532,0.1289464653397392,0.09102608098833219,0.06434454358270418,0.04667124227865477,0.032000686341798215,0.024021962937542895,0.019217570350034317,0.015356897735072065,0.01192518874399451,0.009179821551132464,0.007635552505147564,0.006949210706932052,0.0072923816060398074,0.006091283459162663,0.005147563486616335,0.00549073438572409,0.00471859986273164,0.004118050789293068,0.005233356211393274,0.004032258064516129,0.0035175017158544956,0.0036032944406314345,0.003260123541523679,0.0039464653397391905,0.0035175017158544956,0.0037748798901853123,0.0043754289636238845,0.003002745367192862,0.002745367192862045,0.0030885380919698007,0.002144818119423473,0.0026595744680851063,0.0030885380919698007,0.003260123541523679,0.0024021962937542897,0.0023164035689773508,0.0036032944406314345,0.0018874399450926561,0.002230610844200412,0.002230610844200412,0.0024879890185312285,0.0026595744680851063,0.0012868908716540837,0.0023164035689773508,0.0012010981468771448,0.0018874399450926561,0.0012868908716540837,0.0018874399450926561,0.0019732326698695952,0.0017158544955387784,0.0016300617707618395,0.001029512697323267,0.0016300617707618395,0.0012010981468771448,0.0015442690459849004,0.001115305422100206,0.001029512697323267,0.04169526424159231
welding_0002_18-06-26_p4,0.09615384615384616,0.23481781376518218,0.12095141700404859,0.1082995951417004,0.0652834008097166,0.0541497975708502,0.040991902834008095,0.026821862348178137,0.02277327935222672,0.013663967611336033,0.014676113360323886,0.016194331983805668,0.012145748987854251,0.00708502024291498,0.012145748987854251,0.0075910931174089065,0.012145748987854251,0.00860323886639676,0.0075910931174089065,0.004048582995951417,0.006072874493927126,0.004554655870445344,0.005566801619433198,0.0020242914979757085,0.005060728744939271,0.004554655870445344,0.00354251012145749,0.00354251012145749,0.0020242914979757085,0.004048582995951417,0.003036437246963563,0.0020242914979757085,0.003036437246963563,0.0005060728744939271,0.00354251012145749,0.0005060728744939271,0.0010121457489878543,0.0020242914979757085,0.00354251012145749,0.0020242914979757085,0.0005060728744939271,0.0005060728744939271,0.0015182186234817814,0.0015182186234817814,0.0005060728744939271,0.0025303643724696357,0.0015182186234817814,0.0005060728744939271,0.0010121457489878543,0.0020242914979757085,0.0010121457489878543,0.0005060728744939271,0.0010121457489878543,0.003036437246963563,0.0010121457489878543,0.0015182186234817814,0.0005060728744939271,0.0005060728744939271,0.0,0.0005060728744939271,0.0,0.0,0.0,0.0298582995951417
welding_0002_18-19-53_p0,0.06667258522727272,0.09978693181818182,0.13512073863636365,0.15474076704545456,0.11434659090909091,0.09055397727272728,0.032759232954545456,0.022993607954545456,0.018022017045454544,0.017223011363636364,0.017933238636363636,0.015713778409090908,0.013316761363636364,0.012251420454545454,0.010475852272727272,0.010298295454545454,0.01162997159090909,0.009943181818181818,0.009765625,0.008078835227272728,0.00967684659090909,0.00985440340909091,0.01065340909090909,0.007634943181818182,0.009410511363636364,0.008078835227272728,0.007013494318181818,0.004438920454545455,0.003107244318181818,0.0035511363636363635,0.0024857954545454545,0.002130681818181818,0.001864346590909091,0.0017755681818181818,0.0015980113636363637,0.0015980113636363637,0.0014204545454545455,0.0015980113636363637,0.0015980113636363637,0.0011541193181818182,0.0012428977272727273,0.0012428977272727273,0.002041903409090909,0.0011541193181818182,0.0012428977272727273,0.0009765625,0.0005326704545454545,0.0015980113636363637,0.0008877840909090909,0.00044389204545454544,0.0006214488636363636,0.0009765625,0.0007102272727272727,0.0003551136363636364,0.0007990056818181819,0.0005326704545454545,0.0008877840909090909,0.0008877840909090909,0.0009765625,0.00044389204545454544,0.0007990056818181819,0.0001775568181818182,0.00026633522727272725,0.017933238636363636
welding_0002_18-19-53_p1,0.028158602150537636,0.05154569892473118,0.08763440860215053,0.09240591397849462,0.08514784946236559,0.07654569892473118,0.054704301075268816,0.05295698924731183,0.048991935483870964,0.04529569892473118,0.0321236559139785,0.031451612903225803,0.022446236559139784,0.019959677419354838,0.017876344086021505,0.01881720430107527,0.015120967741935484,0.015255376344086021,0.014112903225806451,0.013776881720430107,0.0135752688172043,0.012634408602150538,0.012701612903225806,0.011559139784946236,0.01196236559139785,0.010483870967741936,0.010551075268817205,0.012163978494623655,0.010416666666666666,0.010349462365591398,0.009408602150537635,0.00900537634408602,0.007728494623655914,0.006115591397849463,0.00282258064516129,0.001881720430107527,0.002150537634408602,0.0018145161290322581,0.0016801075268817205,0.0020161290322580645,0.001411290322580645,0.0020161290322580645,0.0012096774193548388,0.0004032258064516129,0.0008064516129032258,0.000739247311827957,0.0006048387096774194,0.00047043010752688175,0.0006048387096774194,0.00047043010752688175,0.00020161290322580645,0.0003360215053763441,0.00026881720430107527,0.00013440860215053763,0.0006048387096774194,0.00020161290322580645,0.0004032258064516129,0.0003360215053763441,0.00013440860215053763,0.00026881720430107527,0.0003360215053763441,0.0,0.00013440860215053763,0.002553763440860215
welding_0002_18-19-53_p2,0.01110925492816572,0.013531573671901102,0.024223187437353827,0.03232542599398597,0.023387905111927832,0.018960908787170064,0.023220848646842634,0.03341129301703976,0.035583027063147345,0.047611092549281656,0.0553792181757434,0.05304042766455062,0.042181757434012694,0.036835950551286335,0.03717006348145673,0.03407951887738055,0.027480788506515204,0.02480788506515202,0.0278984296692282,0.024306715669896426,0.022886735716672234,0.02656197794854661,0.02347143334447043,0.02372201804209823,0.024223187437353827,0.01979619111259606,0.016455061810892083,0.016956231206147677,0.015369194787838289,0.017624457066488474,0.018292682926829267,0.01971266288005346,0.017290344136318074,0.015369194787838289,0.014450384229869696,0.010775141997995322,0.00960574674239893,0.007099899766120949,0.006348145673237555,0.005512863347811561,0.003424657534246575,0.004343468092215168,0.003842298696959572,0.0035081857667891747,0.0022552622786501837,0.0020046775810223854,0.001921149348479786,0.0017540928833945874,0.001921149348479786,0.0015870364183093886,0.0014199799532241897,0.0010023387905111927,0.001085867023053792,0.0005011693952555964,0.0010023387905111927,0.0009188105579685934,0.0005011693952555964,0.0005011693952555964,0.000417641162712997,0.0003341129301703976,0.0005011693952555964,0.0001670564650851988,0.0006682258603407952,0.006348145673237555
welding_0002_18-19-53_p3,0.0028735632183908046,0.00777552400270453,0.009465855307640297,0.018480955600631056,0.029299075952219967,0.05611899932386748,0.09257381113364886,0.08823529411764706,0.08603786342123056,0.06017579445571332,0.04490646833446022,0.03915934189767861,0.03606040117196304,0.03301780482307866,0.0320036060401172,0.03003155285102547,0.032454361054766734,0.029468109082713544,0.022425061978814515,0.019889565021410864,0.023044850123957628,0.027157989632634664,0.030482307865675004,0.026988956502141087,0.01803020058598152,0.013128239801667793,0.009409510930809105,0.00850800090151003,0.006704980842911878,0.006366914581924724,0.0072684246112238,0.006028848320937571,0.005803470813612801,0.005747126436781609,0.00552174892945684,0.005296371422132071,0.0033806626098715348,0.0025918413342348435,0.002141086319585305,0.0025918413342348435,0.0012395762902862293,0.0012959206671174217,0.0011832319134550372,0.000901510029299076,0.000901510029299076,0.0005634437683119225,0.000225377507324769,0.000450755014649538,0.000676132521974307,0.0003944106378183457,0.000225377507324769,0.0,0.0003380662609871535,0.0003944106378183457,0.000450755014649538,0.00028172188415596125,0.0001126887536623845,0.0001126887536623845,0.000225377507324769,0.000225377507324769,0.0001126887536623845,0.0003944106378183457,0.0,0.0026481857110660354
welding_0002_18-19-53_p4,0.12035445757250268,0.015682062298603652,0.018850698174006444,0.02121374865735768,0.024328678839957034,0.03689581095596133,0.03372717508055854,0.03796992481203008,0.04097744360902256,0.04226638023630505,0.037647690655209454,0.0397422126745435,0.03963480128893663,0.03920515574650913,0.04339419978517723,0.040923737916219116,0.03958109559613319,0.03775510204081633,0.034371643394199784,0.03152524167561761,0.02502685284640172,0.024221267454350163,0.019226638023630505,0.01874328678839957,0.01949516648764769,0.014661654135338346,0.012083780880773363,0.010096670247046188,0.007518796992481203,0.0069280343716433945,0.007142857142857143,0.007089151450053705,0.006605800214822771,0.006981740064446832,0.0063372717508055855,0.004296455424274973,0.00472610096670247,0.004511278195488722,0.003490870032223416,0.002631578947368421,0.0015037593984962407,0.0017722878625134263,0.0011815252416756176,0.0007518796992481203,0.0004833512352309345,0.0004296455424274973,0.0004296455424274973,0.0005370569280343716,0.00021482277121374866,0.0002685284640171858,0.0004296455424274973,0.0005907626208378088,0.00037593984962406017,0.0002685284640171858,0.00037593984962406017,0.00032223415682062297,5.3705692803437166e-05,0.00016111707841031148,0.00021482277121374866,5.3705692803437166e-05,0.00016111707841031148,0.0,0.0,0.0015574650912996777
welding_0002_18-19-53_p5,0.005763448045439359,0.003424657534246575,0.00960574674239893,0.013448045439358503,0.01110925492816572,0.013364517206815904,0.021299699298362847,0.03174072836618777,0.034330103575008354,0.028817240227196794,0.030070163715335784,0.03366187771466756,0.034163047109923156,0.0415135315736719,0.04710992315402606,0.045355830270631475,0.041597059806214504,0.04301703975943869,0.040928833945873704,0.02931840962245239,0.02915135315736719,0.02614433678583361,0.020464416972936852,0.02180086869361844,0.021299699298362847,0.022886735716672234,0.017624457066488474,0.018543267624457068,0.01971266288005346,0.01979619111259606,0.01937854994988306,0.022469094553959238,0.017290344136318074,0.01804209822920147,0.01670564650851988,0.014951553625125293,0.014533912462412295,0.014700968927497494,0.015619779485466088,0.012278650183762112,0.007935182091546943,0.006431673905780154,0.005011693952555964,0.006515202138322753,0.0032576010691613764,0.0036752422318743734,0.0028399599064483794,0.0026729034413631807,0.001670564650851988,0.001670564650851988,0.0013364517206815904,0.0006682258603407952,0.0011693952555963916,0.0001670564650851988,0.0007517540928833945,0.0006682258603407952,0.000417641162712997,0.0006682258603407952,0.0009188105579685934,0.0005011693952555964,0.0005011693952555964,0.0002505846976277982,0.000417641162712997,0.00684931506849315
welding_0002_18-19-53_p6,0.04528985507246377,0.1431159420289855,0.1746376811594203,0.1967391304347826,0.16630434782608697,0.08586956521739131,0.035144927536231885,0.015217391304347827,0.010869565217391304,0.007971014492753623,0.007246376811594203,0.010144927536231883,0.005797101449275362,0.008333333333333333,0.007971014492753623,0.003260869565217391,0.004710144927536232,0.005072463768115942,0.002898550724637681,0.0014492753623188406,0.002898550724637681,0.002536231884057971,0.003260869565217391,0.002898550724637681,0.0018115942028985507,0.0014492753623188406,0.0010869565217391304,0.0010869565217391304,0.0014492753623188406,0.0007246376811594203,0.00036231884057971015,0.0007246376811594203,0.0010869565217391304,0.00036231884057971015,0.0007246376811594203,0.0018115942028985507,0.00036231884057971015,0.0007246376811594203,0.0007246376811594203,0.0010869565217391304,0.00036231884057971015,0.0007246376811594203,0.0010869565217391304,0.0,0.0007246376811594203,0.0007246376811594203,0.00036231884057971015,0.0018115942028985507,0.0007246376811594203,0.00036231884057971015,0.00036231884057971015,0.00036231884057971015,0.0,0.0,0.0010869565217391304,0.00036231884057971015,0.00036231884057971015,0.00036231884057971015,0.00036231884057971015,0.0010869565217391304,0.00036231884057971015,0.0,0.0,0.02318840579710145
welding_0002_18-35-39_p0,0.05938914027149321,0.07119626696832579,0.06554015837104073,0.05139988687782805,0.05154128959276018,0.04284502262443439,0.03867364253393665,0.03266402714932127,0.027078619909502263,0.02135180995475113,0.021139705882352942,0.021917420814479636,0.02071549773755656,0.019937782805429863,0.01732183257918552,0.01809954751131222,0.01880656108597285,0.015907805429864252,0.014352375565610859,0.013857466063348416,0.015907805429864252,0.013857466063348416,0.015625,0.01477658371040724,0.017180429864253395,0.01809954751131222,0.01456447963800905,0.014069570135746607,0.011029411764705883,0.011453619909502262,0.01223133484162896,0.010039592760180996,0.012089932126696833,0.008201357466063349,0.008413461538461538,0.009332579185520362,0.006787330316742082,0.0065752262443438915,0.007070135746606335,0.005161199095022624,0.004524886877828055,0.004595588235294118,0.004807692307692308,0.004383484162895928,0.0041713800904977375,0.004949095022624434,0.004383484162895928,0.003676470588235294,0.0019796380090497737,0.002403846153846154,0.002403846153846154,0.003393665158371041,0.001626131221719457,0.002474547511312217,0.0031815610859728507,0.0025452488687782806,0.0019796380090497737,0.001201923076923077,0.0017675339366515837,0.0013433257918552036,0.002050339366515837,0.001414027149321267,0.0004949095022624434,0.05804581447963801
welding_0002_18-35-39_p1,0.02004851598173516,0.04016837899543379,0.047517123287671235,0.06014554794520548,0.07826769406392695,0.07412956621004566,0.05301084474885845,0.04544805936073059,0.03538812785388128,0.033105022831050226,0.027254566210045662,0.026184360730593607,0.024971461187214612,0.020690639269406393,0.016695205479452056,0.017408675799086757,0.015125570776255707,0.01334189497716895,0.011486872146118722,0.010844748858447488,0.013270547945205479,0.011344178082191781,0.013127853881278538,0.012128995433789954,0.015767694063926942,0.01776541095890411,0.01334189497716895,0.012771118721461187,0.011558219178082191,0.010702054794520547,0.0110587899543379,0.010844748858447488,0.011914954337899544,0.008276255707762557,0.00898972602739726,0.010773401826484019,0.008418949771689497,0.007848173515981735,0.008204908675799087,0.005636415525114155,0.006278538812785388,0.00670662100456621,0.006135844748858447,0.005921803652968036,0.0046375570776255705,0.004994292237442922,0.0037813926940639267,0.003139269406392694,0.001783675799086758,0.0024257990867579907,0.00228310502283105,0.001569634703196347,0.0012842465753424657,0.0019263698630136985,0.0019263698630136985,0.0016409817351598173,0.001569634703196347,0.001355593607305936,0.0017123287671232876,0.001141552511415525,0.00221175799086758,0.0012128995433789954,0.0010702054794520547,0.03831335616438356
welding_0002_18-35-39_p2,0.05677083333333333,0.057421875,0.06686197916666667,0.06432291666666666,0.058268229166666664,0.075,0.07350260416666667,0.055403645833333334,0.039453125,0.03528645833333333,0.027083333333333334,0.025911458333333335,0.025065104166666668,0.018424479166666667,0.017447916666666667,0.017317708333333334,0.014192708333333333,0.012109375,0.011588541666666667,0.0107421875,0.014518229166666667,0.011848958333333333,0.013216145833333333,0.013346354166666666,0.013151041666666667,0.011979166666666667,0.011002604166666667,0.009700520833333334,0.0083984375,0.008723958333333334,0.009700520833333334,0.008723958333333334,0.007421875,0.007552083333333333,0.007421875,0.0064453125,0.005143229166666667,0.0044921875,0.0046875,0.0035807291666666665,0.002864583333333333,0.0026692708333333334,0.0033854166666666668,0.0024088541666666668,0.0016927083333333334,0.0021484375,0.0016927083333333334,0.0016276041666666667,0.0009765625,0.0010416666666666667,0.0013020833333333333,0.0011067708333333333,0.0009765625,0.0010416666666666667,0.0010416666666666667,0.0010416666666666667,0.0006510416666666666,0.00078125,0.0008463541666666667,0.0007161458333333333,0.0010416666666666667,0.0008463541666666667,0.0003255208333333333,0.024544270833333333
welding_0003_17-38-13_p0,0.05134363686995266,0.10971874129768866,0.12764550264550265,0.11525341130604289,0.12834168755221387,0.11866471734892788,0.0758493455861877,0.056947925368978,0.04399888610414926,0.028334725703146754,0.01855332776385408,0.015559732664995822,0.010964912280701754,0.008563074352548036,0.007936507936507936,0.0063700918964076855,0.0063700918964076855,0.005012531328320802,0.004560011138958507,0.00403787245892509,0.00435115566694514,0.00341130604288499,0.0030284043441938177,0.003689780005569479,0.0032024505708716233,0.0029935950988582566,0.003933444722918407,0.0035505430242272346,0.0024018379281537175,0.0018448900027847395,0.0015664160401002505,0.0013575605680868838,0.0010094681147312726,0.0009050403787245892,0.0008702311333890281,0.0006961849067112225,0.0007309941520467836,0.000835421888053467,0.0006265664160401002,0.000835421888053467,0.0004873294346978557,0.0006961849067112225,0.0005221386800334168,0.00038290169869117235,0.00024366471734892786,0.0005221386800334168,0.0003132832080200501,0.0004177109440267335,0.0001392369813422445,0.00017404622667780562,0.0001392369813422445,0.0004177109440267335,0.0003132832080200501,0.00024366471734892786,0.00020885547201336674,0.00020885547201336674,0.0003132832080200501,0.00020885547201336674,0.00024366471734892786,0.00017404622667780562,0.00020885547201336674,0.00010442773600668337,6.961849067112225e-05,0.007379560011138958
welding_0003_17-38-13_p1,0.01886209029066172,0.027056277056277056,0.03494124922696351,0.061533704390847245,0.09199134199134198,0.1522881880024737,0.12229437229437229,0.07560296846011132,0.054576376004947434,0.03787878787878788,0.04591836734693878,0.0383426097711812,0.03896103896103896,0.03494124922696351,0.025819418676561533,0.016852195423623994,0.013760049474335189,0.010358688930117502,0.006802721088435374,0.0066481137909709335,0.005875077303648732,0.006493506493506494,0.005411255411255411,0.0035559678416821274,0.006029684601113173,0.003246753246753247,0.0030921459492888066,0.0024737167594310453,0.004174397031539889,0.0018552875695732839,0.0015460729746444033,0.0021645021645021645,0.0018552875695732839,0.0007730364873222016,0.0012368583797155227,0.0012368583797155227,0.0009276437847866419,0.0012368583797155227,0.0012368583797155227,0.0009276437847866419,0.00046382189239332097,0.0007730364873222016,0.0013914656771799629,0.0007730364873222016,0.0006184291898577613,0.00030921459492888067,0.0006184291898577613,0.0013914656771799629,0.00030921459492888067,0.00015460729746444033,0.0007730364873222016,0.0007730364873222016,0.00015460729746444033,0.0006184291898577613,0.0009276437847866419,0.0006184291898577613,0.00046382189239332097,0.0,0.00015460729746444033,0.00030921459492888067,0.00015460729746444033,0.00015460729746444033,0.00030921459492888067,0.017006802721088437
welding_0003_17-38-13_p2,0.0741421568627451,0.10758053221288516,0.11852240896358543,0.10364145658263306,0.11029411764705882,0.12158613445378151,0.0784313725490196,0.06959033613445378,0.05435924369747899,0.031862745098039214,0.01759453781512605,0.01365546218487395,0.010766806722689076,0.00901610644257703,0.008228291316526611,0.006740196078431373,0.00586484593837535,0.0041141456582633055,0.004201680672268907,0.0037640056022408964,0.004201680672268907,0.002888655462184874,0.0021008403361344537,0.0019257703081232494,0.0024509803921568627,0.0015756302521008404,0.002188375350140056,0.0012254901960784314,0.0011379551820728292,0.0010504201680672268,0.0011379551820728292,0.0007878151260504202,0.0006127450980392157,0.0006127450980392157,0.0007002801120448179,0.0005252100840336134,0.0005252100840336134,0.0007878151260504202,0.0004376750700280112,0.0008753501400560224,0.0004376750700280112,0.0008753501400560224,0.0006127450980392157,0.00035014005602240897,8.753501400560224e-05,0.0010504201680672268,0.0002626050420168067,0.0007002801120448179,0.0,0.00017507002801120448,8.753501400560224e-05,0.0002626050420168067,0.00035014005602240897,0.00035014005602240897,0.0002626050420168067,0.00035014005602240897,8.753501400560224e-05,0.00035014005602240897,0.0002626050420168067,8.753501400560224e-05,0.00017507002801120448,0.0,0.0,0.011116946778711485
welding_0003_17-38-13_p3,0.06778846153846153,0.07127403846153846,0.07728365384615385,0.09975961538461539,0.08605769230769231,0.09951923076923076,0.08040865384615385,0.059014423076923075,0.05048076923076923,0.04555288461538461,0.047115384615384615,0.027644230769230768,0.021274038461538462,0.0203125,0.017908653846153845,0.01706730769230769,0.013942307692307693,0.01358173076923077,0.013221153846153846,0.015024038461538462,0.012139423076923077,0.012980769230769231,0.008894230769230769,0.006490384615384616,0.003966346153846154,0.0030048076923076925,0.0019230769230769232,0.0008413461538461539,0.0008413461538461539,0.0007211538461538462,0.0010817307692307693,0.0003605769230769231,0.0004807692307692308,0.0006009615384615385,0.0,0.0,0.0004807692307692308,0.0001201923076923077,0.0,0.0002403846153846154,0.0,0.0,0.0,0.0,0.0002403846153846154,0.0003605769230769231,0.0,0.0,0.0,0.0,0.0,0.0,0.0,0.0,0.0,0.0,0.0,0.0,0.0,0.0,0.0,0.0,0.0,0.0
welding_0003_17-38-18_p0,0.026341079853223835,0.044076533286737725,0.06237987069718679,0.06386510571378648,0.06652979206709768,0.05233269264371833,0.0474401537655076,0.038572427048750656,0.03533985671850428,0.03110256858291106,0.029923117246199546,0.02983575048051721,0.028044731784029355,0.026122662939017997,0.023851127031277303,0.020618556701030927,0.018827538004543072,0.018609121090337237,0.015944434737026034,0.015289183994408527,0.013279748383714835,0.013367115149397169,0.012406080726891491,0.012012930281320985,0.011095579241656474,0.011794513367115149,0.011182946007338808,0.010789795561768303,0.011051895858815306,0.00912982701380395,0.009959811287786125,0.010571378647562467,0.012973964703826665,0.014983400314520357,0.017997553730560896,0.02245325878035995,0.019657522278525248,0.016075484885549537,0.012406080726891491,0.00847457627118644,0.005766206535034073,0.005547789620828237,0.0048051721125283945,0.002752053118993535,0.002621002970470033,0.0019220688450113576,0.0014415516337585182,0.0012231347195526823,0.0010484011881880134,0.0014852350165996855,0.0004805172112528394,0.0008299842739821772,0.0006989341254586755,0.0007863008911410099,0.0004805172112528394,0.0007426175082998427,0.0006989341254586755,0.00030578367988817057,0.0005242005940940067,0.00030578367988817057,0.00030578367988817057,8.736676568233443e-05,0.00030578367988817057,0.008125109208457102
welding_0003_17-38-18_p1,0.018643465909090908,0.02947443181818182,0.04403409090909091,0.05379971590909091,0.06640625,0.06676136363636363,0.033025568181818184,0.03586647727272727,0.026455965909090908,0.02325994318181818,0.02325994318181818,0.02734375,0.02716619318181818,0.024680397727272728,0.026100852272727272,0.023792613636363636,0.020596590909090908,0.019886363636363636,0.01953125,0.01970880681818182,0.018110795454545456,0.017045454545454544,0.017045454545454544,0.01473721590909091,0.018998579545454544,0.017578125,0.015269886363636364,0.016512784090909092,0.020596590909090908,0.013494318181818182,0.018821022727272728,0.014914772727272728,0.015269886363636364,0.011363636363636364,0.009588068181818182,0.011363636363636364,0.007457386363636364,0.008345170454545454,0.00887784090909091,0.006924715909090909,0.004083806818181818,0.004083806818181818,0.0035511363636363635,0.00390625,0.0031960227272727275,0.004794034090909091,0.003018465909090909,0.004616477272727273,0.0012428977272727273,0.0023082386363636365,0.001953125,0.001065340909090909,0.0024857954545454545,0.0015980113636363637,0.0031960227272727275,0.0014204545454545455,0.0008877840909090909,0.001065340909090909,0.0014204545454545455,0.0012428977272727273,0.0007102272727272727,0.001065340909090909,0.0003551136363636364,0.034623579545454544
welding_0003_17-38-18_p2,0.006510416666666667,0.00703125,0.015885416666666666,0.025,0.032942708333333334,0.03619791666666667,0.03138020833333333,0.028776041666666665,0.03138020833333333,0.02890625,0.034505208333333336,0.03372395833333333,0.030859375,0.0328125,0.031119791666666667,0.025651041666666666,0.025130208333333334,0.023958333333333335,0.026692708333333332,0.028385416666666666,0.025520833333333333,0.022526041666666666,0.025520833333333333,0.023697916666666666,0.022786458333333332,0.019791666666666666,0.020182291666666668,0.017447916666666667,0.016666666666666666,0.015364583333333333,0.013411458333333333,0.016276041666666668,0.014322916666666666,0.014192708333333333,0.011197916666666667,0.013671875,0.010546875,0.011848958333333333,0.013020833333333334,0.009895833333333333,0.011458333333333333,0.006510416666666667,0.0078125,0.007291666666666667,0.005338541666666667,0.006640625,0.004036458333333334,0.005598958333333333,0.002994791666666667,0.004036458333333334,0.002994791666666667,0.0024739583333333332,0.003125,0.002734375,0.0024739583333333332,0.00234375,0.0022135416666666666,0.0018229166666666667,0.001953125,0.0013020833333333333,0.00234375,0.00078125,0.0015625,0.035416666666666666
welding_0003_17-38-18_p3,0.01324614352783367,0.011234071093226022,0.022803487592219986,0.03537894030851777,0.05181086519114688,0.06438631790744467,0.05130784708249497,0.046948356807511735,0.029007377598926895,0.02766599597585513,0.02733065057008719,0.028839704896042925,0.025486250838363516,0.02716297786720322,0.028672032193158954,0.023641851106639838,0.022803487592219986,0.022803487592219986,0.022300469483568074,0.02464788732394366,0.02095908786049631,0.02062374245472837,0.01659959758551308,0.018108651911468814,0.01626425217974514,0.015258215962441314,0.011904761904761904,0.014922870556673374,0.015258215962441314,0.011234071093226022,0.014419852448021462,0.015090543259557344,0.013916834339369551,0.011234071093226022,0.011234071093226022,0.011569416498993963,0.0077129443326626424,0.009054325955734407,0.008383635144198525,0.0077129443326626424,0.0053655264922870555,0.005868544600938967,0.006203890006706908,0.004024144869215292,0.004359490274983233,0.004862508383635144,0.0041918175720992625,0.005533199195171026,0.0026827632461435278,0.0031857813547954395,0.002012072434607646,0.0018443997317236754,0.0026827632461435278,0.001676727028839705,0.004024144869215292,0.0026827632461435278,0.0013413816230717639,0.002347417840375587,0.0018443997317236754,0.001006036217303823,0.0011737089201877935,0.001676727028839705,0.0005030181086519115,0.0499664654594232
welding_0003_17-38-18_p4,0.011001788908765653,0.05143112701252236,0.09203935599284437,0.09338103756708407,0.09785330948121646,0.07280858676207513,0.04883720930232558,0.042754919499105544,0.03309481216457961,0.030143112701252237,0.027549194991055456,0.023613595706618962,0.027549194991055456,0.022987477638640428,0.023792486583184256,0.020214669051878353,0.020572450805008944,0.020930232558139535,0.01592128801431127,0.014042933810375672,0.014669051878354204,0.0129695885509839,0.012432915921288014,0.01073345259391771,0.013953488372093023,0.0110912343470483,0.010912343470483005,0.00849731663685152,0.008318425760286225,0.007871198568872988,0.006618962432915921,0.004651162790697674,0.006261180679785331,0.006082289803220036,0.00483005366726297,0.004203935599284436,0.003398926654740608,0.0033094812164579605,0.003667262969588551,0.00259391771019678,0.002325581395348837,0.002415026833631485,0.002146690518783542,0.0018783542039355994,0.002415026833631485,0.0016100178890876566,0.0017889087656529517,0.002772808586762075,0.0009838998211091235,0.0014311270125223613,0.0009838998211091235,0.0013416815742397137,0.0008944543828264759,0.0020572450805008947,0.001073345259391771,0.0008050089445438283,0.0006261180679785331,0.0008944543828264759,0.0008944543828264759,0.0005366726296958855,0.0006261180679785331,0.0008050089445438283,8.944543828264758e-05,0.02101967799642218
welding_0003_17-38-18_p5,0.0025,0.005,0.007678571428571429,0.01107142857142857,0.021607142857142856,0.031785714285714285,0.025357142857142856,0.027142857142857142,0.03321428571428572,0.038214285714285715,0.040357142857142855,0.037321428571428575,0.03464285714285714,0.028214285714285713,0.027857142857142858,0.026607142857142857,0.03267857142857143,0.03125,0.024464285714285713,0.0275,0.02375,0.03,0.03428571428571429,0.02482142857142857,0.02642857142857143,0.024285714285714285,0.020535714285714286,0.01625,0.017857142857142856,0.015357142857142857,0.013392857142857142,0.013928571428571429,0.014642857142857143,0.014464285714285714,0.013214285714285715,0.015892857142857143,0.01125,0.010892857142857143,0.012142857142857143,0.008928571428571428,0.009285714285714286,0.0064285714285714285,0.007678571428571429,0.007321428571428572,0.0032142857142857142,0.005535714285714285,0.004107142857142857,0.004464285714285714,0.0016071428571428571,0.00375,0.0017857142857142857,0.0025,0.005,0.0016071428571428571,0.0025,0.0026785714285714286,0.0019642857142857144,0.002142857142857143,0.0025,0.0023214285714285715,0.00125,0.0014285714285714286,0.0016071428571428571,0.040535714285714286
welding_0003_17-38-18_p6,0.013982642237222759,0.020130183220829316,0.03242526518804243,0.03845226615236259,0.06207810993249759,0.04966248794599807,0.036885245901639344,0.03302796528447444,0.03833172613307618,0.03784956605593057,0.03326904532304725,0.03266634522661523,0.02892960462873674,0.02663934426229508,0.024831243972999035,0.021817743490838957,0.0235053037608486,0.021215043394406944,0.020371263259402122,0.019286403085824494,0.017719382835101254,0.01651398264223722,0.019406943105110895,0.016875602700096432,0.017237222757955643,0.014946962391513982,0.016996142719382837,0.014344262295081968,0.015308582449373193,0.014223722275795565,0.0116923818707811,0.012777242044358728,0.012174541947926712,0.0116923818707811,0.010366441658630666,0.01289778206364513,0.010004821600771456,0.010607521697203472,0.010728061716489875,0.007594021215043395,0.008076181292189007,0.006750241080038573,0.00662970106075217,0.00626808100289296,0.0036162005785920926,0.005183220829315333,0.004580520732883318,0.004459980713596914,0.0032545805207328834,0.003857280617164899,0.0024108003857280617,0.002290260366441659,0.00313404050144648,0.0021697203471552555,0.0020491803278688526,0.0021697203471552555,0.0014464802314368371,0.0016875602700096432,0.0020491803278688526,0.0014464802314368371,0.0016875602700096432,0.001325940212150434,0.0019286403085824494,0.03206364513018322
welding_0003_17-38-18_p7,0.0006944444444444445,0.0024305555555555556,0.007291666666666667,0.015625,0.024305555555555556,0.021527777777777778,0.020833333333333332,0.028125,0.03923611111111111,0.041666666666666664,0.04791666666666667,0.04861111111111111,0.04652777777777778,0.04548611111111111,0.03958333333333333,0.021875,0.025,0.020833333333333332,0.02847222222222222,0.03125,0.02638888888888889,0.025,0.025,0.02361111111111111,0.022569444444444444,0.019097222222222224,0.016666666666666666,0.014583333333333334,0.016666666666666666,0.010069444444444445,0.011458333333333333,0.011805555555555555,0.009375,0.0125,0.011111111111111112,0.012152777777777778,0.010416666666666666,0.011111111111111112,0.013888888888888888,0.010763888888888889,0.011805555555555555,0.005902777777777778,0.006944444444444444,0.005208333333333333,0.00625,0.004861111111111111,0.005208333333333333,0.005902777777777778,0.0038194444444444443,0.003472222222222222,0.003125,0.003125,0.002777777777777778,0.003125,0.0020833333333333333,0.0024305555555555556,0.001388888888888889,0.0010416666666666667,0.001736111111111111,0.001736111111111111,0.0020833333333333333,0.00034722222222222224,0.001388888888888889,0.042708333333333334
welding_0003_17-38-18_p8,0.11241134751773049,0.15638297872340426,0.09822695035460993,0.07695035460992908,0.052127659574468084,0.05921985815602837,0.038652482269503546,0.042198581560283686,0.03333333333333333,0.02553191489361702,0.019148936170212766,0.02695035460992908,0.01773049645390071,0.018085106382978722,0.013120567375886525,0.009574468085106383,0.011347517730496455,0.013120567375886525,0.011347517730496455,0.012056737588652482,0.011347517730496455,0.009219858156028368,0.009929078014184398,0.008156028368794326,0.007446808510638298,0.007446808510638298,0.00425531914893617,0.003900709219858156,0.0031914893617021275,0.002127659574468085,0.003900709219858156,0.0024822695035460994,0.0017730496453900709,0.0035460992907801418,0.0010638297872340426,0.0028368794326241137,0.0017730496453900709,0.0014184397163120568,0.0024822695035460994,0.002127659574468085,0.0017730496453900709,0.002127659574468085,0.0017730496453900709,0.0014184397163120568,0.0024822695035460994,0.002127659574468085,0.0010638297872340426,0.0010638297872340426,0.0007092198581560284,0.0003546099290780142,0.0007092198581560284,0.0010638297872340426,0.0007092198581560284,0.0010638297872340426,0.0010638297872340426,0.0010638297872340426,0.0007092198581560284,0.0003546099290780142,0.0010638297872340426,0.0010638297872340426,0.0003546099290780142,0.0003546099290780142,0.0003546099290780142,0.03723404255319149
welding_0003_17-38-18_p9,0.011337608795235914,0.03344021988089785,0.04970224461749886,0.04626660558863949,0.06012368300503894,0.04477782867613376,0.030577187356848372,0.031264315162620245,0.027485112230874943,0.03092075125973431,0.0336692624828218,0.029661016949152543,0.033554741181859825,0.026225377920293176,0.024163994502977553,0.021759047182775996,0.021415483279890058,0.021071919377004124,0.022102611085661934,0.020842876775080166,0.02049931287219423,0.02267521759047183,0.021873568483737976,0.023247824095281724,0.02221713238662391,0.023591387998167658,0.023133302794319743,0.02049931287219423,0.02027027027027027,0.01717819514429684,0.0168346312414109,0.011795693999083829,0.010421438387540083,0.009390746678882272,0.008932661475034357,0.005840586349060925,0.005611543747136968,0.005955107650022904,0.005955107650022904,0.004924415941365094,0.005038937242327073,0.00320659642693541,0.004580852038479157,0.003321117727897389,0.0024049473202015577,0.0037792029317453048,0.003092075125973431,0.004122766834631242,0.0021759047182775995,0.0025194686211635364,0.0021759047182775995,0.002061383417315621,0.002061383417315621,0.002748511223087494,0.0019468621163536417,0.001603298213467705,0.0018323408153916628,0.0009161704076958314,0.001603298213467705,0.0018323408153916628,0.0009161704076958314,0.001374255611543747,0.00034356390288593677,0.023133302794319743
welding_0003_17-38-18_p10,0.013197586726998492,0.024698340874811462,0.03374811463046757,0.049962292609351436,0.10520361990950226,0.09945324283559577,0.052884615384615384,0.03676470588235294,0.03308823529411765,0.031485671191553544,0.029694570135746605,0.02997737556561086,0.029034690799396683,0.021304675716440423,0.02017345399698341,0.019230769230769232,0.020361990950226245,0.019513574660633484,0.016402714932126698,0.014611613876319759,0.014046003016591252,0.015931372549019607,0.01414027149321267,0.013480392156862746,0.014046003016591252,0.014800150829562594,0.015742835595776772,0.0153657616892911,0.016779788838612367,0.015082956259426848,0.012254901960784314,0.011406485671191553,0.008012820512820512,0.00857843137254902,0.007164404223227752,0.007070135746606335,0.005279034690799397,0.00556184012066365,0.004053544494720966,0.004807692307692308,0.003582202111613876,0.004336349924585219,0.003582202111613876,0.003110859728506787,0.0024509803921568627,0.002733785822021116,0.0034879336349924587,0.003393665158371041,0.0020739064856711916,0.0025452488687782806,0.001885369532428356,0.0016968325791855204,0.0026395173453996985,0.0019796380090497737,0.0016968325791855204,0.001414027149321267,0.0012254901960784314,0.0010369532428355958,0.001791101055806938,0.0015082956259426848,0.000942684766214178,0.0016025641025641025,0.000942684766214178,0.023944193061840122
welding_0003_17-38-18_p11,0.028645833333333332,0.050455729166666664,0.050455729166666664,0.047200520833333336,0.038411458333333336,0.043294270833333336,0.0654296875,0.10319010416666667,0.08365885416666667,0.0888671875,0.0732421875,0.0556640625,0.036458333333333336,0.0234375,0.022135416666666668,0.016927083333333332,0.0185546875,0.0126953125,0.010091145833333334,0.01171875,0.0087890625,0.009765625,0.006184895833333333,0.005859375,0.005859375,0.0048828125,0.004231770833333333,0.0032552083333333335,0.001953125,0.00390625,0.004557291666666667,0.0035807291666666665,0.00390625,0.001953125,0.0035807291666666665,0.0013020833333333333,0.001953125,0.0026041666666666665,0.0016276041666666667,0.001953125,0.0022786458333333335,0.0009765625,0.001953125,0.0013020833333333333,0.001953125,0.0013020833333333333,0.0003255208333333333,0.0013020833333333333,0.0006510416666666666,0.0009765625,0.0009765625,0.0009765625,0.0016276041666666667,0.0009765625,0.0006510416666666666,0.0003255208333333333,0.0016276041666666667,0.0,0.0013020833333333333,0.0013020833333333333,0.0003255208333333333,0.0,0.0,0.0146484375
welding_0003_18-06-27_p0,0.028077107279693488,0.10554358237547892,0.10272988505747127,0.07207854406130268,0.07171934865900383,0.10087404214559387,0.07914272030651341,0.054238505747126436,0.037176724137931036,0.02789750957854406,0.017840038314176247,0.014727011494252873,0.017780172413793104,0.017899904214559385,0.017001915708812262,0.008141762452107279,0.009279214559386973,0.0061661877394636015,0.004669540229885058,0.003472222222222222,0.0031728927203065133,0.005926724137931034,0.0029932950191570882,0.0020354406130268198,0.0040708812260536395,0.004609674329501916,0.002574233716475096,0.002514367816091954,0.0015565134099616857,0.002574233716475096,0.001257183908045977,0.005866858237547893,0.003232758620689655,0.0007183908045977011,0.0014966475095785441,0.0021551724137931034,0.0013769157088122604,0.0005986590038314176,0.003532088122605364,0.002274904214559387,0.0008979885057471264,0.0007782567049808429,0.008979885057471264,0.0005986590038314176,0.0004789272030651341,0.0031130268199233715,0.0011973180076628352,0.0056273946360153254,0.0007183908045977011,0.0008381226053639847,0.0007782567049808429,0.0016762452107279694,0.0010775862068965517,0.004729406130268199,0.002574233716475096,0.0007782567049808429,0.0016762452107279694,0.0008381226053639847,0.0011374521072796935,0.0005986590038314176,0.0007782567049808429,0.00017959770114942528,0.00017959770114942528,0.10877634099616858
welding_0003_18-06-27_p1,0.05087912087912088,0.09637362637362637,0.1076923076923077,0.0932967032967033,0.09417582417582418,0.0876923076923077,0.05945054945054945,0.04846153846153846,0.0367032967032967,0.03637362637362637,0.027802197802197802,0.023956043956043956,0.018571428571428572,0.013846153846153847,0.012307692307692308,0.008901098901098902,0.011538461538461539,0.009450549450549451,0.008461538461538461,0.007692307692307693,0.006373626373626374,0.008021978021978023,0.006813186813186814,0.003956043956043956,0.006483516483516484,0.0032967032967032967,0.005164835164835165,0.0029670329670329672,0.0025274725274725277,0.005164835164835165,0.0024175824175824176,0.0017582417582417582,0.006043956043956044,0.002087912087912088,0.002307692307692308,0.002087912087912088,0.0008791208791208791,0.002197802197802198,0.002087912087912088,0.0032967032967032967,0.0007692307692307692,0.00032967032967032967,0.0027472527472527475,0.0005494505494505495,0.00043956043956043956,0.0026373626373626374,0.00010989010989010989,0.003076923076923077,0.0,0.00032967032967032967,0.0008791208791208791,0.0008791208791208791,0.00032967032967032967,0.001978021978021978,0.000989010989010989,0.00032967032967032967,0.00021978021978021978,0.0005494505494505495,0.0005494505494505495,0.00021978021978021978,0.00010989010989010989,0.0,0.00010989010989010989,0.052307692307692305
welding_0003_18-06-27_p2,0.03138622493461203,0.08667538506248183,0.08180761406567859,0.07134553908747457,0.06299040976460331,0.08333333333333333,0.06909328683522233,0.04780587038651555,0.03392909038070328,0.023467015402499274,0.015693112467306015,0.01729148503342052,0.013804126707352513,0.011551874455100261,0.011697181052019761,0.00951758209822726,0.008573089218250509,0.008282476024411508,0.008209822725951759,0.0059575704736995055,0.006030223772159256,0.007991862830572507,0.005594303981400756,0.0066841034582970065,0.007047369950595757,0.00966288869514676,0.007628596338273758,0.007991862830572507,0.007555943039814008,0.010680034873583261,0.008209822725951759,0.014458006393490264,0.009226968904388259,0.008064516129032258,0.007919209532112758,0.0074106364428945075,0.006756756756756757,0.008573089218250509,0.007701249636733507,0.004867770996803255,0.004286544609125254,0.0034873583260680036,0.012060447544318512,0.0012351060738157512,0.001888985759953502,0.003269398430688753,0.0017436791630340018,0.0036326649229875036,0.0012351060738157512,0.0016710258645742516,0.0014530659691950015,0.0015257192676547515,0.0014530659691950015,0.0035600116245277534,0.001961639058413252,0.0015983725661145017,0.000944492879976751,0.0011624527753560012,0.000944492879976751,0.0005085730892182505,0.000944492879976751,0.0005812263876780006,0.0002906131938390003,0.08609415867480384
welding_0003_18-06-27_p3,0.009259259259259259,0.01358695652173913,0.02646940418679549,0.089573268921095,0.13043478260869565,0.18438003220611915,0.11413043478260869,0.07347020933977455,0.05636070853462158,0.040257648953301126,0.027576489533011273,0.019122383252818037,0.015901771336553946,0.009561191626409019,0.0089573268921095,0.006944444444444444,0.006843800322061192,0.00714573268921095,0.007548309178743961,0.005636070853462158,0.005233494363929146,0.007246376811594203,0.004126409017713366,0.004528985507246377,0.004629629629629629,0.004931561996779388,0.0035225442834138487,0.004428341384863124,0.003421900161030596,0.003421900161030596,0.0029186795491143317,0.003421900161030596,0.002616747181964573,0.002818035426731079,0.0023148148148148147,0.003421900161030596,0.0024154589371980675,0.0029186795491143317,0.0029186795491143317,0.0025161030595813203,0.001610305958132045,0.0023148148148148147,0.0029186795491143317,0.003321256038647343,0.002616747181964573,0.002214170692431562,0.002012882447665056,0.0025161030595813203,0.0018115942028985507,0.0009057971014492754,0.0018115942028985507,0.002113526570048309,0.001107085346215781,0.0018115942028985507,0.0014090177133655394,0.002012882447665056,0.001107085346215781,0.0013083735909822866,0.0009057971014492754,0.0019122383252818036,0.0018115942028985507,0.0014090177133655394,0.0015096618357487923,0.030595813204508857
welding_0003_18-19-54_p0,0.05109126984126984,0.11121031746031745,0.10853174603174603,0.1386904761904762,0.12371031746031746,0.07718253968253969,0.06170634920634921,0.03531746031746032,0.021130952380952382,0.018948412698412697,0.015773809523809523,0.01369047619047619,0.013194444444444444,0.012797619047619047,0.011805555555555555,0.009722222222222222,0.009126984126984128,0.010515873015873017,0.00992063492063492,0.009027777777777777,0.010317460317460317,0.010218253968253968,0.009424603174603174,0.010317460317460317,0.01130952380952381,0.010615079365079366,0.004662698412698413,0.004761904761904762,0.0042658730158730155,0.004166666666666667,0.0020833333333333333,0.0020833333333333333,0.0021825396825396826,0.0042658730158730155,0.0010912698412698413,0.001488095238095238,0.002281746031746032,0.001388888888888889,0.001488095238095238,0.0015873015873015873,0.0011904761904761906,0.0003968253968253968,0.0010912698412698413,0.000496031746031746,0.0007936507936507937,0.000496031746031746,0.000992063492063492,0.001488095238095238,0.0006944444444444445,0.0003968253968253968,0.0008928571428571428,0.000992063492063492,0.0006944444444444445,0.0008928571428571428,0.000992063492063492,9.92063492063492e-05,0.0007936507936507937,0.0008928571428571428,0.000992063492063492,0.000496031746031746,0.0003968253968253968,0.000496031746031746,0.0005952380952380953,0.019642857142857142
welding_0003_18-19-54_p1,0.0008879023307436182,0.00776914539400666,0.012042175360710321,0.00993340732519423,0.017314095449500556,0.0293007769145394,0.05771365149833518,0.07807991120976693,0.09456159822419534,0.06864594894561599,0.047058823529411764,0.04062153163152053,0.0390677025527192,0.03074361820199778,0.031631520532741396,0.03218645948945616,0.032741398446170925,0.03540510543840177,0.02985571587125416,0.0304661487236404,0.026803551609322976,0.023806881243063262,0.022530521642619313,0.02025527192008879,0.018756936736958933,0.01881243063263041,0.02197558268590455,0.019200887902330745,0.014539400665926749,0.01076581576026637,0.011542730299667037,0.009267480577136515,0.007491675915649278,0.006881243063263041,0.005549389567147614,0.0058823529411764705,0.005105438401775805,0.004772475027746948,0.0030521642619311877,0.002053274139844617,0.002108768035516093,0.000832408435072142,0.0013873473917869034,0.0008879023307436182,0.0007214206437291898,0.0006659267480577136,0.000832408435072142,0.0004994450610432853,0.0004439511653718091,0.0003329633740288568,0.0004994450610432853,0.0002774694783573807,0.0002774694783573807,0.0003329633740288568,0.0004439511653718091,0.00022197558268590456,0.0003329633740288568,0.0002774694783573807,5.549389567147614e-05,0.0002774694783573807,0.0001664816870144284,0.00011098779134295228,0.00022197558268590456,0.002719200887902331
welding_0003_18-19-54_p2,0.005512863347811561,0.007266956231206148,0.020297360507851653,0.019545606414968258,0.02647844971600401,0.029986635482793185,0.027313732041430002,0.030237220180420982,0.036835950551286335,0.04852990310725025,0.049031072502505844,0.056381556966254597,0.04994988306047444,0.043935850317407286,0.036418309388573336,0.03466421650517875,0.03449716004009355,0.031072502505846977,0.03182425659873037,0.032492482459071166,0.028232542599398596,0.02539258269295022,0.022719679251587035,0.024056130972268625,0.023053792181757436,0.020380888740394253,0.015703307718008687,0.018459739391914465,0.01812562646174407,0.016120948880721683,0.015953892415636484,0.01252923488138991,0.01244570664884731,0.00985633144002673,0.010942198463080522,0.010023387905111928,0.007266956231206148,0.006682258603407952,0.005011693952555964,0.004092883394587371,0.004343468092215168,0.0035917139993317743,0.0027564316739057803,0.0036752422318743734,0.0020046775810223854,0.0017540928833945874,0.0017540928833945874,0.0020046775810223854,0.0010023387905111927,0.0011693952555963916,0.0013364517206815904,0.000835282325425994,0.0010023387905111927,0.001085867023053792,0.0005846976277981958,0.000835282325425994,0.000835282325425994,0.0009188105579685934,0.0005011693952555964,0.0005011693952555964,0.0003341129301703976,0.0005846976277981958,0.0003341129301703976,0.00693284330103575
welding_0003_18-19-54_p3,0.0042293233082706765,0.011278195488721804,0.028782894736842105,0.022908834586466167,0.026668233082706768,0.032777255639097745,0.03031015037593985,0.032542293233082706,0.04593515037593985,0.03641917293233083,0.03630169172932331,0.032307330827067667,0.032072368421052634,0.02725563909774436,0.033012218045112784,0.0293703007518797,0.027960526315789474,0.024906015037593984,0.0350093984962406,0.034421992481203006,0.033012218045112784,0.03912124060150376,0.03724154135338346,0.037711466165413536,0.03148496240601504,0.030780075187969925,0.02948778195488722,0.027138157894736843,0.023026315789473683,0.0175046992481203,0.019854323308270676,0.015390037593984962,0.012570488721804511,0.009046052631578948,0.006578947368421052,0.007048872180451127,0.004111842105263158,0.005521616541353383,0.0042293233082706765,0.003289473684210526,0.002702067669172932,0.002702067669172932,0.0019971804511278194,0.0017622180451127819,0.0012922932330827067,0.0014097744360902255,0.0008223684210526315,0.0009398496240601503,0.00035244360902255637,0.000587406015037594,0.00035244360902255637,0.0008223684210526315,0.000587406015037594,0.00023496240601503758,0.0007048872180451127,0.00023496240601503758,0.00035244360902255637,0.0,0.0,0.00046992481203007516,0.00011748120300751879,0.0,0.00023496240601503758,0.002702067669172932
welding_0003_18-19-54_p4,0.11251120071684588,0.02307347670250896,0.029177867383512544,0.026881720430107527,0.027777777777777776,0.030185931899641576,0.03797043010752688,0.043402777777777776,0.04273073476702509,0.03931451612903226,0.04065860215053763,0.036850358422939065,0.03881048387096774,0.038978494623655914,0.040826612903225805,0.03393817204301075,0.03634632616487455,0.03640232974910394,0.029737903225806453,0.03153001792114695,0.027441756272401432,0.02548163082437276,0.02228942652329749,0.017529121863799284,0.01635304659498208,0.016297043010752688,0.015120967741935484,0.012880824372759857,0.010864695340501792,0.009352598566308244,0.008512544802867384,0.007056451612903226,0.006160394265232975,0.005040322580645161,0.002688172043010753,0.002968189964157706,0.001736111111111111,0.002128136200716846,0.0020161290322580645,0.0011200716845878136,0.0006160394265232974,0.001064068100358423,0.0006720430107526882,0.0005600358422939068,0.0005040322580645161,0.0007280465949820789,0.0003360215053763441,0.0006160394265232974,0.0002800179211469534,0.0003360215053763441,0.0003360215053763441,0.00044802867383512545,0.0002800179211469534,0.00011200716845878136,0.0003360215053763441,0.00011200716845878136,5.600358422939068e-05,0.00011200716845878136,0.00011200716845878136,0.0002800179211469534,5.600358422939068e-05,0.0,5.600358422939068e-05,0.0018481182795698926
welding_0003_18-19-54_p5,0.020292207792207792,0.10836038961038962,0.13027597402597402,0.2150974025974026,0.2333603896103896,0.05560064935064935,0.040584415584415584,0.027597402597402596,0.021915584415584416,0.02556818181818182,0.010551948051948052,0.00974025974025974,0.005681818181818182,0.004464285714285714,0.004464285714285714,0.005275974025974026,0.00487012987012987,0.0036525974025974025,0.002029220779220779,0.002840909090909091,0.0036525974025974025,0.002029220779220779,0.004058441558441558,0.0012175324675324675,0.002840909090909091,0.002435064935064935,0.0012175324675324675,0.0016233766233766235,0.0012175324675324675,0.0016233766233766235,0.0016233766233766235,0.0008116883116883117,0.002840909090909091,0.0008116883116883117,0.0012175324675324675,0.0008116883116883117,0.00040584415584415587,0.00040584415584415587,0.0008116883116883117,0.0008116883116883117,0.0,0.0012175324675324675,0.00040584415584415587,0.0,0.0008116883116883117,0.0,0.0,0.0008116883116883117,0.0,0.0,0.0,0.0008116883116883117,0.0,0.0008116883116883117,0.00040584415584415587,0.0,0.0,0.0,0.0008116883116883117,0.00040584415584415587,0.0,0.0,0.0,0.028814935064935064
welding_0003_18-19-54_p6,0.05385456533624931,0.06437944231820666,0.09356205576817933,0.08741115363586659,0.08891470749043193,0.09089666484417715,0.06861673045379989,0.055563149261891744,0.04743028977583379,0.03335155822854018,0.02433023510114817,0.02050300710770913,0.017905959540732642,0.018452706396938218,0.01510388190267906,0.014693821760524877,0.016197375615090215,0.013873701476216511,0.014283761618370694,0.014557135046473484,0.015650628758884635,0.013121924548933843,0.014830508474576272,0.010798250410060143,0.010661563696008748,0.011139967195188628,0.009158009841443411,0.0065609622744669215,0.006355932203389831,0.006355932203389831,0.005057408419901586,0.004100601421541826,0.004442318206670312,0.0032804811372334607,0.0012301804264625478,0.0011618370694368508,0.0011618370694368508,0.001298523783488245,0.0012301804264625478,0.0011618370694368508,0.000683433570256971,0.0009568069983597594,0.0008884636413340623,0.0004784034991798797,0.0007517769272826681,0.0006150902132312739,0.0004784034991798797,0.000683433570256971,0.0005467468562055768,0.0003417167851284855,0.0004100601421541826,0.0004100601421541826,0.0007517769272826681,0.0004100601421541826,0.0007517769272826681,0.0004784034991798797,0.0004784034991798797,0.0004100601421541826,0.0004100601421541826,0.0003417167851284855,0.0002733734281027884,0.0002050300710770913,6.83433570256971e-05,0.005535811919081465
welding_0003_18-35-40_p0,0.05309948803099488,0.05019371800193718,0.06105576311055763,0.06119413311194133,0.055486370554863704,0.04541995295419953,0.03538812785388128,0.029645772796457727,0.026809187768091877,0.023695862736958628,0.02303860523038605,0.02456067524560675,0.02611733776117338,0.02663622526636225,0.02708592777085928,0.022658087726580876,0.02784696277846963,0.022658087726580876,0.022000830220008302,0.02110142521101425,0.01902587519025875,0.020478760204787602,0.014286702642867027,0.008613532586135326,0.013733222637332227,0.007056870070568701,0.014701812647018126,0.007541165075411651,0.0055002075550020756,0.015601217656012176,0.004462432544624325,0.005258060052580601,0.020651722706517227,0.002801992528019925,0.015324477653244777,0.005292652552926526,0.00961671509616715,0.006261242562612426,0.005534800055348001,0.0055002075550020756,0.0028365850283658504,0.002594437525944375,0.006261242562612426,0.0030095475300954753,0.0020755500207555004,0.0030787325307873254,0.002040957520409575,0.004185692541856925,0.0009339975093399751,0.0016950325169503252,0.0014528850145288502,0.0022485125224851253,0.0016258475162584751,0.0028711775287117752,0.0032171025321710255,0.001141552511415525,0.0018334025183340253,0.0014182925141829252,0.001556662515566625,0.0012799225127992251,0.0019371800193718,0.0015912550159125501,0.0009339975093399751,0.05524422305244223
welding_0003_18-35-40_p1,0.043574846206425155,0.09284575074048758,0.09951013898382319,0.07535885167464115,0.05775803144224197,0.04112554112554113,0.0349168375484165,0.030359990886306677,0.02648667122351333,0.021417179311916154,0.022271588061061744,0.023581681476418318,0.019765322396901343,0.017316017316017316,0.016632490316700842,0.015778081567555252,0.01948051948051948,0.020050125313283207,0.01674641148325359,0.019594440647072227,0.01429710640236956,0.011335156071998177,0.011790840738209159,0.010025062656641603,0.01076555023923445,0.00911369332421964,0.009341535657325132,0.007974481658692184,0.007746639325586694,0.008031442241968558,0.00620870357712463,0.005525176577808157,0.006265664160401002,0.006721348826611985,0.005411255411255411,0.0066643882433356115,0.00518341307814992,0.008145363408521303,0.008828890407837776,0.007746639325586694,0.005525176577808157,0.005126452494873548,0.004727728411938938,0.003645477329687856,0.003189792663476874,0.0037593984962406013,0.003417634996582365,0.00393028024606972,0.002335383914331283,0.0023923444976076554,0.001993620414673046,0.00227842333105491,0.002563226247436774,0.0027910685805422647,0.0027910685805422647,0.0017088174982911825,0.0014240145819093188,0.001139211665527455,0.001993620414673046,0.0015379357484620643,0.0014809751651856916,0.0011961722488038277,0.0013100934153565732,0.056049213943950786
welding_0003_18-35-40_p2,0.05635300372142477,0.08207070707070707,0.08413078149920256,0.07522594364699628,0.06891281233386497,0.06658692185007975,0.07821637426900585,0.05575491759702286,0.0375465178096757,0.03375863902179692,0.031964380648591174,0.027312599681020733,0.022461456671982988,0.019005847953216373,0.0158160552897395,0.015683147262094632,0.01322434875066454,0.011895268474215842,0.012759170653907496,0.010167464114832535,0.009702286018075492,0.011629452418926102,0.01023391812865497,0.009303561935140883,0.008639021796916533,0.008240297713981925,0.006977671451355662,0.006313131313131313,0.006977671451355662,0.005980861244019139,0.00518341307814992,0.0057814992025518345,0.007110579479000532,0.004053694843168527,0.003189792663476874,0.0035220627325890483,0.0029239766081871343,0.004120148856990962,0.003123338649654439,0.0024587985114300904,0.0018607123870281765,0.001993620414673046,0.002126528442317916,0.0014619883040935672,0.0012626262626262627,0.0011961722488038277,0.002060074428495481,0.0014619883040935672,0.0007309941520467836,0.0005980861244019139,0.0006645401382243488,0.001594896331738437,0.0008639021796916534,0.0017942583732057417,0.000996810207336523,0.0008639021796916534,0.0013290802764486975,0.0008639021796916534,0.0009303561935140882,0.000531632110579479,0.00039872408293460925,0.0004651780967570441,0.000531632110579479,0.029106858054226477
welding_0003_18-35-40_p3,0.023131127450980393,0.0975796568627451,0.10799632352941177,0.0818014705882353,0.052925857843137254,0.03867953431372549,0.03125,0.029641544117647058,0.024892769607843136,0.02696078431372549,0.026424632352941176,0.023743872549019607,0.019837622549019607,0.01907169117647059,0.01639093137254902,0.014399509803921568,0.017463235294117647,0.017003676470588234,0.015471813725490197,0.01753982843137255,0.01401654411764706,0.011106004901960785,0.011795343137254902,0.01011029411764706,0.010493259803921568,0.00942095588235294,0.009114583333333334,0.00942095588235294,0.009650735294117647,0.008118872549019608,0.006357230392156863,0.006587009803921569,0.006587009803921569,0.006969975490196079,0.006280637254901961,0.007123161764705882,0.006740196078431373,0.009957107843137254,0.010033700980392158,0.009267769607843137,0.006740196078431373,0.00666360294117647,0.005208333333333333,0.00428921568627451,0.00390625,0.0046721813725490195,0.003753063725490196,0.00390625,0.0024509803921568627,0.002297794117647059,0.0022212009803921568,0.003446691176470588,0.002527573529411765,0.0027573529411764708,0.0029105392156862746,0.001608455882352941,0.0013020833333333333,0.001608455882352941,0.0017616421568627451,0.001991421568627451,0.0014552696078431373,0.0013786764705882354,0.0017616421568627451,0.04802389705882353
welding_0003_18-35-40_p4,0.012362637362637362,0.03241758241758242,0.06387362637362637,0.05247252747252747,0.03901098901098901,0.026648351648351647,0.025824175824175823,0.020879120879120878,0.022115384615384617,0.021153846153846155,0.025274725274725275,0.022527472527472527,0.023763736263736263,0.022527472527472527,0.024313186813186814,0.0228021978021978,0.03653846153846154,0.03255494505494506,0.028434065934065934,0.031868131868131866,0.02239010989010989,0.017994505494505493,0.018406593406593407,0.01304945054945055,0.016346153846153847,0.013736263736263736,0.013736263736263736,0.013461538461538462,0.01304945054945055,0.009478021978021977,0.008653846153846154,0.008653846153846154,0.008653846153846154,0.008379120879120879,0.008653846153846154,0.007967032967032966,0.00782967032967033,0.0125,0.014148351648351648,0.012637362637362638,0.007417582417582417,0.006868131868131868,0.005357142857142857,0.0031593406593406594,0.004945054945054945,0.005357142857142857,0.0052197802197802195,0.0052197802197802195,0.0038461538461538464,0.0032967032967032967,0.0031593406593406594,0.00467032967032967,0.003434065934065934,0.004532967032967033,0.003983516483516483,0.0032967032967032967,0.0027472527472527475,0.0024725274725274724,0.0031593406593406594,0.003434065934065934,0.0024725274725274724,0.002335164835164835,0.0028846153846153848,0.06964285714285715
welding_0004_17-38-14_p0,0.04397321428571429,0.14017857142857143,0.11324404761904762,0.09709821428571429,0.1949404761904762,0.14464285714285716,0.05111607142857143,0.024032738095238097,0.019196428571428573,0.01331845238095238,0.012202380952380952,0.010565476190476191,0.009895833333333333,0.011160714285714286,0.007514880952380953,0.006919642857142857,0.00625,0.005133928571428571,0.005729166666666666,0.003794642857142857,0.003273809523809524,0.002380952380952381,0.0035714285714285713,0.0033482142857142855,0.0034970238095238097,0.0026785714285714286,0.0036458333333333334,0.002306547619047619,0.002232142857142857,0.0019345238095238096,0.0017857142857142857,0.0012648809523809524,0.0018601190476190475,0.0017113095238095238,0.0017857142857142857,0.0017113095238095238,0.0011904761904761906,0.0020089285714285712,0.0011904761904761906,0.0008928571428571428,0.000818452380952381,0.001636904761904762,0.0010416666666666667,0.001636904761904762,0.000818452380952381,0.0013392857142857143,0.000744047619047619,0.0009672619047619048,0.0009672619047619048,0.000818452380952381,0.0009672619047619048,0.0010416666666666667,0.0006696428571428571,0.000744047619047619,0.000744047619047619,0.0011160714285714285,0.0008928571428571428,0.0003720238095238095,0.0006696428571428571,0.0009672619047619048,0.0008928571428571428,0.0005952380952380953,0.0004464285714285714,0.013913690476190475
welding_0004_17-38-14_p1,0.07261904761904762,0.09702380952380953,0.0869047619047619,0.06696428571428571,0.09702380952380953,0.06339285714285714,0.05803571428571429,0.03244047619047619,0.025,0.01994047619047619,0.023809523809523808,0.019642857142857142,0.022023809523809525,0.02261904761904762,0.02023809523809524,0.01994047619047619,0.01904761904761905,0.019345238095238096,0.010714285714285714,0.008928571428571428,0.008630952380952382,0.00625,0.00505952380952381,0.0035714285714285713,0.01011904761904762,0.00744047619047619,0.006547619047619048,0.007142857142857143,0.004464285714285714,0.005654761904761905,0.008630952380952382,0.0020833333333333333,0.004464285714285714,0.005654761904761905,0.00505952380952381,0.002976190476190476,0.004166666666666667,0.002976190476190476,0.0020833333333333333,0.006547619047619048,0.001488095238095238,0.005654761904761905,0.0026785714285714286,0.002380952380952381,0.0020833333333333333,0.002976190476190476,0.004166666666666667,0.002380952380952381,0.00029761904761904765,0.0005952380952380953,0.002380952380952381,0.0017857142857142857,0.003273809523809524,0.0020833333333333333,0.002380952380952381,0.0008928571428571428,0.004166666666666667,0.002380952380952381,0.0011904761904761906,0.0020833333333333333,0.0020833333333333333,0.0,0.0,0.035416666666666666
welding_0004_17-38-14_p2,0.05073649754500818,0.16141571194762683,0.1493453355155483,0.11016775777414076,0.09063011456628478,0.10454173486088379,0.08643617021276596,0.04766775777414075,0.0404050736497545,0.027516366612111293,0.02015139116202946,0.015855155482815058,0.01309328968903437,0.008899345335515549,0.008592471358428805,0.0050122749590834695,0.006751227495908347,0.006546644844517185,0.004705400981996726,0.0029664484451718495,0.0029664484451718495,0.0033756137479541734,0.0026595744680851063,0.0019435351882160392,0.0018412438625204583,0.0019435351882160392,0.0008183306055646482,0.0014320785597381341,0.0013297872340425532,0.0010229132569558102,0.0007160392798690671,0.0007160392798690671,0.0009206219312602291,0.0008183306055646482,0.0006137479541734861,0.0005114566284779051,0.0005114566284779051,0.0004091653027823241,0.0006137479541734861,0.0005114566284779051,0.0007160392798690671,0.0005114566284779051,0.0007160392798690671,0.00010229132569558102,0.00010229132569558102,0.00020458265139116204,0.00030687397708674305,0.00010229132569558102,0.00020458265139116204,0.00010229132569558102,0.00020458265139116204,0.0004091653027823241,0.00020458265139116204,0.00010229132569558102,0.00030687397708674305,0.00020458265139116204,0.0,0.00010229132569558102,0.00020458265139116204,0.00030687397708674305,0.00020458265139116204,0.00010229132569558102,0.0,0.007467266775777414
welding_0004_17-38-14_p3,0.01565180102915952,0.04974271012006861,0.1305746140651801,0.08490566037735849,0.10741852487135506,0.10066466552315609,0.0823327615780446,0.06635934819897084,0.041380789022298456,0.03323327615780446,0.020690394511149228,0.015866209262435677,0.014901372212692967,0.01265008576329331,0.00889794168096055,0.008469125214408233,0.010291595197255575,0.007718696397941681,0.006753859348198971,0.007933104631217838,0.007933104631217838,0.006753859348198971,0.00686106346483705,0.007289879931389366,0.00686106346483705,0.007718696397941681,0.005574614065180103,0.005789022298456261,0.004180960548885077,0.00493138936535163,0.003216123499142367,0.003430531732418525,0.003966552315608919,0.003644939965694683,0.0028945111492281305,0.0027873070325900515,0.003430531732418525,0.003430531732418525,0.0033233276157804458,0.002572898799313894,0.002036878216123499,0.002465694682675815,0.0026801029159519724,0.002572898799313894,0.001286449399656947,0.002251286449399657,0.0017152658662092624,0.0016080617495711836,0.001286449399656947,0.002465694682675815,0.0013936535162950257,0.0018224699828473414,0.001286449399656947,0.0018224699828473414,0.0011792452830188679,0.002036878216123499,0.001286449399656947,0.0013936535162950257,0.0015008576329331046,0.0008576329331046312,0.0007504288164665523,0.001072041166380789,0.0006432246998284735,0.03955831903945112
welding_0004_17-38-19_p0,0.017020335985853226,0.02398320070733864,0.03768788682581786,0.04321396993810787,0.0614500442086649,0.07858090185676393,0.07990716180371353,0.0595711759504863,0.048961096374889476,0.03779840848806366,0.034814323607427054,0.03282493368700265,0.034482758620689655,0.030393457117595047,0.02431476569407604,0.020557029177718834,0.02497789566755084,0.021772767462422633,0.01912024756852343,0.01889920424403183,0.01856763925729443,0.016578249336870028,0.016246684350132625,0.013483642793987621,0.010941644562334218,0.010720601237842617,0.010278514588859417,0.008289124668435014,0.005747126436781609,0.004862953138815208,0.004420866489832007,0.004310344827586207,0.00641025641025641,0.003647214854111406,0.003757736516357206,0.003757736516357206,0.003205128205128205,0.004089301503094607,0.003094606542882405,0.003978779840848806,0.0029840848806366046,0.003978779840848806,0.003757736516357206,0.0034261715296198055,0.002652519893899204,0.002541998231653404,0.002431476569407604,0.0034261715296198055,0.0016578249336870027,0.001989389920424403,0.002431476569407604,0.001878868258178603,0.002431476569407604,0.0017683465959328027,0.0022104332449160036,0.0015473032714412025,0.002099911582670203,0.0016578249336870027,0.0022104332449160036,0.001989389920424403,0.0009946949602122016,0.000663129973474801,0.0003315649867374005,0.04221927497789567
welding_0004_17-38-19_p1,0.056021409455842996,0.09415700267618198,0.0756021409455843,0.0692685102586976,0.05124888492417484,0.043978590544157,0.04134701159678858,0.03345227475468332,0.03126672613737734,0.030107047279214986,0.026672613737734167,0.027966101694915254,0.025825156110615522,0.021944692239072257,0.0191793041926851,0.01663693131132917,0.01583407671721677,0.015165031222123104,0.016993755575379126,0.015298840321141838,0.015254237288135594,0.012578055307760927,0.011061552185548617,0.011864406779661017,0.009232827832292597,0.010347903657448707,0.009143621766280106,0.00807314897413024,0.009054415700267618,0.01128456735057984,0.013648528099910793,0.015298840321141838,0.018510258697591438,0.017395182872435324,0.019491525423728815,0.015343443354148082,0.00976806422836753,0.008340767172167708,0.005887600356824264,0.005976806422836753,0.0037466547725245316,0.0030776092774308654,0.0028991971454058875,0.0020517395182872433,0.0021409455842997323,0.0013826940231935771,0.0010258697591436217,0.0012934879571810884,0.0010704727921498661,0.0007136485280999108,0.0005352363960749331,0.0005352363960749331,0.0010704727921498661,0.0008028545941123997,0.0006244424620874219,0.0005798394290811776,0.00040142729705619983,0.0003568242640499554,0.00022301516503122213,0.0003568242640499554,0.0003568242640499554,8.920606601248885e-05,8.920606601248885e-05,0.009054415700267618
welding_0004_17-38-19_p2,0.013338788870703765,0.028396072013093288,0.0486088379705401,0.049754500818330605,0.047381342062193126,0.04942716857610475,0.049263502454991816,0.04042553191489362,0.031914893617021274,0.03011456628477905,0.027004909983633387,0.024877250409165302,0.02430441898527005,0.028887070376432077,0.029296235679214404,0.022422258592471357,0.021931260229132568,0.021522094926350245,0.020540098199672667,0.018412438625204582,0.01751227495908347,0.01579378068739771,0.01783960720130933,0.013993453355155483,0.01563011456628478,0.015957446808510637,0.01734860883797054,0.014075286415711947,0.016857610474631753,0.01481178396072013,0.011620294599018003,0.0088379705400982,0.009492635024549919,0.0075286415711947625,0.009165302782324058,0.007692307692307693,0.007283142389525368,0.007774140752864157,0.007283142389525368,0.00679214402618658,0.0057283142389525366,0.005891980360065467,0.005073649754500818,0.004582651391162029,0.004828150572831424,0.00425531914893617,0.004500818330605565,0.005319148936170213,0.0027823240589198036,0.0036824877250409165,0.0027823240589198036,0.0044189852700491,0.0027823240589198036,0.003927986906710311,0.0033551554828150573,0.0020458265139116204,0.0023731587561374797,0.0022913256955810145,0.0029459901800327334,0.003027823240589198,0.0019639934533551553,0.0031914893617021275,0.00220949263502455,0.04492635024549918
welding_0004_17-38-19_p3,0.002976190476190476,0.006820436507936508,0.011780753968253968,0.014136904761904762,0.017485119047619048,0.02765376984126984,0.031374007936507936,0.034722222222222224,0.03782242063492063,0.03608630952380952,0.03943452380952381,0.036210317460317464,0.02976190476190476,0.032614087301587304,0.031125992063492064,0.029017857142857144,0.032614087301587304,0.0298859126984127,0.026909722222222224,0.023313492063492064,0.0220734126984127,0.019593253968253968,0.020709325396825396,0.020089285714285716,0.02058531746031746,0.021453373015873016,0.022569444444444444,0.019345238095238096,0.0234375,0.020709325396825396,0.016617063492063492,0.012648809523809524,0.01103670634920635,0.009176587301587302,0.011160714285714286,0.009300595238095238,0.00818452380952381,0.008308531746031746,0.010416666666666666,0.008804563492063492,0.00818452380952381,0.00744047619047619,0.005828373015873016,0.004836309523809524,0.005084325396825397,0.00533234126984127,0.00533234126984127,0.006448412698412698,0.0035962301587301585,0.003968253968253968,0.003224206349206349,0.005208333333333333,0.002728174603174603,0.0038442460317460315,0.002728174603174603,0.0023561507936507935,0.0026041666666666665,0.00248015873015873,0.003224206349206349,0.0028521825396825395,0.00248015873015873,0.0035962301587301585,0.002232142857142857,0.05642361111111111
welding_0004_17-38-19_p4,0.011111111111111112,0.015909090909090907,0.016666666666666666,0.023232323232323233,0.04040404040404041,0.06515151515151515,0.07525252525252525,0.06212121212121212,0.05606060606060606,0.050505050505050504,0.045454545454545456,0.03484848484848485,0.03257575757575758,0.02803030303030303,0.021464646464646464,0.020454545454545454,0.03005050505050505,0.02601010101010101,0.024494949494949497,0.021717171717171718,0.02601010101010101,0.02095959595959596,0.020202020202020204,0.016666666666666666,0.015656565656565657,0.012878787878787878,0.013131313131313131,0.011868686868686869,0.008585858585858586,0.006060606060606061,0.006313131313131313,0.005555555555555556,0.0073232323232323236,0.005555555555555556,0.00404040404040404,0.004545454545454545,0.0032828282828282827,0.005303030303030303,0.0035353535353535356,0.005808080808080808,0.004797979797979798,0.005050505050505051,0.0030303030303030303,0.00404040404040404,0.0032828282828282827,0.0030303030303030303,0.00202020202020202,0.0032828282828282827,0.00202020202020202,0.000505050505050505,0.0012626262626262627,0.0022727272727272726,0.0017676767676767678,0.0015151515151515152,0.0022727272727272726,0.000505050505050505,0.0007575757575757576,0.00101010101010101,0.0015151515151515152,0.00101010101010101,0.0012626262626262627,0.000505050505050505,0.0002525252525252525,0.04823232323232323
welding_0004_17-38-19_p5,0.06360638667129469,0.12998958694897605,0.09163484901076015,0.05970149253731343,0.05336688649774384,0.040610898993405066,0.032020131898646303,0.0294168691426588,0.031586254772648384,0.02898299201666088,0.02976397084345713,0.02950364456785838,0.02395001735508504,0.018396390142311696,0.020392224921902118,0.016487330787920862,0.020565775772301283,0.018049288441513364,0.018136063866712945,0.01969802152030545,0.016574106213120443,0.01622700451232211,0.011454356126345018,0.011280805275945853,0.012582436653939605,0.010673377299548767,0.009371745921555015,0.007723012842762929,0.007723012842762929,0.008330440819160014,0.005727178063172509,0.005813953488372093,0.006334606039569594,0.005900728913571677,0.004599097535577924,0.006161055189170427,0.0027768136063866713,0.003384241582783756,0.004425546685178757,0.0039048941339812565,0.0026032627559875042,0.0022561610551891705,0.003384241582783756,0.0019090593543908366,0.002516487330787921,0.0022561610551891705,0.0022561610551891705,0.003297466157584172,0.0019090593543908366,0.0013016313779937521,0.0013884068031933356,0.001822283929191253,0.0013016313779937521,0.0013016313779937521,0.0009545296771954183,0.0007809788267962514,0.0006942034015966678,0.0007809788267962514,0.0014751822283929192,0.0010413051023950017,0.0006942034015966678,0.00026032627559875043,0.0005206525511975009,0.02646650468587296
welding_0004_17-38-19_p6,0.036036036036036036,0.06118618618618619,0.05593093093093093,0.05405405405405406,0.04692192192192192,0.03228228228228228,0.03453453453453453,0.051426426426426426,0.09234234234234234,0.11261261261261261,0.05067567567567568,0.05518018018018018,0.05067567567567568,0.03415915915915916,0.04391891891891892,0.02515015015015015,0.023273273273273273,0.018018018018018018,0.013888888888888888,0.014264264264264264,0.008633633633633633,0.008258258258258258,0.006756756756756757,0.008258258258258258,0.00563063063063063,0.0033783783783783786,0.002627627627627628,0.003003003003003003,0.0018768768768768769,0.0022522522522522522,0.0015015015015015015,0.0018768768768768769,0.0011261261261261261,0.0011261261261261261,0.0011261261261261261,0.0022522522522522522,0.00037537537537537537,0.0007507507507507507,0.0018768768768768769,0.00037537537537537537,0.0018768768768768769,0.00037537537537537537,0.0015015015015015015,0.0018768768768768769,0.00037537537537537537,0.00037537537537537537,0.00037537537537537537,0.00037537537537537537,0.0,0.0011261261261261261,0.0011261261261261261,0.0007507507507507507,0.0007507507507507507,0.0011261261261261261,0.00037537537537537537,0.0007507507507507507,0.0007507507507507507,0.00037537537537537537,0.0022522522522522522,0.00037537537537537537,0.0,0.00037537537537537537,0.00037537537537537537,0.012762762762762763
welding_0004_17-38-19_p7,0.12040441176470588,0.16574754901960784,0.10018382352941177,0.07628676470588236,0.06954656862745098,0.052083333333333336,0.04656862745098039,0.03707107843137255,0.03431372549019608,0.02696078431372549,0.016544117647058824,0.01715686274509804,0.02022058823529412,0.01715686274509804,0.015318627450980392,0.014705882352941176,0.012561274509803922,0.00980392156862745,0.006127450980392157,0.00857843137254902,0.008884803921568627,0.008272058823529412,0.006127450980392157,0.003982843137254902,0.005208333333333333,0.0055147058823529415,0.004595588235294118,0.0055147058823529415,0.0006127450980392157,0.0024509803921568627,0.002144607843137255,0.002144607843137255,0.0024509803921568627,0.002144607843137255,0.0033700980392156864,0.0027573529411764708,0.0024509803921568627,0.0015318627450980392,0.0009191176470588235,0.001838235294117647,0.0009191176470588235,0.0006127450980392157,0.003982843137254902,0.001838235294117647,0.00030637254901960784,0.002144607843137255,0.0009191176470588235,0.0012254901960784314,0.0,0.0024509803921568627,0.0006127450980392157,0.0009191176470588235,0.0012254901960784314,0.0,0.0009191176470588235,0.0015318627450980392,0.0006127450980392157,0.00030637254901960784,0.0012254901960784314,0.00030637254901960784,0.0006127450980392157,0.00030637254901960784,0.0,0.03676470588235294
welding_0004_17-38-19_p8,0.0031415343915343914,0.001984126984126984,0.008101851851851851,0.010582010582010581,0.01703042328042328,0.027612433862433863,0.02546296296296296,0.028273809523809524,0.028108465608465607,0.026455026455026454,0.03373015873015873,0.03802910052910053,0.03273809523809524,0.037533068783068786,0.03587962962962963,0.03373015873015873,0.04017857142857143,0.03439153439153439,0.0269510582010582,0.023313492063492064,0.022156084656084655,0.02066798941798942,0.019675925925925927,0.019675925925925927,0.02132936507936508,0.02017195767195767,0.021494708994708994,0.016203703703703703,0.02199074074074074,0.020006613756613757,0.015873015873015872,0.012235449735449735,0.011904761904761904,0.012235449735449735,0.015376984126984126,0.011408730158730158,0.010582010582010581,0.010912698412698412,0.014054232804232803,0.011243386243386243,0.011243386243386243,0.00992063492063492,0.007936507936507936,0.007605820105820105,0.006779100529100529,0.006944444444444444,0.005952380952380952,0.006448412698412698,0.0038029100529100527,0.0036375661375661374,0.003968253968253968,0.006448412698412698,0.00248015873015873,0.003472222222222222,0.0028108465608465607,0.0026455026455026454,0.0021494708994708994,0.0023148148148148147,0.0031415343915343914,0.0021494708994708994,0.0031415343915343914,0.0038029100529100527,0.0026455026455026454,0.046130952380952384
welding_0004_17-38-19_p9,0.034278959810874705,0.05336035123269166,0.057413036136440394,0.04745018574805809,0.051080715974332995,0.03926038500506586,0.03486997635933806,0.03503883823032759,0.03098615332657886,0.028790949003714962,0.02397838568051334,0.02288078351908139,0.024569402228976696,0.02330293819655522,0.022627490712597096,0.022036474164133738,0.025160418777440054,0.026764606551840594,0.02347180006754475,0.02524484971293482,0.026426882809861534,0.02313407632556569,0.020601148260722728,0.016886187098953058,0.01789935832489024,0.0162951705504897,0.015788584937521107,0.012580209388720027,0.016548463356973995,0.013846673421141506,0.01198919284025667,0.009287402904424182,0.00894967916244512,0.009202971968929415,0.00751435325903411,0.007852077001013171,0.006247889226612631,0.004559270516717325,0.005825734549138805,0.0060790273556231,0.0048125633232016215,0.003799392097264438,0.00591016548463357,0.004052684903748734,0.003799392097264438,0.004305977710233029,0.0037149611617696724,0.005065856129685917,0.002364066193853428,0.0021107733873691322,0.002026342451874367,0.0037149611617696724,0.0014353259034110097,0.0025329280648429585,0.002448497129348193,0.0014353259034110097,0.0016041877744005404,0.0016886187098953055,0.002026342451874367,0.0021107733873691322,0.0014353259034110097,0.0008443093549476528,0.0009287402904424181,0.02575143532590341
welding_0004_17-38-19_p10,0.1480654761904762,0.1871279761904762,0.09486607142857142,0.06733630952380952,0.05022321428571429,0.038318452380952384,0.022321428571428572,0.028273809523809524,0.025669642857142856,0.018601190476190476,0.01525297619047619,0.011904761904761904,0.015997023809523808,0.013020833333333334,0.018229166666666668,0.013764880952380952,0.014136904761904762,0.010416666666666666,0.006324404761904762,0.00818452380952381,0.010044642857142858,0.010788690476190476,0.00744047619047619,0.002976190476190476,0.005208333333333333,0.006324404761904762,0.006696428571428571,0.007068452380952381,0.002232142857142857,0.0033482142857142855,0.002232142857142857,0.0033482142857142855,0.0033482142857142855,0.004092261904761905,0.003720238095238095,0.004464285714285714,0.004464285714285714,0.002976190476190476,0.002232142857142857,0.003720238095238095,0.003720238095238095,0.0033482142857142855,0.005580357142857143,0.004836309523809524,0.001488095238095238,0.003720238095238095,0.0018601190476190475,0.004464285714285714,0.002232142857142857,0.004836309523809524,0.002232142857142857,0.003720238095238095,0.0026041666666666665,0.0011160714285714285,0.0018601190476190475,0.0018601190476190475,0.000744047619047619,0.000744047619047619,0.001488095238095238,0.0003720238095238095,0.001488095238095238,0.0003720238095238095,0.0,0.04055059523809524
welding_0004_18-06-28_p0,0.02700617283950617,0.11229819563152897,0.10268281101614435,0.07116571699905033,0.06695156695156695,0.09846866096866097,0.08529202279202279,0.05424976258309592,0.03970797720797721,0.02765906932573599,0.019943019943019943,0.01436372269705603,0.017746913580246913,0.019586894586894586,0.01590693257359924,0.004570275403608737,0.009021842355175688,0.0059947768281101614,0.004451566951566952,0.003798670465337132,0.002908357075023742,0.005282526115859449,0.0025522317188983856,0.0020180436847103515,0.004214150047483381,0.0048670465337132,0.0025522317188983856,0.002908357075023742,0.0012464387464387464,0.001899335232668566,0.0011870845204178537,0.00551994301994302,0.003383190883190883,0.0011870845204178537,0.0007716049382716049,0.0020180436847103515,0.0014838556505223173,0.001127730294396961,0.0035018993352326686,0.001721272554605888,0.0008309591642924976,0.0008309591642924976,0.009318613485280153,0.0005935422602089269,0.0007122507122507123,0.002492877492877493,0.0012464387464387464,0.005698005698005698,0.000949667616334283,0.0007716049382716049,0.0006528964862298196,0.000949667616334283,0.0011870845204178537,0.004451566951566952,0.001958689458689459,0.0011870845204178537,0.0012464387464387464,0.0005935422602089269,0.0004748338081671415,0.00017806267806267807,0.0005341880341880342,0.0002967711301044634,0.00011870845204178538,0.10950854700854701
welding_0004_18-06-28_p1,0.051709401709401706,0.12478632478632479,0.09145299145299145,0.08732193732193733,0.09700854700854701,0.09173789173789174,0.06638176638176638,0.04316239316239316,0.0368945868945869,0.03219373219373219,0.027635327635327635,0.024643874643874644,0.014814814814814815,0.014387464387464388,0.014672364672364673,0.007264957264957265,0.011823361823361824,0.008404558404558405,0.006837606837606838,0.006695156695156695,0.00698005698005698,0.00641025641025641,0.004558404558404558,0.004843304843304843,0.006837606837606838,0.004700854700854701,0.004273504273504274,0.004985754985754986,0.0035612535612535613,0.004700854700854701,0.0031339031339031338,0.003703703703703704,0.005840455840455841,0.0027065527065527066,0.0017094017094017094,0.0027065527065527066,0.0014245014245014246,0.001851851851851852,0.002564102564102564,0.0027065527065527066,0.001282051282051282,0.0009971509971509972,0.003988603988603989,0.0002849002849002849,0.0007122507122507123,0.002136752136752137,0.0008547008547008547,0.002849002849002849,0.0,0.0002849002849002849,0.00014245014245014244,0.0005698005698005698,0.0,0.001851851851851852,0.0007122507122507123,0.0002849002849002849,0.00042735042735042735,0.0,0.0007122507122507123,0.0002849002849002849,0.0002849002849002849,0.0,0.0,0.04131054131054131
welding_0004_18-06-28_p2,0.03195382882882883,0.08537443693693694,0.07946227477477477,0.0694679054054054,0.06285191441441441,0.08150337837837837,0.06749718468468469,0.049408783783783786,0.0341356981981982,0.022170608108108107,0.015695382882882882,0.012739301801801802,0.016962274774774775,0.011542792792792793,0.011190878378378379,0.006897522522522522,0.009149774774774775,0.007038288288288288,0.008023648648648648,0.006123310810810811,0.006404842342342342,0.007953265765765766,0.005701013513513513,0.006827139639639639,0.007249436936936937,0.008586711711711712,0.008164414414414414,0.008445945945945946,0.00731981981981982,0.012035472972972973,0.012246621621621621,0.016962274774774775,0.010909346846846846,0.009149774774774775,0.010346283783783784,0.007671734234234234,0.006967905405405405,0.008164414414414414,0.0078125,0.00633445945945946,0.003730292792792793,0.0033783783783783786,0.01245777027027027,0.0019707207207207205,0.001900337837837838,0.002463400900900901,0.001759572072072072,0.0029560810810810812,0.0013372747747747748,0.0019707207207207205,0.001266891891891892,0.0014780405405405406,0.0013372747747747748,0.0027449324324324326,0.002181869369369369,0.0016891891891891893,0.0014780405405405406,0.0008445945945945946,0.0009149774774774775,0.0003519144144144144,0.0007742117117117117,0.0005630630630630631,0.0003519144144144144,0.08565596846846847
welding_0004_18-06-28_p3,0.018320476858345022,0.020511921458625525,0.019197054698457224,0.07512272089761571,0.11281556802244039,0.16514726507713884,0.115445301542777,0.09738779803646563,0.061360448807854136,0.041900420757363256,0.025508415147265078,0.020424263674614307,0.01761921458625526,0.011307854137447405,0.007976858345021038,0.006749649368863955,0.007275596072931276,0.006048387096774193,0.0065743338008415145,0.00464586255259467,0.0070126227208976155,0.007275596072931276,0.005522440392706872,0.004207573632538569,0.0037692847124824683,0.005434782608695652,0.0051718092566619914,0.004821178120617111,0.0038569424964936885,0.003593969144460028,0.003243338008415147,0.0034186535764375876,0.0034186535764375876,0.002629733520336606,0.0034186535764375876,0.002805049088359046,0.002191444600280505,0.002805049088359046,0.002191444600280505,0.003243338008415147,0.0025420757363253856,0.002805049088359046,0.0035063113604488078,0.0015778401122019635,0.0023667601683029452,0.0019284712482468443,0.0023667601683029452,0.0025420757363253856,0.001840813464235624,0.002191444600280505,0.001402524544179523,0.0021037868162692847,0.0009642356241234221,0.0020161290322580645,0.0017531556802244039,0.001314866760168303,0.0016654978962131837,0.0014901823281907433,0.001402524544179523,0.001314866760168303,0.001840813464235624,0.0016654978962131837,0.0010518934081346423,0.034975455820476856
welding_0004_18-06-28_p4,0.05103884372177055,0.11415989159891599,0.11754742547425474,0.0984643179765131,0.08209123757904245,0.06052393857271906,0.051490514905149054,0.04324751580849142,0.03997289972899729,0.034552845528455285,0.026196928635953028,0.023712737127371274,0.01942186088527552,0.01919602529358627,0.016711833785004515,0.014227642276422764,0.014566395663956639,0.013324299909665764,0.013550135501355014,0.012533875338753388,0.012985546522131889,0.010049683830171635,0.008355916892502258,0.004968383017163505,0.0062104787714543815,0.00508130081300813,0.005194218608852755,0.0055329719963866306,0.0038392050587172538,0.004403794037940379,0.0023712737127371273,0.0033875338753387536,0.004290876242095754,0.002935862691960253,0.0024841915085817524,0.0016937669376693768,0.0013550135501355014,0.001129177958446251,0.002822944896115628,0.0019196025293586269,0.0016937669376693768,0.0018066847335140017,0.0019196025293586269,0.0009033423667570009,0.0009033423667570009,0.0014679313459801265,0.0013550135501355014,0.001129177958446251,0.0007904245709123758,0.0012420957542908762,0.0005645889792231255,0.0007904245709123758,0.00045167118337850043,0.0006775067750677507,0.0009033423667570009,0.0006775067750677507,0.001129177958446251,0.00045167118337850043,0.0013550135501355014,0.0005645889792231255,0.0007904245709123758,0.0005645889792231255,0.00022583559168925022,0.02009936766034327
welding_0004_18-19-55_p0,0.04411764705882353,0.11493212669683257,0.11142533936651584,0.1407239819004525,0.1259049773755656,0.08484162895927602,0.051583710407239816,0.03156108597285068,0.025452488687782805,0.017194570135746608,0.01583710407239819,0.015610859728506787,0.013009049773755657,0.011425339366515836,0.010294117647058823,0.009954751131221719,0.010180995475113122,0.008710407239819005,0.010407239819004524,0.007805429864253394,0.007239819004524887,0.008144796380090498,0.007352941176470588,0.008710407239819005,0.00746606334841629,0.008597285067873304,0.00916289592760181,0.007126696832579185,0.005995475113122172,0.003959276018099547,0.002828054298642534,0.0024886877828054297,0.0030542986425339366,0.002149321266968326,0.001583710407239819,0.0032805429864253394,0.0022624434389140274,0.002828054298642534,0.0009049773755656109,0.0022624434389140274,0.0009049773755656109,0.002149321266968326,0.001583710407239819,0.0016968325791855204,0.0007918552036199095,0.0013574660633484162,0.0010180995475113123,0.0011312217194570137,0.0010180995475113123,0.0009049773755656109,0.0009049773755656109,0.0016968325791855204,0.0009049773755656109,0.0009049773755656109,0.0011312217194570137,0.0012443438914027148,0.0011312217194570137,0.0005656108597285068,0.0010180995475113123,0.00033936651583710406,0.0009049773755656109,0.00022624434389140272,0.0005656108597285068,0.01753393665158371
welding_0004_18-19-55_p1,0.015685328185328185,0.017294079794079795,0.01793758043758044,0.014317889317889318,0.02035070785070785,0.03120978120978121,0.033542471042471045,0.028474903474903474,0.022844272844272845,0.024774774774774775,0.026303088803088803,0.02541827541827542,0.03611647361647362,0.04576898326898327,0.048342985842985846,0.043275418275418275,0.03724259974259974,0.032335907335907334,0.02541827541827542,0.024694337194337196,0.023568211068211067,0.021476833976833976,0.023487773487773488,0.027187902187902187,0.023487773487773488,0.024935649935649937,0.024613899613899613,0.02574002574002574,0.024613899613899613,0.023085585585585586,0.019305019305019305,0.017615830115830115,0.016650579150579152,0.017374517374517374,0.018581081081081082,0.01488095238095238,0.012226512226512226,0.01085907335907336,0.008204633204633204,0.0065154440154440154,0.006917631917631918,0.004182754182754183,0.004745817245817246,0.0045045045045045045,0.0037001287001287003,0.0033783783783783786,0.002171814671814672,0.0016891891891891893,0.0015283140283140282,0.0016087516087516086,0.00032175032175032174,0.0005630630630630631,0.0013674388674388674,0.0010456885456885457,0.0009652509652509653,0.00032175032175032174,0.00040218790218790216,0.00024131274131274132,0.00040218790218790216,0.00016087516087516087,0.00032175032175032174,0.00032175032175032174,0.00032175032175032174,0.0030566280566280564
welding_0004_18-19-55_p2,0.007854949208599101,0.00885896527285613,0.008977084809827545,0.007973068745570517,0.011930073234112923,0.01630049610205528,0.024096385542168676,0.030120481927710843,0.03431372549019608,0.04583038034490905,0.06100874084573588,0.09585400425230334,0.09042050555161824,0.07347035199622018,0.06880463028584928,0.06638317977793527,0.05238601464682258,0.04760217339948027,0.03939286557996693,0.031006378454996455,0.029352704937396647,0.020198440822111977,0.019253484526340656,0.017836050082683675,0.014883061658398299,0.013229388140798487,0.010748877864398772,0.007973068745570517,0.005965036617056461,0.007087172218284904,0.006791873375856366,0.0039570044885424045,0.004370422867942357,0.0031892274982282067,0.002421450507914009,0.0020670918969997636,0.0011221356012284431,0.0014764942121426885,0.0011221356012284431,0.0007087172218284905,0.0005315379163713678,0.0006496574533427829,0.00035435861091424523,0.00017717930545712261,0.00029529884242853767,0.0004724781478856603,0.00017717930545712261,0.00035435861091424523,5.9059768485707536e-05,0.00011811953697141507,0.0,0.0,5.9059768485707536e-05,5.9059768485707536e-05,0.00011811953697141507,0.0,5.9059768485707536e-05,0.0,0.0,0.0,0.0,0.0,5.9059768485707536e-05,0.00011811953697141507
welding_0004_18-19-55_p3,0.011304347826086957,0.022608695652173914,0.01847826086956522,0.01920289855072464,0.027246376811594204,0.03644927536231884,0.03231884057971014,0.03028985507246377,0.023478260869565216,0.021231884057971013,0.023840579710144926,0.0236231884057971,0.026304347826086958,0.028115942028985506,0.02818840579710145,0.029855072463768118,0.034710144927536234,0.034420289855072464,0.030797101449275364,0.03333333333333333,0.03927536231884058,0.03934782608695652,0.03876811594202899,0.03130434782608696,0.03355072463768116,0.03695652173913044,0.029420289855072463,0.02891304347826087,0.027753623188405796,0.025869565217391303,0.020579710144927536,0.01920289855072464,0.015579710144927537,0.015507246376811595,0.011884057971014493,0.009710144927536232,0.006811594202898551,0.00608695652173913,0.006159420289855073,0.004492753623188406,0.0026086956521739132,0.002318840579710145,0.002971014492753623,0.0015217391304347826,0.0012318840579710144,0.0007246376811594203,0.0007246376811594203,0.0010144927536231885,0.0006521739130434783,0.0006521739130434783,0.0002898550724637681,7.246376811594203e-05,0.00014492753623188405,0.00036231884057971015,0.0,0.00014492753623188405,0.00014492753623188405,0.00014492753623188405,7.246376811594203e-05,7.246376811594203e-05,0.0,7.246376811594203e-05,0.0,0.0010869565217391304
welding_0004_18-19-55_p4,0.007836990595611285,0.054858934169279,0.1273510971786834,0.2793887147335423,0.22021943573667713,0.055642633228840124,0.034482758620689655,0.03213166144200627,0.024294670846394983,0.02233542319749216,0.017241379310344827,0.016065830721003135,0.009796238244514107,0.009404388714733543,0.007053291536050157,0.005877742946708464,0.007836990595611285,0.0054858934169279,0.001959247648902821,0.005094043887147335,0.004310344827586207,0.001567398119122257,0.003134796238244514,0.003134796238244514,0.001567398119122257,0.001959247648902821,0.0035266457680250786,0.00274294670846395,0.003134796238244514,0.0023510971786833857,0.001959247648902821,0.001567398119122257,0.001959247648902821,0.001959247648902821,0.00039184952978056425,0.0007836990595611285,0.0,0.0,0.0007836990595611285,0.00039184952978056425,0.0,0.0,0.00039184952978056425,0.00039184952978056425,0.0,0.0011755485893416929,0.0,0.0,0.0,0.0,0.00039184952978056425,0.0,0.00039184952978056425,0.0,0.00039184952978056425,0.00039184952978056425,0.0,0.0,0.0,0.0,0.0,0.0,0.0,0.014890282131661442
welding_0004_18-19-55_p5,0.09889041409288492,0.016643788606726148,0.013440860215053764,0.015442690459849005,0.01990391214824983,0.02299245024021963,0.0263097689315946,0.0324868451155342,0.027796842827728208,0.02493708533516358,0.03048501487073896,0.03391672386181652,0.04232441088995653,0.039293067947838024,0.03528940745824754,0.03854953099977122,0.04123770304278197,0.044211850835049187,0.039293067947838024,0.03551818805765271,0.03454587051018074,0.03220086936627774,0.03065660032029284,0.023392816289178678,0.02196293754289636,0.02453671928620453,0.017215740105239075,0.016815374056280027,0.01601464195836193,0.01447037291237703,0.013040494166094716,0.013097689315946008,0.012811713566689545,0.010409517272935254,0.008178906428734842,0.005948295584534431,0.0041752459391443605,0.0030313429421185084,0.002802562342713338,0.00263097689315946,0.0014298787462823153,0.0015442690459849004,0.0016586593456874856,0.0008579272477693892,0.0006291466483642187,0.0007435369480668039,0.0009151223976206818,0.0007435369480668039,0.0005147563486616335,0.0006863417982155113,0.0004003660489590483,0.00011439029970258523,0.00022878059940517045,0.0005147563486616335,5.719514985129261e-05,0.00017158544955387783,0.00022878059940517045,5.719514985129261e-05,0.0,0.00011439029970258523,0.0,0.00011439029970258523,0.0,0.0013726835964310226
welding_0004_18-35-41_p0,0.058787878787878785,0.07806060606060607,0.08248484848484848,0.07248484848484849,0.06509090909090909,0.049939393939393936,0.0356969696969697,0.02890909090909091,0.026848484848484847,0.02406060606060606,0.021575757575757575,0.021454545454545455,0.01806060606060606,0.016363636363636365,0.015454545454545455,0.012909090909090908,0.019575757575757576,0.02,0.01684848484848485,0.015636363636363636,0.014181818181818183,0.012787878787878787,0.011454545454545455,0.011151515151515152,0.012848484848484849,0.009939393939393939,0.008787878787878787,0.008,0.009939393939393939,0.008848484848484849,0.009454545454545455,0.010424242424242424,0.011212121212121211,0.008363636363636363,0.010424242424242424,0.01090909090909091,0.0075151515151515155,0.006666666666666667,0.006060606060606061,0.005333333333333333,0.003696969696969697,0.0041818181818181815,0.004242424242424243,0.0020606060606060605,0.0030303030303030303,0.002606060606060606,0.0019393939393939393,0.0030909090909090908,0.0012727272727272728,0.0018787878787878789,0.001696969696969697,0.0021212121212121214,0.0015757575757575758,0.0022424242424242424,0.0024848484848484847,0.001696969696969697,0.0015151515151515152,0.0015151515151515152,0.0017575757575757575,0.0015151515151515152,0.0010303030303030303,0.0008484848484848485,0.0007878787878787879,0.056666666666666664
welding_0004_18-35-41_p1,0.08504611330698288,0.0800395256916996,0.07687747035573123,0.0808300395256917,0.0795125164690382,0.07905138339920949,0.08451910408432148,0.05289855072463768,0.032542819499341236,0.025428194993412385,0.024242424242424242,0.01870882740447958,0.016271409749670618,0.014822134387351778,0.014953886693017128,0.010935441370223979,0.014756258234519103,0.014097496706192359,0.013636363636363636,0.01080368906455863,0.009420289855072464,0.010474308300395257,0.009617918313570487,0.008036890645586298,0.008168642951251647,0.005072463768115942,0.005335968379446641,0.005797101449275362,0.0044795783926218705,0.003952569169960474,0.004018445322793149,0.004874835309617918,0.0048089591567852434,0.0038866930171277997,0.0038866930171277997,0.002898550724637681,0.004018445322793149,0.002437417654808959,0.0023715415019762848,0.002766798418972332,0.0022397891963109352,0.001844532279314888,0.003689064558629776,0.0011198945981554676,0.0011198945981554676,0.0017127799736495388,0.0013175230566534915,0.0022397891963109352,0.0007246376811594203,0.0011857707509881424,0.0013175230566534915,0.0015151515151515152,0.0005928853754940712,0.0015151515151515152,0.0015151515151515152,0.0007246376811594203,0.0006587615283267457,0.0009881422924901185,0.0008563899868247694,0.000461133069828722,0.00032938076416337287,0.0009881422924901185,0.0003952569169960474,0.03465085638998682
welding_0004_18-35-41_p2,0.08666480290746435,0.13216382443388314,0.0849874196253844,0.06332121889851831,0.05353648308638524,0.04438076600503215,0.03781101481688566,0.028166060944925915,0.022784456248252725,0.020478054235392788,0.019849035504612804,0.017682415431926196,0.014187866927592954,0.015445904389152922,0.015445904389152922,0.01397819401733296,0.01817165222253285,0.016913614760972882,0.014956667598546268,0.010833100363433044,0.010972882303606374,0.009575062901873078,0.00887615320100643,0.01034386357282639,0.011741682974559686,0.00901593514117976,0.007688006709533128,0.006919206038579815,0.009435280961699748,0.007408442829186469,0.01020408163265306,0.010972882303606374,0.011741682974559686,0.008946044171093095,0.010134190662566397,0.01118255521386637,0.007688006709533128,0.007478333799273134,0.006010623427453173,0.005171931786413195,0.0033547665641599105,0.004193458205199888,0.003564439474419905,0.002096729102599944,0.0023762929829466034,0.0016773832820799553,0.002096729102599944,0.0027956388034665923,0.001048364551299972,0.0015376013419066256,0.0016773832820799553,0.0016074923119932904,0.0009085826111266425,0.0022365110427732737,0.0019569471624266144,0.001048364551299972,0.0009085826111266425,0.0009085826111266425,0.0011182555213866368,0.0011182555213866368,0.0011881464914733017,0.0008386916410399776,0.0009784735812133072,0.045499021526418784
welding_0004_18-35-41_p3,0.028905400507430228,0.04150054367524465,0.0524646611090975,0.06469735411380935,0.0798296484233418,0.07747372236317507,0.09858644436389996,0.07502718376223269,0.050471185212033344,0.03280173976078289,0.023921710764769843,0.0183943457774556,0.016038419717288872,0.011235955056179775,0.011779630300833635,0.008155128669807901,0.009151866618339978,0.008880028996013048,0.007792678506705328,0.008789416455237405,0.008245741210583545,0.007883291047480971,0.005708590068865531,0.003896339253352664,0.005799202609641174,0.004893077201884741,0.004530627038782167,0.005164914824211671,0.003624501631025734,0.004168176875679594,0.003443276549474447,0.004168176875679594,0.0053461399057629574,0.004077564334903951,0.0030808263863718738,0.004440014498006524,0.0038057267125770206,0.003986951794128307,0.004530627038782167,0.004530627038782167,0.0032620514679231605,0.004258789416455237,0.0061616527727437476,0.003171438927147517,0.003443276549474447,0.004077564334903951,0.003986951794128307,0.005074302283436027,0.0035338890902500905,0.004802464661109097,0.003443276549474447,0.004349401957230881,0.0022653135193910837,0.002899601304820587,0.002355926060166727,0.001812250815512867,0.001812250815512867,0.0017216382747372236,0.003443276549474447,0.0014498006524102935,0.0019028633562885103,0.0019028633562885103,0.0009061254077564335,0.10674157303370786
welding_0004_18-35-41_p4,0.05458937198067633,0.07016908212560387,0.05821256038647343,0.04359903381642512,0.03611111111111111,0.02826086956521739,0.024154589371980676,0.02246376811594203,0.023067632850241545,0.022342995169082124,0.02355072463768116,0.022584541062801933,0.021618357487922707,0.022584541062801933,0.024879227053140097,0.023309178743961354,0.029347826086956522,0.028864734299516907,0.02826086956521739,0.022222222222222223,0.01859903381642512,0.015217391304347827,0.013043478260869565,0.013647342995169082,0.013888888888888888,0.010265700483091788,0.010869565217391304,0.010265700483091788,0.014613526570048309,0.011594202898550725,0.014613526570048309,0.013164251207729469,0.016666666666666666,0.013647342995169082,0.014492753623188406,0.015217391304347827,0.007971014492753623,0.009541062801932367,0.006280193236714976,0.006521739130434782,0.003864734299516908,0.003985507246376811,0.004589371980676328,0.002898550724637681,0.0030193236714975845,0.0026570048309178746,0.002898550724637681,0.003743961352657005,0.0014492753623188406,0.0026570048309178746,0.002294685990338164,0.003140096618357488,0.0016908212560386474,0.003743961352657005,0.003502415458937198,0.000966183574879227,0.0016908212560386474,0.000966183574879227,0.0014492753623188406,0.0007246376811594203,0.001932367149758454,0.0008454106280193237,0.0008454106280193237,0.0641304347826087
welding_0005_17-38-15_p0,0.05850789835164835,0.14547561813186813,0.14302884615384615,0.09709821428571429,0.1237551510989011,0.11353880494505494,0.060182005494505496,0.03571428571428571,0.02794471153846154,0.021720467032967032,0.017299107142857144,0.014165521978021978,0.012834821428571428,0.011761675824175824,0.009958791208791208,0.008413461538461538,0.008198832417582418,0.006009615384615385,0.00545157967032967,0.005623282967032967,0.005494505494505495,0.004721840659340659,0.003949175824175824,0.0035199175824175825,0.004850618131868132,0.003992101648351648,0.004077953296703297,0.00287603021978022,0.0026184752747252745,0.001931662087912088,0.0015453296703296703,0.0018458104395604395,0.0014165521978021978,0.0011160714285714285,0.001244848901098901,0.0017599587912087912,0.0010302197802197802,0.001201923076923077,0.0010302197802197802,0.0010731456043956045,0.0010302197802197802,0.00047218406593406594,0.0009014423076923077,0.0007726648351648351,0.0008155906593406594,0.00047218406593406594,0.00047218406593406594,0.0008155906593406594,0.00030048076923076925,0.00047218406593406594,0.00030048076923076925,0.000729739010989011,0.00034340659340659343,0.00030048076923076925,0.00034340659340659343,0.0005580357142857143,0.00034340659340659343,0.00038633241758241757,0.00038633241758241757,0.00021462912087912088,0.0005580357142857143,0.00021462912087912088,4.292582417582418e-05,0.010774381868131868
welding_0005_17-38-15_p1,0.01771186440677966,0.08093220338983051,0.1511864406779661,0.08898305084745763,0.10271186440677967,0.09805084745762711,0.0888135593220339,0.06661016949152543,0.042203389830508475,0.025084745762711864,0.017627118644067796,0.014830508474576272,0.01423728813559322,0.011864406779661017,0.007627118644067797,0.007372881355932203,0.007796610169491526,0.00652542372881356,0.006440677966101695,0.004322033898305085,0.005932203389830509,0.005508474576271186,0.005847457627118644,0.003898305084745763,0.006186440677966101,0.005,0.00423728813559322,0.003898305084745763,0.0036440677966101693,0.0032203389830508474,0.004067796610169492,0.0023728813559322033,0.0023728813559322033,0.0016101694915254237,0.002627118644067797,0.00211864406779661,0.00288135593220339,0.002288135593220339,0.002711864406779661,0.0022033898305084745,0.001440677966101695,0.002288135593220339,0.001440677966101695,0.0019491525423728814,0.001694915254237288,0.001864406779661017,0.001271186440677966,0.0017796610169491525,0.0006779661016949153,0.0011016949152542373,0.001864406779661017,0.0013559322033898306,0.001016949152542373,0.0015254237288135593,0.0015254237288135593,0.0009322033898305085,0.0007627118644067797,0.0009322033898305085,0.001016949152542373,0.0013559322033898306,0.0006779661016949153,0.0006779661016949153,0.000423728813559322,0.03686440677966102
welding_0005_17-38-15_p2,0.025,0.04521531100478469,0.10753588516746411,0.11770334928229666,0.10107655502392345,0.09485645933014354,0.08468899521531101,0.07870813397129187,0.06866028708133971,0.05562200956937799,0.042583732057416265,0.028229665071770334,0.023205741626794257,0.01291866028708134,0.00777511961722488,0.005861244019138756,0.005741626794258373,0.004066985645933014,0.005023923444976076,0.00430622009569378,0.0034688995215311005,0.0034688995215311005,0.002511961722488038,0.0016746411483253589,0.0013157894736842105,0.0013157894736842105,0.0019138755980861245,0.0013157894736842105,0.0022727272727272726,0.00215311004784689,0.0016746411483253589,0.0016746411483253589,0.0017942583732057417,0.0016746411483253589,0.001555023923444976,0.0022727272727272726,0.0016746411483253589,0.0011961722488038277,0.0016746411483253589,0.002631578947368421,0.0019138755980861245,0.0019138755980861245,0.003229665071770335,0.0023923444976076554,0.003947368421052632,0.003947368421052632,0.00430622009569378,0.0022727272727272726,0.001076555023923445,0.0023923444976076554,0.0008373205741626794,0.0011961722488038277,0.00023923444976076556,0.0005980861244019139,0.0004784688995215311,0.0005980861244019139,0.0004784688995215311,0.00023923444976076556,0.0003588516746411483,0.0,0.00011961722488038278,0.00011961722488038278,0.00011961722488038278,0.009210526315789473
welding_0005_17-38-15_p3,0.04847494553376906,0.16514161220043572,0.16132897603485838,0.10119825708061002,0.09814814814814815,0.11372549019607843,0.0929193899782135,0.04226579520697168,0.033877995642701525,0.021350762527233117,0.01514161220043573,0.012309368191721133,0.011002178649237472,0.006209150326797385,0.007407407407407408,0.007080610021786492,0.0058823529411764705,0.0044662309368191724,0.004357298474945534,0.0032679738562091504,0.0030501089324618735,0.004248366013071895,0.0022875816993464053,0.00196078431372549,0.002178649237472767,0.0022875816993464053,0.0016339869281045752,0.0011982570806100218,0.0017429193899782135,0.000980392156862745,0.0011982570806100218,0.00065359477124183,0.0011982570806100218,0.0010893246187363835,0.0011982570806100218,0.0008714596949891067,0.00021786492374727668,0.00065359477124183,0.00043572984749455336,0.0007625272331154684,0.000326797385620915,0.00043572984749455336,0.000980392156862745,0.0005446623093681918,0.000326797385620915,0.00021786492374727668,0.00043572984749455336,0.00021786492374727668,0.00010893246187363834,0.00010893246187363834,0.00010893246187363834,0.00021786492374727668,0.00021786492374727668,0.000326797385620915,0.00021786492374727668,0.00021786492374727668,0.00010893246187363834,0.00010893246187363834,0.00010893246187363834,0.00010893246187363834,0.00021786492374727668,0.00010893246187363834,0.0,0.008823529411764706
welding_0005_17-38-20_p0,0.020984738372093022,0.020076308139534885,0.027252906976744186,0.04087936046511628,0.0514171511627907,0.0637718023255814,0.07621729651162791,0.06567950581395349,0.055232558139534885,0.04378633720930233,0.0377906976744186,0.032430959302325583,0.0306140988372093,0.024527616279069766,0.022892441860465115,0.02225654069767442,0.019440406976744186,0.020076308139534885,0.019167877906976744,0.01953125,0.017351017441860465,0.018804505813953487,0.016896802325581394,0.014898255813953489,0.012718023255813954,0.014444040697674418,0.012808866279069768,0.012536337209302325,0.013717296511627907,0.010174418604651164,0.008539244186046511,0.007085755813953488,0.00872093023255814,0.0055414244186046515,0.0049055232558139535,0.005995639534883721,0.005178052325581395,0.004269622093023256,0.005813953488372093,0.003815406976744186,0.0029978197674418606,0.004723837209302325,0.0027252906976744187,0.0034520348837209303,0.0024527616279069768,0.0029069767441860465,0.0030886627906976743,0.003724563953488372,0.0009992732558139535,0.0020893895348837207,0.0020893895348837207,0.0014534883720930232,0.0015443313953488371,0.0012718023255813954,0.0015443313953488371,0.0015443313953488371,0.0016351744186046512,0.001816860465116279,0.0013626453488372093,0.0009992732558139535,0.0011809593023255813,0.00045421511627906976,0.0003633720930232558,0.03533793604651163
welding_0005_17-38-20_p1,0.03286749482401656,0.06892684610075915,0.07772601794340925,0.05288129744651484,0.0413216011042098,0.03907867494824017,0.031314699792960664,0.0320048309178744,0.03165976535541753,0.028467908902691512,0.025534851621808144,0.028467908902691512,0.027260179434092476,0.02924430641821946,0.022774327122153208,0.022946859903381644,0.023464458247066944,0.021825396825396824,0.020186335403726708,0.02087646652864044,0.02199792960662526,0.021911663216011044,0.018978605935127676,0.016390614216701172,0.020013802622498276,0.017167011732229124,0.014061421670117322,0.015269151138716356,0.013285024154589372,0.012594893029675638,0.010006901311249138,0.006556245686680469,0.01043823326432022,0.005866114561766736,0.005866114561766736,0.006469979296066253,0.003709454796411318,0.0033643892339544515,0.004227053140096618,0.005607315389924086,0.0027605244996549345,0.0033643892339544515,0.004485852311939268,0.001984126984126984,0.004140786749482402,0.0030193236714975845,0.0024154589371980675,0.004313319530710835,0.0010351966873706005,0.001984126984126984,0.0016390614216701173,0.0021566597653554175,0.001725327812284334,0.001725327812284334,0.002587991718426501,0.002242926155969634,0.0006901311249137336,0.0012077294685990338,0.001725327812284334,0.0012939958592132505,0.0010351966873706005,0.0006038647342995169,0.0006901311249137336,0.038561076604554864
welding_0005_17-38-20_p2,0.004144562334217507,0.016080901856763925,0.013925729442970823,0.012599469496021221,0.019230769230769232,0.020225464190981434,0.040285145888594165,0.04691644562334218,0.03033819628647215,0.026690981432360743,0.02619363395225464,0.027685676392572946,0.029343501326259947,0.03895888594164456,0.030006631299734746,0.032327586206896554,0.029011936339522548,0.028183023872679045,0.023375331564986737,0.01840185676392573,0.019230769230769232,0.01823607427055703,0.01972811671087533,0.014588859416445624,0.01856763925729443,0.017407161803713527,0.017572944297082227,0.016909814323607428,0.015583554376657824,0.01276525198938992,0.013262599469496022,0.01226790450928382,0.011604774535809019,0.01210212201591512,0.012599469496021221,0.013594164456233421,0.011438992042440319,0.014920424403183023,0.01276525198938992,0.012599469496021221,0.01243368700265252,0.012599469496021221,0.012599469496021221,0.007957559681697613,0.010610079575596816,0.008454907161803714,0.009283819628647215,0.007460212201591512,0.004807692307692308,0.005139257294429708,0.004310344827586207,0.004973474801061008,0.0031498673740053052,0.0034814323607427057,0.004641909814323607,0.0033156498673740055,0.0034814323607427057,0.0028183023872679043,0.005470822281167109,0.002652519893899204,0.0034814323607427057,0.002486737400530504,0.001989389920424403,0.05072944297082228
welding_0005_17-38-20_p3,0.015789473684210527,0.03585526315789474,0.04506578947368421,0.05756578947368421,0.049342105263157895,0.04276315789473684,0.05526315789473684,0.055592105263157894,0.056578947368421055,0.09375,0.08421052631578947,0.07993421052631579,0.06348684210526316,0.0506578947368421,0.045394736842105265,0.02631578947368421,0.025657894736842105,0.02006578947368421,0.017434210526315788,0.011513157894736841,0.007565789473684211,0.006578947368421052,0.004934210526315789,0.00625,0.005592105263157895,0.003289473684210526,0.001644736842105263,0.0029605263157894738,0.0029605263157894738,0.0013157894736842105,0.001973684210526316,0.003289473684210526,0.001973684210526316,0.000986842105263158,0.0006578947368421052,0.000986842105263158,0.0013157894736842105,0.0006578947368421052,0.0003289473684210526,0.0006578947368421052,0.0,0.0006578947368421052,0.0003289473684210526,0.0,0.0,0.000986842105263158,0.0006578947368421052,0.0003289473684210526,0.0003289473684210526,0.0006578947368421052,0.0,0.0003289473684210526,0.0003289473684210526,0.0,0.0006578947368421052,0.0006578947368421052,0.0003289473684210526,0.0,0.0,0.0003289473684210526,0.0,0.0,0.0,0.005263157894736842
welding_0005_17-38-20_p4,0.049078947368421055,0.07991228070175438,0.06359649122807018,0.060219298245614034,0.05802631578947368,0.04048245614035088,0.03776315789473684,0.03513157894736842,0.035526315789473684,0.03491228070175439,0.032280701754385965,0.028289473684210528,0.027017543859649124,0.022105263157894735,0.020921052631578948,0.0206140350877193,0.019780701754385965,0.01767543859649123,0.01530701754385965,0.015087719298245613,0.0125,0.013157894736842105,0.014605263157894737,0.01043859649122807,0.012719298245614035,0.012280701754385965,0.011447368421052631,0.012280701754385965,0.01307017543859649,0.01337719298245614,0.01587719298245614,0.016710526315789474,0.01912280701754386,0.017543859649122806,0.016096491228070175,0.012763157894736843,0.010482456140350878,0.008596491228070175,0.007149122807017544,0.0059210526315789476,0.004078947368421053,0.003289473684210526,0.002543859649122807,0.0019298245614035089,0.0016228070175438596,0.0017105263157894738,0.0011842105263157896,0.0013596491228070175,0.0007894736842105263,0.0006140350877192983,0.0005263157894736842,0.0007017543859649122,0.0003508771929824561,0.0006578947368421052,0.0006140350877192983,0.0006578947368421052,0.0002631578947368421,0.0003508771929824561,0.0004385964912280702,0.00017543859649122806,0.0003508771929824561,0.00030701754385964913,4.3859649122807014e-05,0.005570175438596491
welding_0005_17-38-20_p5,0.008333333333333333,0.019670542635658914,0.04496124031007752,0.056492248062015506,0.06124031007751938,0.053391472868217056,0.03817829457364341,0.038565891472868215,0.03992248062015504,0.032751937984496125,0.027422480620155038,0.02926356589147287,0.02936046511627907,0.030426356589147288,0.02732558139534884,0.02441860465116279,0.021899224806201552,0.022286821705426358,0.023546511627906976,0.020348837209302327,0.019670542635658914,0.01744186046511628,0.015213178294573644,0.012112403100775194,0.014437984496124032,0.017248062015503877,0.012306201550387598,0.011337209302325582,0.013953488372093023,0.011531007751937985,0.011821705426356589,0.011627906976744186,0.009496124031007752,0.00804263565891473,0.007073643410852713,0.006589147286821705,0.005426356589147287,0.005523255813953488,0.005232558139534884,0.006007751937984496,0.006201550387596899,0.006201550387596899,0.006007751937984496,0.0035852713178294573,0.007170542635658915,0.006686046511627907,0.0031007751937984496,0.006104651162790698,0.003197674418604651,0.003875968992248062,0.0032945736434108527,0.0031007751937984496,0.003197674418604651,0.003003875968992248,0.004457364341085271,0.002325581395348837,0.001937984496124031,0.0022286821705426356,0.002616279069767442,0.0015503875968992248,0.002131782945736434,0.0013565891472868217,0.0017441860465116279,0.04302325581395349
welding_0005_17-38-20_p6,0.006089154411764706,0.0076976102941176475,0.018612132352941176,0.02033547794117647,0.024471507352941176,0.03056066176470588,0.03848805147058824,0.04526654411764706,0.03619025735294118,0.03044577205882353,0.028722426470588234,0.031020220588235295,0.03331801470588235,0.03469669117647059,0.029641544117647058,0.031939338235294115,0.026999080882352942,0.027918198529411766,0.02619485294117647,0.02194393382352941,0.020909926470588234,0.01826746323529412,0.01884191176470588,0.014246323529411764,0.018152573529411766,0.019646139705882353,0.014705882352941176,0.013901654411764705,0.01688878676470588,0.013786764705882353,0.014246323529411764,0.013786764705882353,0.012637867647058824,0.010684742647058824,0.010225183823529412,0.010340073529411764,0.009880514705882353,0.011488970588235295,0.010225183823529412,0.008731617647058824,0.009650735294117647,0.009995404411764705,0.010684742647058824,0.00666360294117647,0.008846507352941176,0.007352941176470588,0.006893382352941176,0.00666360294117647,0.004136029411764706,0.0042509191176470585,0.003446691176470588,0.003676470588235294,0.003216911764705882,0.00390625,0.004365808823529412,0.0027573529411764708,0.0028722426470588237,0.0028722426470588237,0.003216911764705882,0.002297794117647059,0.0028722426470588237,0.002182904411764706,0.001723345588235294,0.05330882352941176
welding_0005_17-38-20_p7,0.14950980392156862,0.12775735294117646,0.08455882352941177,0.08700980392156862,0.07506127450980392,0.07199754901960784,0.057904411764705885,0.04779411764705882,0.03216911764705882,0.02420343137254902,0.02144607843137255,0.01685049019607843,0.01838235294117647,0.014705882352941176,0.011029411764705883,0.009191176470588236,0.007659313725490196,0.009497549019607842,0.0070465686274509805,0.004595588235294118,0.005821078431372549,0.007352941176470588,0.003676470588235294,0.0024509803921568627,0.003982843137254902,0.003676470588235294,0.004901960784313725,0.0030637254901960784,0.002144607843137255,0.002144607843137255,0.002144607843137255,0.0024509803921568627,0.003676470588235294,0.0024509803921568627,0.0009191176470588235,0.002144607843137255,0.0012254901960784314,0.001838235294117647,0.002144607843137255,0.001838235294117647,0.0012254901960784314,0.0009191176470588235,0.005821078431372549,0.00030637254901960784,0.0,0.0015318627450980392,0.00030637254901960784,0.0024509803921568627,0.0006127450980392157,0.0015318627450980392,0.0009191176470588235,0.0012254901960784314,0.00030637254901960784,0.002144607843137255,0.0012254901960784314,0.0006127450980392157,0.0012254901960784314,0.0012254901960784314,0.0015318627450980392,0.00030637254901960784,0.00030637254901960784,0.0006127450980392157,0.0,0.0352328431372549
welding_0005_17-38-20_p8,0.0704527712724434,0.1132903981264637,0.10304449648711944,0.0664519906323185,0.04957064793130367,0.04186182669789227,0.03864168618266979,0.03610460577673692,0.03600702576112412,0.033274785323965654,0.030640124902419984,0.026249024199843873,0.026249024199843873,0.02390710382513661,0.019028103044496487,0.018930523028883685,0.02039422326307572,0.018442622950819672,0.01522248243559719,0.015710382513661202,0.014344262295081968,0.012587822014051522,0.012978142076502733,0.008489461358313818,0.011026541764246682,0.008782201405152224,0.008489461358313818,0.007611241217798595,0.00624512099921936,0.005757220921155348,0.00468384074941452,0.0039032006245121,0.004195940671350508,0.0034153005464480873,0.0032201405152224825,0.004391100702576112,0.002537080405932865,0.002146760343481655,0.00351288056206089,0.00351288056206089,0.0026346604215456673,0.00234192037470726,0.002537080405932865,0.0012685402029664326,0.00117096018735363,0.002927400468384075,0.0010733801717408276,0.0038056206088992973,0.0010733801717408276,0.0016588602654176426,0.0014637002341920376,0.001366120218579235,0.00078064012490242,0.0018540202966432476,0.001366120218579235,0.00117096018735363,0.000975800156128025,0.0006830601092896175,0.0012685402029664326,0.000975800156128025,0.000585480093676815,0.00039032006245121,0.0004879000780640125,0.03083528493364559
welding_0005_17-38-20_p9,0.21758021390374332,0.1537433155080214,0.08890374331550802,0.07720588235294118,0.050467914438502674,0.04378342245989305,0.03375668449197861,0.02874331550802139,0.025066844919786096,0.01838235294117647,0.019050802139037433,0.01270053475935829,0.014037433155080214,0.009358288770053475,0.007018716577540107,0.0053475935828877,0.008689839572192513,0.00768716577540107,0.00768716577540107,0.006016042780748663,0.006016042780748663,0.007018716577540107,0.00267379679144385,0.004344919786096257,0.003676470588235294,0.005681818181818182,0.004344919786096257,0.0033422459893048127,0.0033422459893048127,0.001336898395721925,0.0030080213903743314,0.0030080213903743314,0.004010695187165776,0.005013368983957219,0.00267379679144385,0.002005347593582888,0.002005347593582888,0.002339572192513369,0.003676470588235294,0.002005347593582888,0.002339572192513369,0.0030080213903743314,0.00768716577540107,0.002339572192513369,0.00033422459893048126,0.00267379679144385,0.002005347593582888,0.0030080213903743314,0.001002673796791444,0.00267379679144385,0.001336898395721925,0.002339572192513369,0.004344919786096257,0.0053475935828877,0.004679144385026738,0.0016711229946524064,0.002005347593582888,0.002005347593582888,0.002339572192513369,0.00033422459893048126,0.00033422459893048126,0.0006684491978609625,0.00033422459893048126,0.03843582887700535
welding_0005_18-06-28_p0,0.10312971342383107,0.0969079939668175,0.08075666163901458,0.0773001508295626,0.10055304172951232,0.08465309200603319,0.06850175967823027,0.05153343388637506,0.033056812468577175,0.024886877828054297,0.016214177978883863,0.014077425842131725,0.013888888888888888,0.01282051282051282,0.011563599798893917,0.010872297637003519,0.013134741075917547,0.010620915032679739,0.005404725992961287,0.00314228255404726,0.002513826043237808,0.004210658622423328,0.0023252890899949723,0.000942684766214178,0.0023881347410759177,0.003456510809451986,0.0016968325791855204,0.0018225238813474108,0.0014454499748617396,0.0020739064856711916,0.0013826043237807944,0.005153343388637506,0.003456510809451986,0.0008169934640522876,0.0008798391151332328,0.002765208647561589,0.0007541478129713424,0.0006913021618903972,0.0020739064856711916,0.002576671694318753,0.0008798391151332328,0.0003770739064856712,0.00930115635997989,0.000628456510809452,0.0008169934640522876,0.003582202111613876,0.0011312217194570137,0.004147812971342383,0.0007541478129713424,0.0011312217194570137,0.001256913021618904,0.0014454499748617396,0.001005530417295123,0.004336349924585219,0.002576671694318753,0.0013826043237807944,0.0013197586726998493,0.00025138260432378077,0.001005530417295123,0.000314228255404726,0.0005027652086475615,0.00025138260432378077,0.00012569130216189038,0.08503016591251886
welding_0005_18-06-28_p1,0.12536002304147464,0.07675691244239631,0.0856134792626728,0.07582085253456221,0.07596486175115208,0.06984447004608295,0.050547235023041474,0.036290322580645164,0.023329493087557603,0.017569124423963134,0.011232718894009217,0.01303283410138249,0.009792626728110598,0.009360599078341013,0.012672811059907835,0.008352534562211982,0.010080645161290322,0.011304723502304147,0.013392857142857142,0.007920506912442397,0.005112327188940093,0.007200460829493088,0.00576036866359447,0.00655241935483871,0.008208525345622119,0.007776497695852535,0.007920506912442397,0.007848502304147466,0.006984447004608295,0.009000576036866359,0.008280529953917051,0.009432603686635945,0.011664746543778802,0.00741647465437788,0.007632488479262673,0.009288594470046083,0.007488479262672811,0.006264400921658986,0.006120391705069125,0.007272465437788018,0.003600230414746544,0.0024481566820276496,0.008424539170506912,0.0019441244239631337,0.0017281105990783411,0.004032258064516129,0.0016561059907834101,0.003600230414746544,0.0014400921658986176,0.0018721198156682027,0.0009360599078341013,0.0012240783410138248,0.0015841013824884793,0.0030241935483870967,0.0012960829493087558,0.0015120967741935483,0.001152073732718894,0.000576036866359447,0.0005040322580645161,0.0006480414746543779,0.0004320276497695853,0.0003600230414746544,0.00014400921658986175,0.05839573732718894
welding_0005_18-06-28_p2,0.029295689131754704,0.07741347905282331,0.10382513661202186,0.10048573163327262,0.0986642380085003,0.09198542805100182,0.08318154219793564,0.05388585306618093,0.04068002428658166,0.028233151183970857,0.02079538554948391,0.024438372799028538,0.018366727383120826,0.0147237401335762,0.01092896174863388,0.010777170613236187,0.010018214936247723,0.00819672131147541,0.006678809957498482,0.004098360655737705,0.007589556769884639,0.006678809957498482,0.004705525197328476,0.00273224043715847,0.006071645415907711,0.004098360655737705,0.0044019429265330905,0.00273224043715847,0.00273224043715847,0.004705525197328476,0.0021250758955676987,0.003946569520340012,0.003946569520340012,0.0018214936247723133,0.003946569520340012,0.0021250758955676987,0.001973284760170006,0.0016697024893746206,0.0021250758955676987,0.0025804493017607772,0.0012143290831815423,0.0004553734061930783,0.0051608986035215545,0.0006071645415907711,0.0007589556769884638,0.0025804493017607772,0.0007589556769884638,0.0018214936247723133,0.00030358227079538557,0.0010625379477838493,0.0007589556769884638,0.0010625379477838493,0.00030358227079538557,0.0031876138433515485,0.001366120218579235,0.0004553734061930783,0.0004553734061930783,0.00015179113539769278,0.0012143290831815423,0.0,0.0006071645415907711,0.0,0.00015179113539769278,0.06618093503339405
welding_0005_18-06-28_p3,0.0031788351107465136,0.005332239540607055,0.011279737489745693,0.0695242001640689,0.08593109105824447,0.1505332239540607,0.1431501230516817,0.12674323215750616,0.0845980311730927,0.04799015586546349,0.027276456111566857,0.01989335520918786,0.015586546349466776,0.013022969647251846,0.01179245283018868,0.009331419196062346,0.00697292863002461,0.00625512715340443,0.007075471698113208,0.005229696472518457,0.006767842493847416,0.004922067268252666,0.005127153404429861,0.005229696472518457,0.004819524200164069,0.0037940935192780968,0.002871205906480722,0.003999179655455291,0.0036915504511894994,0.0036915504511894994,0.003486464315012305,0.004204265791632486,0.0037940935192780968,0.0023584905660377358,0.002973748974569319,0.003383921246923708,0.002871205906480722,0.0025635767022149304,0.0026661197703035273,0.0027686628383921247,0.0023584905660377358,0.0017432321575061526,0.003999179655455291,0.0037940935192780968,0.002255947497949139,0.0026661197703035273,0.001948318293683347,0.002461033634126333,0.0018457752255947497,0.0021534044298605415,0.0025635767022149304,0.002255947497949139,0.0013330598851517637,0.0021534044298605415,0.0007178014766201805,0.0007178014766201805,0.0015381460213289581,0.001435602953240361,0.0016406890894175555,0.001025430680885972,0.001435602953240361,0.0013330598851517637,0.001435602953240361,0.028506972928630026
welding_0005_18-19-55_p0,0.02774234693877551,0.08524659863945579,0.09470663265306123,0.1445578231292517,0.14785289115646258,0.09651360544217687,0.04591836734693878,0.028592687074829932,0.02221513605442177,0.015518707482993197,0.014774659863945579,0.014987244897959183,0.01211734693877551,0.010522959183673469,0.011160714285714286,0.008928571428571428,0.010629251700680272,0.008715986394557822,0.008397108843537416,0.008290816326530613,0.009247448979591837,0.007546768707482993,0.008290816326530613,0.008822278911564625,0.009141156462585034,0.008928571428571428,0.009672619047619048,0.009247448979591837,0.005952380952380952,0.004464285714285714,0.0047831632653061226,0.003932823129251701,0.0032950680272108845,0.0031887755102040817,0.00350765306122449,0.002657312925170068,0.003082482993197279,0.0028698979591836736,0.0027636054421768708,0.00233843537414966,0.003401360544217687,0.00233843537414966,0.002551020408163265,0.0021258503401360546,0.00233843537414966,0.0028698979591836736,0.0020195578231292518,0.002551020408163265,0.001488095238095238,0.0021258503401360546,0.001913265306122449,0.0021258503401360546,0.0012755102040816326,0.00116921768707483,0.0018069727891156463,0.0013818027210884354,0.001488095238095238,0.0012755102040816326,0.0013818027210884354,0.0008503401360544217,0.0012755102040816326,0.00116921768707483,0.0010629251700680273,0.026892006802721087
welding_0005_18-19-55_p1,0.0025303643724696357,0.004554655870445344,0.005161943319838057,0.00819838056680162,0.010323886639676113,0.01867408906882591,0.029352226720647773,0.04691295546558705,0.06670040485829959,0.08658906882591093,0.0673582995951417,0.04554655870445344,0.04149797570850203,0.04038461538461539,0.03527327935222672,0.03567813765182186,0.03299595141700405,0.034564777327935226,0.03314777327935223,0.032742914979757086,0.03319838056680162,0.03097165991902834,0.02834008097165992,0.029149797570850202,0.02742914979757085,0.026214574898785425,0.0180668016194332,0.015587044534412956,0.01325910931174089,0.010880566801619434,0.011234817813765181,0.010475708502024292,0.009058704453441296,0.009919028340080972,0.008653846153846154,0.0071356275303643725,0.007894736842105263,0.0059210526315789476,0.0033400809716599192,0.002277327935222672,0.001771255060728745,0.0011639676113360325,0.0011133603238866396,0.0011133603238866396,0.0007591093117408907,0.0009109311740890688,0.000708502024291498,0.0006578947368421052,0.0005566801619433198,0.0005060728744939271,0.0005060728744939271,0.00020242914979757084,0.0003036437246963563,0.00020242914979757084,0.0003036437246963563,0.0003036437246963563,0.00020242914979757084,0.00015182186234817814,0.00015182186234817814,5.060728744939271e-05,0.00015182186234817814,0.00010121457489878542,0.00015182186234817814,0.0007591093117408907
welding_0005_18-19-55_p2,0.011986301369863013,0.020221787345075015,0.019243313763861708,0.01614481409001957,0.022423352902804956,0.033186562296151335,0.03457273320287019,0.03457273320287019,0.03131115459882583,0.023972602739726026,0.030251141552511414,0.02910958904109589,0.02968036529680365,0.04052511415525114,0.04435746901500326,0.037834311806914545,0.03424657534246575,0.032452707110241355,0.03294194390084801,0.024787997390737115,0.02299412915851272,0.02438030006523157,0.02136333985649054,0.02201565557729941,0.02136333985649054,0.02910958904109589,0.02364644487932159,0.02136333985649054,0.017041748206131767,0.019651011089367253,0.015655577299412915,0.018101761252446183,0.016634050880626222,0.01614481409001957,0.014595564253098499,0.013861709067188518,0.01068166992824527,0.011007827788649706,0.010192433137638617,0.008643183300717547,0.007257012393998695,0.006033920417482061,0.004647749510763209,0.005544683626875407,0.004647749510763209,0.0031800391389432484,0.0033431180691454662,0.0027723418134377037,0.002446183953033268,0.002201565557729941,0.001141552511415525,0.0010600130463144161,0.0010600130463144161,0.001223091976516634,0.0009784735812133072,0.0016307893020221786,0.0007338551859099804,0.0008969341161121983,0.0009784735812133072,0.0006523157208088715,0.00032615786040443573,0.00040769732550554466,8.153946510110893e-05,0.004484670580560991
welding_0005_18-35-42_p0,0.08793934240362812,0.13732993197278912,0.09460034013605442,0.06469671201814059,0.04953231292517007,0.03840702947845805,0.029974489795918366,0.02239229024943311,0.020549886621315194,0.02019557823129252,0.017715419501133787,0.0169359410430839,0.015022675736961451,0.014810090702947845,0.014668367346938776,0.014384920634920634,0.023242630385487528,0.019770408163265307,0.015660430839002266,0.01679421768707483,0.013392857142857142,0.012825963718820861,0.00949546485260771,0.007653061224489796,0.008999433106575964,0.008503401360544218,0.007227891156462585,0.00701530612244898,0.006235827664399093,0.007511337868480726,0.007653061224489796,0.008574263038548753,0.008715986394557822,0.007794784580498866,0.008574263038548753,0.007582199546485261,0.006519274376417234,0.007227891156462585,0.0060232426303854876,0.008857709750566893,0.005739795918367347,0.005385487528344671,0.005456349206349206,0.0035430839002267575,0.0035430839002267575,0.002905328798185941,0.001984126984126984,0.003401360544217687,0.0017006802721088435,0.0017715419501133788,0.0016298185941043084,0.001913265306122449,0.0010629251700680273,0.0017715419501133788,0.0016298185941043084,0.001417233560090703,0.0009212018140589569,0.0011337868480725624,0.0018424036281179139,0.0010629251700680273,0.0010629251700680273,0.0009212018140589569,0.0007086167800453515,0.046485260770975055
welding_0005_18-35-42_p1,0.10704874835309618,0.07753623188405798,0.08227931488801055,0.0810935441370224,0.07654808959156785,0.0720026350461133,0.06910408432147562,0.04407114624505929,0.031159420289855074,0.028326745718050064,0.02206851119894598,0.02233201581027668,0.02015810276679842,0.01732542819499341,0.016403162055335967,0.010935441370223979,0.012187088274044796,0.010737812911725955,0.011857707509881422,0.0113965744400527,0.009683794466403162,0.011330698287220026,0.009552042160737812,0.007641633728590251,0.007707509881422925,0.007641633728590251,0.005533596837944664,0.005006587615283268,0.00461133069828722,0.005006587615283268,0.003096179183135705,0.0034914361001317524,0.003952569169960474,0.0029644268774703555,0.004084321475625824,0.002766798418972332,0.002173913043478261,0.001844532279314888,0.0029644268774703555,0.003689064558629776,0.0014492753623188406,0.002173913043478261,0.003689064558629776,0.0011198945981554676,0.0019104084321475627,0.002108036890645586,0.0014492753623188406,0.002503293807641634,0.0005270092226613965,0.0014492753623188406,0.0013175230566534915,0.001054018445322793,0.000922266139657444,0.001844532279314888,0.001251646903820817,0.0007246376811594203,0.0007905138339920949,0.0005270092226613965,0.0016469038208168643,0.0003952569169960474,0.00026350461133069827,0.00032938076416337287,0.0005270092226613965,0.040711462450592886
welding_0005_18-35-42_p2,0.04118891618891619,0.0417007917007917,0.04702429702429702,0.05094867594867595,0.04668304668304668,0.0461029211029211,0.04702429702429702,0.04043816543816544,0.03504641004641005,0.03702566202566203,0.03101965601965602,0.030644280644280646,0.029142779142779143,0.027811902811902812,0.02770952770952771,0.020645645645645645,0.021874146874146874,0.017813267813267815,0.014605514605514605,0.014127764127764128,0.01330876330876331,0.017437892437892438,0.016857766857766857,0.010271635271635271,0.014571389571389572,0.01068113568113568,0.011022386022386022,0.008940758940758941,0.006415506415506415,0.011056511056511056,0.008701883701883703,0.0060742560742560745,0.012455637455637455,0.008974883974883975,0.008838383838383838,0.009828009828009828,0.008667758667758667,0.011022386022386022,0.006108381108381108,0.01190963690963691,0.011704886704886706,0.011124761124761125,0.0067226317226317224,0.006279006279006279,0.0034466284466284467,0.005528255528255528,0.0055965055965055965,0.005971880971880972,0.0023205023205023203,0.0020475020475020475,0.0022863772863772865,0.0017745017745017745,0.0017062517062517062,0.0033442533442533443,0.002627627627627628,0.0013308763308763308,0.0017403767403767405,0.0016721266721266722,0.0013308763308763308,0.001365001365001365,0.0016721266721266722,0.0008872508872508873,0.0007166257166257166,0.03508053508053508
welding_0005_18-35-42_p3,0.06794285714285714,0.08628571428571429,0.08531428571428572,0.06742857142857143,0.05697142857142857,0.045771428571428574,0.035885714285714285,0.02822857142857143,0.025314285714285713,0.024514285714285714,0.02022857142857143,0.02022857142857143,0.01742857142857143,0.01662857142857143,0.015257142857142858,0.015485714285714285,0.02422857142857143,0.0208,0.01742857142857143,0.0188,0.01502857142857143,0.013771428571428572,0.010971428571428571,0.008114285714285715,0.010057142857142857,0.009942857142857142,0.008914285714285715,0.007485714285714286,0.0064571428571428575,0.007485714285714286,0.0074285714285714285,0.008114285714285715,0.0092,0.006685714285714285,0.008342857142857143,0.007142857142857143,0.0064,0.006971428571428571,0.006,0.00817142857142857,0.005371428571428571,0.004971428571428571,0.005314285714285714,0.0032,0.0034285714285714284,0.0038285714285714286,0.0019428571428571429,0.0037142857142857142,0.002,0.002285714285714286,0.0018285714285714285,0.0026857142857142856,0.0017142857142857142,0.0021142857142857144,0.0021142857142857144,0.0016,0.0014857142857142857,0.001542857142857143,0.002342857142857143,0.001142857142857143,0.0013714285714285714,0.0008,0.0006285714285714285,0.05971428571428571
welding_0005_18-35-42_p4,0.0168343653250774,0.012190402476780186,0.024671052631578948,0.03212074303405573,0.03521671826625387,0.04518188854489164,0.05137383900928793,0.05185758513931889,0.0480843653250774,0.04643962848297214,0.04779411764705882,0.04489164086687306,0.04431114551083591,0.04556888544891641,0.041989164086687306,0.03570046439628483,0.03270123839009288,0.02679953560371517,0.025928792569659444,0.022542569659442725,0.025541795665634675,0.02825077399380805,0.022542569659442725,0.022058823529411766,0.016931114551083593,0.015092879256965945,0.01393188854489164,0.012770897832817337,0.010352167182662539,0.009287925696594427,0.00793343653250774,0.0084171826625387,0.007256191950464396,0.006095201238390093,0.0046439628482972135,0.004740712074303406,0.0026122291021671825,0.004160216718266254,0.0031927244582043344,0.003289473684210526,0.003676470588235294,0.0030959752321981426,0.0031927244582043344,0.002225232198142415,0.001838235294117647,0.0011609907120743034,0.0011609907120743034,0.0013544891640866873,0.0006772445820433437,0.0009674922600619195,0.0010642414860681114,0.0012577399380804953,0.0008707430340557275,0.0005804953560371517,0.001644736842105263,0.00029024767801857584,0.0008707430340557275,0.0005804953560371517,0.0007739938080495357,0.0005804953560371517,0.0009674922600619195,0.0007739938080495357,0.00048374613003095975,0.008610681114551084
welding_0005_18-35-42_p5,0.018529647435897436,0.02794471153846154,0.053585737179487176,0.05128205128205128,0.03976362179487179,0.036959134615384616,0.03245192307692308,0.03465544871794872,0.03806089743589743,0.04296875,0.04397035256410257,0.03936298076923077,0.04056490384615385,0.036458333333333336,0.03445512820512821,0.028545673076923076,0.028145032051282052,0.024739583333333332,0.018830128205128204,0.02123397435897436,0.024639423076923076,0.025741185897435896,0.023637820512820512,0.02233573717948718,0.021534455128205128,0.021634615384615384,0.01842948717948718,0.016626602564102564,0.015224358974358974,0.01201923076923077,0.01061698717948718,0.009415064102564102,0.007912660256410256,0.00811298076923077,0.006209935897435897,0.004507211538461538,0.004306891025641026,0.00530849358974359,0.004306891025641026,0.003705929487179487,0.0028044871794871795,0.003405448717948718,0.0031049679487179485,0.0021033653846153845,0.002203525641025641,0.0013020833333333333,0.0015024038461538462,0.0018028846153846155,0.0014022435897435897,0.0007011217948717949,0.0011017628205128205,0.0011017628205128205,0.0009014423076923077,0.0011017628205128205,0.0014022435897435897,0.00040064102564102563,0.0007011217948717949,0.0008012820512820513,0.0008012820512820513,0.0006009615384615385,0.0009014423076923077,0.0007011217948717949,0.00020032051282051281,0.010216346153846154
welding_0005_18-35-42_p6,0.020033670033670032,0.04377104377104377,0.05824915824915825,0.06422558922558923,0.0765993265993266,0.082996632996633,0.09696969696969697,0.07466329966329967,0.054208754208754206,0.03358585858585859,0.024074074074074074,0.018013468013468013,0.01430976430976431,0.011784511784511785,0.010437710437710438,0.008417508417508417,0.009595959595959595,0.011868686868686869,0.008164983164983165,0.0073232323232323236,0.005892255892255892,0.006986531986531986,0.004966329966329966,0.003787878787878788,0.004882154882154882,0.005303030303030303,0.0036195286195286197,0.003787878787878788,0.003787878787878788,0.005134680134680135,0.0036195286195286197,0.003703703703703704,0.004882154882154882,0.0025252525252525255,0.0036195286195286197,0.003956228956228956,0.003451178451178451,0.003787878787878788,0.003787878787878788,0.003367003367003367,0.002861952861952862,0.003367003367003367,0.004966329966329966,0.002946127946127946,0.003872053872053872,0.00404040404040404,0.003703703703703704,0.005134680134680135,0.004208754208754209,0.003872053872053872,0.0036195286195286197,0.004377104377104377,0.003451178451178451,0.0041245791245791245,0.0025252525252525255,0.0026094276094276096,0.0022727272727272726,0.0017676767676767678,0.002861952861952862,0.00202020202020202,0.001430976430976431,0.0015151515151515152,0.0005892255892255892,0.11372053872053872
welding_0006_17-38-16_p0,0.05176860722181282,0.10516457872758536,0.1223900761483665,0.10138786538933924,0.12954433800049128,0.14127364283959715,0.07614836649471875,0.04556619995087202,0.033192090395480225,0.03006018177352002,0.025393023827069518,0.01787030213706706,0.012896094325718496,0.009272905919921396,0.007123556865634979,0.006018177352001965,0.006478752149349054,0.005158437730287398,0.004728567919430116,0.00423728813559322,0.003346843527388848,0.003868828297715549,0.003868828297715549,0.0031933185949398184,0.0041451731761238024,0.0050663227708179805,0.005342667649226234,0.0037767133382461313,0.0015352493244902973,0.0018115942028985507,0.001105379513633014,0.0015352493244902973,0.0014431343650208794,0.0009211495946941784,0.0007983296487349546,0.0009211495946941784,0.0008904446082043724,0.0007983296487349546,0.0008597396217145664,0.0007676246622451486,0.000521984770326701,0.000583394743306313,0.000583394743306313,0.0004912797838368951,0.000583394743306313,0.00030704986489805947,0.00015352493244902973,0.000552689756816507,0.0002763448784082535,0.0004298698108572832,0.00030704986489805947,0.00036845983787767134,0.0003991648243674773,0.0004912797838368951,0.0004912797838368951,0.0003991648243674773,0.00036845983787767134,0.0002149349054286416,0.0004605747973470892,0.0002149349054286416,0.00015352493244902973,9.211495946941784e-05,3.070498648980594e-05,0.009856300663227709
welding_0006_17-38-16_p1,0.07059099437148218,0.11327392120075047,0.13860225140712945,0.0967010631644778,0.0941213258286429,0.08755472170106317,0.06769856160100063,0.04768605378361476,0.034318323952470295,0.030331457160725453,0.028455284552845527,0.018058161350844277,0.014383989993746092,0.008286429018136336,0.006019387116948093,0.004221388367729831,0.00375234521575985,0.0034396497811131957,0.004377736085053158,0.00398686679174484,0.0026579111944965606,0.003048780487804878,0.0022670419011882425,0.0019543464665415884,0.0025015634771732333,0.0017979987492182615,0.0016416510318949344,0.00242338961851157,0.0015634771732332708,0.001876172607879925,0.0010944340212632896,0.0026579111944965606,0.002736085053158224,0.0025797373358348967,0.0029706066291432147,0.003283302063789869,0.004690431519699813,0.0053939962476547846,0.004534083802376485,0.004690431519699813,0.006332082551594747,0.007348342714196373,0.007895559724828017,0.008989993746091307,0.008130081300813009,0.005784865540963102,0.004768605378361476,0.0028142589118198874,0.0017979987492182615,0.0015634771732332708,0.0011726078799249532,0.0007035647279549719,0.0008599124452782989,0.0010162601626016261,0.0010944340212632896,0.0015634771732332708,0.00031269543464665416,0.00031269543464665416,0.0003908692933083177,0.0003908692933083177,0.00015634771732332708,0.00023452157598499062,0.00015634771732332708,0.00398686679174484
welding_0006_17-38-16_p2,0.032985074626865674,0.09708955223880597,0.13701492537313434,0.0923134328358209,0.09298507462686567,0.08455223880597015,0.07537313432835821,0.06447761194029851,0.042388059701492536,0.026940298507462688,0.021194029850746268,0.015298507462686567,0.014029850746268656,0.012985074626865671,0.008283582089552238,0.008432835820895523,0.0073880597014925374,0.007761194029850746,0.005373134328358209,0.0055223880597014925,0.005149253731343284,0.005373134328358209,0.005597014925373134,0.005597014925373134,0.00664179104477612,0.006791044776119403,0.005298507462686567,0.005149253731343284,0.005074626865671642,0.004402985074626865,0.004029850746268657,0.003880597014925373,0.0037313432835820895,0.003582089552238806,0.002537313432835821,0.0029104477611940297,0.0033582089552238806,0.0024626865671641793,0.0019402985074626865,0.0024626865671641793,0.0019402985074626865,0.0017164179104477613,0.0023134328358208954,0.0012686567164179104,0.0011940298507462687,0.0015671641791044776,0.002164179104477612,0.0015671641791044776,0.0006716417910447761,0.0007462686567164179,0.0008208955223880597,0.0014925373134328358,0.0011940298507462687,0.0014925373134328358,0.0011940298507462687,0.0008955223880597015,0.001044776119402985,0.0007462686567164179,0.0009701492537313432,0.0005970149253731343,0.0012686567164179104,0.00022388059701492538,0.00044776119402985075,0.0341044776119403
welding_0006_17-38-16_p3,0.07456521739130435,0.1208695652173913,0.10423913043478261,0.12619565217391304,0.11315217391304348,0.09869565217391305,0.07673913043478262,0.07673913043478262,0.04760869565217391,0.036630434782608697,0.0333695652173913,0.01652173913043478,0.01108695652173913,0.007608695652173913,0.011195652173913044,0.008369565217391304,0.005760869565217391,0.0036956521739130435,0.005543478260869565,0.004021739130434783,0.0015217391304347826,0.002173913043478261,0.0016304347826086956,0.0014130434782608696,0.0010869565217391304,0.0008695652173913044,0.0004347826086956522,0.0017391304347826088,0.0010869565217391304,0.00032608695652173916,0.0005434782608695652,0.0005434782608695652,0.0004347826086956522,0.00010869565217391305,0.00032608695652173916,0.00010869565217391305,0.00010869565217391305,0.00032608695652173916,0.00010869565217391305,0.00032608695652173916,0.0,0.00010869565217391305,0.0002173913043478261,0.00010869565217391305,0.0002173913043478261,0.0,0.0,0.0,0.0,0.00010869565217391305,0.0,0.0,0.0,0.0,0.00010869565217391305,0.0,0.00010869565217391305,0.0,0.00010869565217391305,0.00010869565217391305,0.0,0.00010869565217391305,0.0,0.0008695652173913044
welding_0006_17-38-16_p4,0.05,0.1388888888888889,0.16452991452991453,0.0594017094017094,0.03888888888888889,0.028205128205128206,0.02094017094017094,0.025213675213675214,0.021367521367521368,0.01623931623931624,0.011111111111111112,0.011538461538461539,0.011538461538461539,0.007692307692307693,0.010256410256410256,0.011111111111111112,0.011965811965811967,0.009401709401709401,0.012393162393162393,0.012393162393162393,0.011111111111111112,0.01282051282051282,0.013247863247863248,0.012393162393162393,0.013247863247863248,0.011538461538461539,0.01282051282051282,0.011111111111111112,0.008974358974358974,0.011111111111111112,0.019230769230769232,0.010256410256410256,0.011111111111111112,0.007692307692307693,0.010256410256410256,0.009829059829059829,0.009401709401709401,0.006837606837606838,0.007692307692307693,0.006837606837606838,0.006837606837606838,0.005555555555555556,0.008974358974358974,0.006837606837606838,0.005982905982905983,0.004273504273504274,0.007264957264957265,0.005555555555555556,0.007692307692307693,0.005982905982905983,0.005555555555555556,0.0038461538461538464,0.0029914529914529917,0.0029914529914529917,0.003418803418803419,0.002136752136752137,0.0029914529914529917,0.0008547008547008547,0.0008547008547008547,0.0008547008547008547,0.002136752136752137,0.0008547008547008547,0.001282051282051282,0.013675213675213675
welding_0006_17-38-21_p0,0.00616370808678501,0.01319033530571992,0.01664201183431953,0.026997041420118342,0.03587278106508876,0.04820019723865878,0.06989644970414201,0.04881656804733728,0.03661242603550296,0.026627218934911243,0.02477810650887574,0.02527120315581854,0.028353057199211044,0.027736686390532544,0.02687376725838264,0.02440828402366864,0.028846153846153848,0.025887573964497042,0.021696252465483234,0.020956607495069033,0.021572978303747534,0.01873767258382643,0.020463510848126233,0.020833333333333332,0.01799802761341223,0.01861439842209073,0.014916173570019724,0.016888560157790927,0.014792899408284023,0.013560157790927022,0.012697238658777121,0.013929980276134122,0.017135108481262328,0.016888560157790927,0.012080867850098619,0.012943786982248521,0.009492110453648915,0.011217948717948718,0.009122287968441814,0.008259368836291914,0.007889546351084813,0.0072731755424063115,0.007519723865877712,0.005670611439842209,0.005177514792899409,0.005177514792899409,0.004561143984220907,0.005670611439842209,0.003205128205128205,0.0034516765285996054,0.0028353057199211047,0.0028353057199211047,0.0019723865877712033,0.0023422090729783036,0.0023422090729783036,0.001232741617357002,0.0017258382642998027,0.0019723865877712033,0.0029585798816568047,0.0013560157790927022,0.002095660749506903,0.001232741617357002,0.0009861932938856016,0.03254437869822485
welding_0006_17-38-21_p1,0.004154447702834799,0.00855327468230694,0.014907135874877811,0.024804496578690126,0.03384652981427175,0.038978494623655914,0.039100684261974585,0.03372434017595308,0.03152492668621701,0.025782013685239493,0.030547409579667645,0.026392961876832845,0.03470185728250244,0.03201368523949169,0.03494623655913978,0.032991202346041054,0.029203323558162266,0.031036168132942327,0.023949169110459433,0.0228494623655914,0.020894428152492667,0.02370478983382209,0.024804496578690126,0.024193548387096774,0.022727272727272728,0.021016617790811338,0.016006842619745845,0.018450635386119258,0.018084066471163247,0.013196480938416423,0.011608015640273705,0.011730205278592375,0.015151515151515152,0.015029325513196481,0.011485826001955034,0.01270772238514174,0.007575757575757576,0.007942326490713587,0.008064516129032258,0.007942326490713587,0.0074535679374389055,0.005865102639296188,0.006842619745845552,0.007942326490713587,0.005131964809384164,0.004643206256109482,0.003787878787878788,0.005131964809384164,0.0032991202346041057,0.00427663734115347,0.002321603128054741,0.003176930596285435,0.0035434995112414466,0.002932551319648094,0.002932551319648094,0.0021994134897360706,0.0015884652981427176,0.0024437927663734115,0.003421309872922776,0.0024437927663734115,0.0028103616813294234,0.0018328445747800588,0.0015884652981427176,0.04606549364613881
welding_0006_17-38-21_p2,0.010197368421052632,0.04375,0.05592105263157895,0.06019736842105263,0.05131578947368421,0.049342105263157895,0.05361842105263158,0.06085526315789474,0.06776315789473684,0.08190789473684211,0.08223684210526316,0.08914473684210526,0.07927631578947368,0.02894736842105263,0.031578947368421054,0.024342105263157894,0.020394736842105264,0.019407894736842107,0.01381578947368421,0.009539473684210526,0.009210526315789473,0.008223684210526315,0.003947368421052632,0.004934210526315789,0.0042763157894736845,0.003289473684210526,0.0029605263157894738,0.000986842105263158,0.002302631578947368,0.002631578947368421,0.000986842105263158,0.001644736842105263,0.0013157894736842105,0.0013157894736842105,0.002302631578947368,0.0,0.0003289473684210526,0.0003289473684210526,0.0,0.0006578947368421052,0.0,0.0006578947368421052,0.0006578947368421052,0.0,0.0003289473684210526,0.0003289473684210526,0.0,0.0003289473684210526,0.0,0.0,0.0006578947368421052,0.0,0.0,0.0,0.0003289473684210526,0.0,0.0,0.0003289473684210526,0.0,0.0,0.0,0.0003289473684210526,0.0,0.010855263157894738
welding_0006_17-38-21_p3,0.012691570881226053,0.021551724137931036,0.021312260536398467,0.032088122605363985,0.0319683908045977,0.04454022988505747,0.07291666666666667,0.06657088122605365,0.05184386973180077,0.045617816091954026,0.039990421455938695,0.03579980842911877,0.033524904214559385,0.032806513409961685,0.023347701149425287,0.020354406130268198,0.022868773946360152,0.018917624521072797,0.017840038314176247,0.021671455938697317,0.019875478927203066,0.019755747126436782,0.017959770114942528,0.017480842911877393,0.019516283524904216,0.018079501915708812,0.018438697318007662,0.013529693486590038,0.018917624521072797,0.012332375478927203,0.011973180076628353,0.008979885057471264,0.010416666666666666,0.007423371647509579,0.007064176245210728,0.005866858237547893,0.005028735632183908,0.005747126436781609,0.005507662835249042,0.004669540229885058,0.002274904214559387,0.0031130268199233715,0.003951149425287357,0.0028735632183908046,0.0029932950191570882,0.0023946360153256703,0.0015565134099616857,0.0044300766283524905,0.0016762452107279694,0.0029932950191570882,0.002514367816091954,0.0023946360153256703,0.0016762452107279694,0.0019157088122605363,0.0017959770114942528,0.0014367816091954023,0.0010775862068965517,0.0008381226053639847,0.0019157088122605363,0.0011973180076628352,0.0015565134099616857,0.0009578544061302681,0.00035919540229885057,0.03532088122605364
welding_0006_17-38-21_p4,0.005980861244019139,0.010067783094098883,0.02322567783094099,0.03478867623604466,0.0687799043062201,0.07486044657097289,0.04834529505582137,0.036881977671451356,0.036084529505582136,0.029505582137161084,0.02890749601275917,0.025717703349282296,0.03359250398724083,0.03060207336523126,0.03060207336523126,0.03110047846889952,0.02671451355661882,0.024421850079744817,0.021730462519936204,0.019936204146730464,0.017543859649122806,0.018839712918660288,0.02033492822966507,0.015151515151515152,0.018341307814992026,0.013656299840510366,0.012360446570972886,0.013556618819776715,0.01425438596491228,0.011064593301435407,0.01076555023923445,0.006678628389154705,0.010466507177033494,0.009170653907496013,0.0085725677830941,0.008672248803827751,0.005482456140350877,0.005582137161084529,0.006180223285486443,0.006678628389154705,0.005482456140350877,0.004485645933014354,0.005881180223285486,0.006180223285486443,0.003787878787878788,0.0030901116427432215,0.004685007974481658,0.004784688995215311,0.0030901116427432215,0.00428628389154705,0.0030901116427432215,0.003189792663476874,0.0033891547049441787,0.00259170653907496,0.0029904306220095694,0.0026913875598086126,0.002492025518341308,0.001993620414673046,0.003488835725677831,0.00259170653907496,0.0023923444976076554,0.0026913875598086126,0.0010964912280701754,0.04435805422647528
welding_0006_17-38-21_p5,0.027962347729789592,0.047434477667035804,0.062384643779992616,0.052694721299372464,0.04106681432262828,0.0355297157622739,0.03229974160206718,0.029069767441860465,0.029254337393872277,0.027131782945736434,0.02722406792174234,0.02408637873754153,0.02648578811369509,0.024363233665559248,0.02528608342561831,0.025101513473606497,0.025655223329641933,0.02205610926541159,0.020671834625323,0.020671834625323,0.021502399409376153,0.026208933185677373,0.02500922849760059,0.022886674049464747,0.025378368401624215,0.022240679217423405,0.020210409745293468,0.01808785529715762,0.01568844592100406,0.014119601328903655,0.010705057216685123,0.007659653008490218,0.011166482096714656,0.007475083056478406,0.007475083056478406,0.00636766334440753,0.006090808416389812,0.006183093392395718,0.0049833887043189366,0.005721668512366187,0.004614248800295312,0.0035991140642303433,0.005260243632336656,0.0048911037283130305,0.004060538944259874,0.0035068290882244372,0.004245108896271687,0.0048911037283130305,0.001937984496124031,0.003875968992248062,0.0029531192321889995,0.0024916943521594683,0.0024916943521594683,0.002307124400147656,0.002676264304171281,0.0021225544481358436,0.002583979328165375,0.0013842746400885937,0.002676264304171281,0.0017534145441122186,0.0012919896640826874,0.0010151347360649685,0.0002768549280177187,0.021502399409376153
welding_0006_17-38-21_p6,0.17769607843137256,0.13082107843137256,0.08333333333333333,0.08241421568627451,0.0857843137254902,0.06158088235294118,0.051470588235294115,0.043198529411764705,0.033394607843137254,0.02267156862745098,0.017463235294117647,0.016544117647058824,0.015012254901960785,0.012867647058823529,0.013174019607843137,0.01011029411764706,0.010416666666666666,0.00980392156862745,0.007352941176470588,0.004595588235294118,0.004901960784313725,0.006127450980392157,0.0027573529411764708,0.0030637254901960784,0.00428921568627451,0.004901960784313725,0.0015318627450980392,0.0024509803921568627,0.0027573529411764708,0.001838235294117647,0.001838235294117647,0.0009191176470588235,0.004901960784313725,0.0012254901960784314,0.003676470588235294,0.0015318627450980392,0.0015318627450980392,0.0012254901960784314,0.0030637254901960784,0.002144607843137255,0.001838235294117647,0.0009191176470588235,0.002144607843137255,0.0009191176470588235,0.0012254901960784314,0.002144607843137255,0.0009191176470588235,0.001838235294117647,0.00030637254901960784,0.0006127450980392157,0.0,0.0009191176470588235,0.00030637254901960784,0.0006127450980392157,0.001838235294117647,0.00030637254901960784,0.0006127450980392157,0.0,0.00030637254901960784,0.0012254901960784314,0.0012254901960784314,0.00030637254901960784,0.0,0.03308823529411765
welding_0006_17-38-21_p7,0.03608556577369052,0.09276289484206318,0.10785685725709716,0.08196721311475409,0.06327469012395041,0.04638144742103159,0.03408636545381847,0.03198720511795282,0.03578568572570972,0.027888844462215113,0.030287884846061576,0.027588964414234307,0.027888844462215113,0.023390643742503,0.02538984406237505,0.022890843662534986,0.023190723710515795,0.020191923230707717,0.019792083166733306,0.01639344262295082,0.012794882047181128,0.013994402239104359,0.01609356257497001,0.010095961615353859,0.012794882047181128,0.00819672131147541,0.008496601359456218,0.006797281087564974,0.006897241103558577,0.0059976009596161535,0.005597760895641743,0.004898040783686526,0.006197520991603359,0.0054978008796481405,0.004098360655737705,0.00469812075169932,0.00429828068772491,0.005397840863654539,0.0029988004798080768,0.003698520591763295,0.002299080367852859,0.0026989204318272693,0.003198720511795282,0.0018992403038784486,0.001799280287884846,0.0032986805277888847,0.0023990403838464614,0.002299080367852859,0.0016993202718912435,0.0009996001599360256,0.0016993202718912435,0.0014994002399040384,0.0009996001599360256,0.001599360255897641,0.002299080367852859,0.0014994002399040384,0.0016993202718912435,0.0010995601759296281,0.0005997600959616154,0.0007996801279488205,0.0006997201119552179,0.0002998800479808077,0.00019992003198720512,0.017792882846861254
welding_0006_17-38-21_p8,0.2445280437756498,0.15253077975376197,0.08652530779753762,0.06429548563611491,0.047879616963064295,0.03146374829001368,0.029069767441860465,0.030437756497948016,0.02667578659370725,0.019835841313269494,0.018125854993160054,0.013679890560875513,0.015047879616963064,0.01094391244870041,0.009575923392612859,0.00786593707250342,0.009575923392612859,0.006497948016415869,0.006155950752393981,0.006497948016415869,0.0047879616963064295,0.00786593707250342,0.004103967168262654,0.003419972640218878,0.004103967168262654,0.005129958960328317,0.0023939808481532147,0.004103967168262654,0.004103967168262654,0.0030779753761969904,0.0030779753761969904,0.0027359781121751026,0.005813953488372093,0.0027359781121751026,0.004445964432284542,0.0027359781121751026,0.001709986320109439,0.002051983584131327,0.004103967168262654,0.0027359781121751026,0.0030779753761969904,0.0027359781121751026,0.0023939808481532147,0.0023939808481532147,0.003419972640218878,0.0027359781121751026,0.0013679890560875513,0.003761969904240766,0.0030779753761969904,0.001709986320109439,0.002051983584131327,0.003761969904240766,0.0027359781121751026,0.002051983584131327,0.004445964432284542,0.001709986320109439,0.0,0.0003419972640218878,0.0006839945280437756,0.0013679890560875513,0.0013679890560875513,0.0006839945280437756,0.0003419972640218878,0.0393296853625171
welding_0006_17-38-21_p9,0.009528301886792453,0.030849056603773586,0.059433962264150944,0.0560377358490566,0.0799056603773585,0.07924528301886792,0.04150943396226415,0.034339622641509436,0.029811320754716982,0.027641509433962264,0.025660377358490565,0.022641509433962263,0.024245283018867924,0.02547169811320755,0.024339622641509434,0.024433962264150944,0.022452830188679246,0.02,0.020283018867924527,0.017547169811320755,0.01839622641509434,0.020849056603773584,0.02,0.01849056603773585,0.02150943396226415,0.017924528301886792,0.015660377358490567,0.015943396226415094,0.014905660377358491,0.012075471698113207,0.00990566037735849,0.005188679245283019,0.00830188679245283,0.0060377358490566035,0.005188679245283019,0.005754716981132076,0.003962264150943396,0.004056603773584906,0.0047169811320754715,0.004811320754716981,0.0035849056603773585,0.0029245283018867925,0.0047169811320754715,0.0038679245283018866,0.0027358490566037736,0.0029245283018867925,0.004056603773584906,0.004433962264150944,0.0020754716981132076,0.0035849056603773585,0.0029245283018867925,0.002169811320754717,0.002169811320754717,0.0017924528301886792,0.0025471698113207547,0.0024528301886792454,0.0025471698113207547,0.0016981132075471698,0.0024528301886792454,0.002169811320754717,0.0015094339622641509,0.0016981132075471698,0.0004716981132075472,0.02943396226415094
welding_0006_17-38-21_p10,0.00034722222222222224,0.0024305555555555556,0.009722222222222222,0.019097222222222224,0.023958333333333335,0.025,0.02048611111111111,0.022569444444444444,0.024305555555555556,0.025,0.035069444444444445,0.03263888888888889,0.050694444444444445,0.041666666666666664,0.03784722222222222,0.03958333333333333,0.030555555555555555,0.03159722222222222,0.021180555555555557,0.018055555555555554,0.02048611111111111,0.022569444444444444,0.024305555555555556,0.024652777777777777,0.025347222222222222,0.018055555555555554,0.013194444444444444,0.015277777777777777,0.013888888888888888,0.009722222222222222,0.011111111111111112,0.009027777777777777,0.010763888888888889,0.01423611111111111,0.012152777777777778,0.010416666666666666,0.008680555555555556,0.011458333333333333,0.009375,0.011458333333333333,0.010069444444444445,0.012847222222222222,0.012847222222222222,0.013541666666666667,0.008333333333333333,0.007638888888888889,0.006597222222222222,0.006944444444444444,0.0045138888888888885,0.005902777777777778,0.003125,0.0038194444444444443,0.004166666666666667,0.004861111111111111,0.004166666666666667,0.0020833333333333333,0.001736111111111111,0.004166666666666667,0.004166666666666667,0.003125,0.0038194444444444443,0.0020833333333333333,0.003472222222222222,0.05798611111111111
welding_0006_18-06-29_p0,0.08415032679738563,0.08848667672197084,0.07654600301659126,0.0806309703368527,0.10677476118652589,0.0876068376068376,0.07158119658119658,0.05580693815987934,0.033433886375062845,0.021367521367521368,0.019167923579688287,0.013951734539969835,0.015334338863750628,0.01596279537456008,0.011500754147812972,0.011500754147812972,0.01583710407239819,0.00904977375565611,0.004587732528909,0.0023881347410759177,0.0018225238813474108,0.004462041226747109,0.0022624434389140274,0.0015082956259426848,0.0030165912518853697,0.0057817998994469585,0.002576671694318753,0.002011060834590246,0.0017596782302664656,0.0020739064856711916,0.0013197586726998493,0.0059703368526897935,0.0032679738562091504,0.000628456510809452,0.0022624434389140274,0.0018225238813474108,0.0016968325791855204,0.0016339869281045752,0.002828054298642534,0.002828054298642534,0.0008169934640522876,0.0007541478129713424,0.011877828054298642,0.0004399195575666164,0.002199597787833082,0.002576671694318753,0.0023252890899949723,0.00314228255404726,0.0008798391151332328,0.001885369532428356,0.0008798391151332328,0.002136752136752137,0.000942684766214178,0.003833584715937657,0.0022624434389140274,0.0013826043237807944,0.0015082956259426848,0.00025138260432378077,0.0005656108597285068,0.0004399195575666164,0.000314228255404726,0.0001885369532428356,0.00025138260432378077,0.08094519859225742
welding_0006_18-06-29_p1,0.09549549549549549,0.0765015015015015,0.08746246246246246,0.09024024024024024,0.07184684684684685,0.06756756756756757,0.05285285285285285,0.03536036036036036,0.02394894894894895,0.017492492492492493,0.012012012012012012,0.014264264264264264,0.011711711711711712,0.01066066066066066,0.014264264264264264,0.011636636636636636,0.011786786786786787,0.01096096096096096,0.011186186186186187,0.009684684684684685,0.005705705705705706,0.007582582582582583,0.006831831831831832,0.006981981981981982,0.0063813813813813815,0.008258258258258258,0.006906906906906907,0.006606606606606606,0.006306306306306306,0.007807807807807808,0.008183183183183184,0.012612612612612612,0.01006006006006006,0.007582582582582583,0.007282282282282282,0.008783783783783784,0.0076576576576576575,0.005255255255255256,0.006456456456456456,0.0063813813813813815,0.002102102102102102,0.002777777777777778,0.009684684684684685,0.0024774774774774773,0.0024774774774774773,0.002927927927927928,0.0016516516516516516,0.0037537537537537537,0.0015765765765765765,0.0018768768768768769,0.0013513513513513514,0.0014264264264264265,0.001051051051051051,0.0025525525525525524,0.0024024024024024023,0.002027027027027027,0.0006006006006006006,0.000975975975975976,0.0005255255255255255,0.00045045045045045046,0.00037537537537537537,0.0003003003003003003,0.00022522522522522523,0.06786786786786787
welding_0006_18-06-29_p2,0.018308080808080808,0.06881313131313131,0.09823232323232323,0.0952020202020202,0.0936868686868687,0.10694444444444444,0.0720959595959596,0.04722222222222222,0.03535353535353535,0.03042929292929293,0.024747474747474747,0.022474747474747474,0.018813131313131313,0.01792929292929293,0.015277777777777777,0.011363636363636364,0.014015151515151515,0.011994949494949494,0.00946969696969697,0.008207070707070708,0.008207070707070708,0.007575757575757576,0.007575757575757576,0.00404040404040404,0.0054292929292929296,0.005555555555555556,0.005681818181818182,0.0036616161616161618,0.0036616161616161618,0.004419191919191919,0.0031565656565656565,0.00404040404040404,0.004924242424242424,0.001893939393939394,0.004924242424242424,0.004292929292929293,0.0015151515151515152,0.0021464646464646464,0.0015151515151515152,0.002904040404040404,0.00101010101010101,0.0002525252525252525,0.00744949494949495,0.000505050505050505,0.000505050505050505,0.0035353535353535356,0.0007575757575757576,0.00202020202020202,0.000505050505050505,0.00101010101010101,0.0006313131313131314,0.0003787878787878788,0.00101010101010101,0.005555555555555556,0.0016414141414141414,0.0006313131313131314,0.0011363636363636363,0.0,0.0007575757575757576,0.00012626262626262626,0.0002525252525252525,0.0002525252525252525,0.0,0.06237373737373737
welding_0006_18-06-29_p3,0.0035256410256410257,0.005662393162393162,0.013034188034188035,0.05982905982905983,0.09626068376068377,0.15576923076923077,0.1560897435897436,0.12863247863247862,0.07574786324786324,0.046474358974358976,0.026923076923076925,0.021474358974358974,0.01623931623931624,0.013888888888888888,0.010683760683760684,0.007585470085470085,0.007371794871794872,0.005982905982905983,0.004914529914529914,0.0054487179487179484,0.0054487179487179484,0.005662393162393162,0.005021367521367522,0.005021367521367522,0.005555555555555556,0.0036324786324786326,0.00405982905982906,0.0035256410256410257,0.00405982905982906,0.003098290598290598,0.0029914529914529917,0.002777777777777778,0.002777777777777778,0.003418803418803419,0.0022435897435897434,0.003418803418803419,0.0035256410256410257,0.0028846153846153848,0.0023504273504273503,0.0029914529914529917,0.002670940170940171,0.002136752136752137,0.002457264957264957,0.0016025641025641025,0.0028846153846153848,0.002564102564102564,0.002777777777777778,0.0014957264957264958,0.0011752136752136752,0.0009615384615384616,0.0022435897435897434,0.0017094017094017094,0.0017094017094017094,0.0016025641025641025,0.0018162393162393163,0.001282051282051282,0.0009615384615384616,0.0008547008547008547,0.0018162393162393163,0.001282051282051282,0.0008547008547008547,0.0018162393162393163,0.0023504273504273503,0.022970085470085472
welding_0006_18-06-29_p4,0.025,0.06111111111111111,0.1287037037037037,0.09537037037037037,0.10555555555555556,0.08981481481481482,0.07314814814814814,0.05277777777777778,0.03981481481481482,0.030555555555555555,0.022222222222222223,0.027777777777777776,0.016666666666666666,0.021296296296296296,0.019444444444444445,0.016666666666666666,0.01574074074074074,0.023148148148148147,0.012962962962962963,0.012037037037037037,0.008333333333333333,0.012962962962962963,0.011111111111111112,0.011111111111111112,0.008333333333333333,0.006481481481481481,0.010185185185185186,0.009259259259259259,0.006481481481481481,0.003703703703703704,0.001851851851851852,0.001851851851851852,0.001851851851851852,0.0,0.001851851851851852,0.0,0.0,0.000925925925925926,0.0,0.001851851851851852,0.000925925925925926,0.0,0.000925925925925926,0.000925925925925926,0.0,0.0,0.000925925925925926,0.000925925925925926,0.000925925925925926,0.0,0.0,0.000925925925925926,0.0,0.000925925925925926,0.0,0.0,0.0,0.0,0.0,0.001851851851851852,0.0,0.0,0.0,0.002777777777777778
welding_0006_18-06-29_p5,0.017746913580246913,0.03935185185185185,0.06790123456790123,0.08101851851851852,0.1257716049382716,0.09799382716049383,0.06404320987654322,0.05246913580246913,0.041666666666666664,0.038580246913580245,0.030864197530864196,0.03009259259259259,0.02854938271604938,0.023919753086419752,0.026234567901234566,0.024691358024691357,0.020061728395061727,0.021604938271604937,0.021604938271604937,0.018518518518518517,0.016203703703703703,0.015432098765432098,0.014660493827160493,0.008487654320987654,0.008487654320987654,0.008487654320987654,0.008487654320987654,0.0030864197530864196,0.006944444444444444,0.006172839506172839,0.0023148148148148147,0.0015432098765432098,0.0038580246913580245,0.0,0.0023148148148148147,0.0015432098765432098,0.0,0.0015432098765432098,0.0007716049382716049,0.0,0.0007716049382716049,0.0,0.0023148148148148147,0.0007716049382716049,0.0007716049382716049,0.0,0.0007716049382716049,0.0,0.0,0.0,0.0015432098765432098,0.0,0.0,0.0,0.0015432098765432098,0.0,0.0,0.0,0.0,0.0,0.0,0.0,0.0,0.008487654320987654
welding_0006_18-19-56_p0,0.018784421715184893,0.06392604248623131,0.10001966955153423,0.12785208497246262,0.14211250983477577,0.09480723839496459,0.06736821400472069,0.04632179386309992,0.026258851298190403,0.022029897718332022,0.01927616050354052,0.01465381589299764,0.014063729346970888,0.010818253343823761,0.011703383162863887,0.011113296616837137,0.011113296616837137,0.009146341463414634,0.010228166797797011,0.00963808025177026,0.00885129819040126,0.008949645948072384,0.008162863886703384,0.006982690794649882,0.00865460267505901,0.00462234461054288,0.00481904012588513,0.003737214791502754,0.0034421715184893785,0.0023603461841070024,0.00462234461054288,0.0035405192761605035,0.003245476003147128,0.0028520849724626277,0.003048780487804878,0.0021636506687647524,0.0036388670338316285,0.002950432730133753,0.0034421715184893785,0.003048780487804878,0.0033438237608182536,0.002065302911093627,0.0023603461841070024,0.001868607395751377,0.0025570416994492528,0.002950432730133753,0.0028520849724626277,0.0022619984264358774,0.0023603461841070024,0.001868607395751377,0.0021636506687647524,0.0021636506687647524,0.001868607395751377,0.0022619984264358774,0.0017702596380802518,0.0016719118804091268,0.0011801730920535012,0.0015735641227380016,0.0016719118804091268,0.0008851298190401259,0.0013768686073957514,0.0014752163650668766,0.0012785208497246264,0.029799370574350906
welding_0006_18-19-56_p1,0.0009433962264150943,0.008934517203107659,0.015815760266370698,0.022086570477247502,0.028135405105438403,0.038734739178690344,0.051109877913429524,0.06387347391786903,0.07602663706992231,0.07258601553829079,0.049944506104328525,0.03951165371809101,0.030632630410654827,0.02758046614872364,0.028523862375138733,0.031520532741398447,0.03201997780244173,0.0304661487236404,0.027247502774694784,0.02846836847946726,0.03307436182019978,0.037569367369589345,0.03312985571587125,0.0244173140954495,0.020033296337402886,0.016315205327413984,0.014039955604883463,0.011154273029966704,0.012652608213096559,0.01220865704772475,0.008879023307436182,0.009433962264150943,0.008879023307436182,0.005826859045504994,0.005216426193118757,0.005327413984461709,0.004106548279689234,0.00388457269700333,0.006104328523862375,0.004550499445061043,0.0031631520532741397,0.003662597114317425,0.0015538290788013318,0.001165371809100999,0.0010543840177580466,0.0007769145394006659,0.0004439511653718091,0.0004994450610432853,0.0004994450610432853,0.0003329633740288568,0.0001664816870144284,0.00038845726970033296,0.0003329633740288568,0.00022197558268590456,0.0004994450610432853,0.00022197558268590456,0.00011098779134295228,0.0001664816870144284,0.0002774694783573807,0.00011098779134295228,0.00022197558268590456,0.0001664816870144284,0.0001664816870144284,0.002830188679245283
welding_0006_18-19-56_p2,0.006756756756756757,0.015161502966381015,0.02949901120632828,0.017880685563612393,0.02233025708635465,0.028592617007251155,0.029581410678971656,0.027439024390243903,0.032300593276203035,0.03386618325642716,0.03164139749505603,0.03287738958470666,0.039634146341463415,0.04128213579433092,0.040128543177323665,0.038562953197099535,0.03485497692814766,0.033701384311140406,0.027439024390243903,0.024719841793012523,0.023401450230718525,0.024225444957152273,0.02430784442979565,0.022247857613711272,0.020682267633487145,0.02233025708635465,0.022083058668424523,0.021506262359920897,0.02092946605141727,0.019199077125906395,0.021835860250494398,0.021506262359920897,0.01994067237969677,0.019363876071193144,0.015985497692814765,0.015326301911667766,0.013101516150296639,0.01021753460777851,0.008487145682267633,0.007498352010547132,0.005850362557679631,0.0037079762689518785,0.0038727752142386287,0.0035431773236651283,0.002883981542518128,0.0032135794330916284,0.002059986816084377,0.0014007910349373763,0.0012359920896506263,0.0007415952537903757,0.0006591957811470006,0.0008239947264337508,0.0004119973632168754,0.0003295978905735003,0.0004943968358602505,0.0007415952537903757,0.0004119973632168754,0.0004119973632168754,0.0004943968358602505,0.0004119973632168754,0.00016479894528675015,0.0004119973632168754,8.239947264337508e-05,0.0032135794330916284
welding_0006_18-19-56_p3,0.00043402777777777775,0.003363715277777778,0.007486979166666667,0.009657118055555556,0.019639756944444444,0.020073784722222224,0.020616319444444444,0.009874131944444444,0.013454861111111112,0.015190972222222222,0.019856770833333332,0.023003472222222224,0.028537326388888888,0.031575520833333336,0.033203125,0.038736979166666664,0.04470486111111111,0.05457899305555555,0.044596354166666664,0.03591579861111111,0.028537326388888888,0.023111979166666668,0.024848090277777776,0.023980034722222224,0.021375868055555556,0.022786458333333332,0.025390625,0.0263671875,0.027886284722222224,0.028428819444444444,0.030707465277777776,0.028537326388888888,0.029405381944444444,0.021484375,0.023546006944444444,0.023980034722222224,0.021158854166666668,0.014431423611111112,0.013563368055555556,0.010633680555555556,0.009657118055555556,0.006618923611111111,0.007595486111111111,0.005533854166666667,0.004991319444444444,0.004448784722222222,0.0035807291666666665,0.003146701388888889,0.0014105902777777778,0.0005425347222222222,0.001193576388888889,0.0015190972222222222,0.0003255208333333333,0.0005425347222222222,0.0008680555555555555,0.0006510416666666666,0.0003255208333333333,0.0005425347222222222,0.00010850694444444444,0.00021701388888888888,0.0,0.00021701388888888888,0.00010850694444444444,0.001193576388888889
welding_0006_18-19-56_p4,0.0050347222222222225,0.012586805555555556,0.018229166666666668,0.022135416666666668,0.02717013888888889,0.03836805555555556,0.03246527777777778,0.022222222222222223,0.023177083333333334,0.028385416666666666,0.03029513888888889,0.030381944444444444,0.03446180555555556,0.027777777777777776,0.03428819444444445,0.03029513888888889,0.03975694444444444,0.04583333333333333,0.04583333333333333,0.040538194444444446,0.03958333333333333,0.03836805555555556,0.031684027777777776,0.03333333333333333,0.029513888888888888,0.02673611111111111,0.024479166666666666,0.020746527777777777,0.019618055555555555,0.022135416666666668,0.02048611111111111,0.019270833333333334,0.020572916666666666,0.013975694444444445,0.009461805555555555,0.0078125,0.004774305555555556,0.005642361111111111,0.004079861111111111,0.0032118055555555554,0.0019965277777777776,0.0026041666666666665,0.0011284722222222221,0.0012152777777777778,0.0006076388888888889,0.00078125,0.00078125,0.0009548611111111111,0.00034722222222222224,0.00026041666666666666,0.00026041666666666666,0.00034722222222222224,0.00043402777777777775,8.680555555555556e-05,0.0,0.00017361111111111112,0.00017361111111111112,0.00026041666666666666,0.00026041666666666666,0.00034722222222222224,0.00026041666666666666,0.0,8.680555555555556e-05,0.0019097222222222222
welding_0006_18-19-56_p5,0.021212121212121213,0.0856060606060606,0.12992424242424241,0.1375,0.1621212121212121,0.12348484848484849,0.11212121212121212,0.06363636363636363,0.02159090909090909,0.013257575757575758,0.011742424242424242,0.007196969696969697,0.009848484848484848,0.007954545454545454,0.006818181818181818,0.007196969696969697,0.006439393939393939,0.001893939393939394,0.0030303030303030303,0.006818181818181818,0.0026515151515151517,0.0030303030303030303,0.0026515151515151517,0.0022727272727272726,0.003787878787878788,0.0026515151515151517,0.0026515151515151517,0.0022727272727272726,0.0007575757575757576,0.0015151515151515152,0.0015151515151515152,0.0007575757575757576,0.0007575757575757576,0.0,0.0011363636363636363,0.0003787878787878788,0.0015151515151515152,0.0022727272727272726,0.0,0.0007575757575757576,0.0007575757575757576,0.0015151515151515152,0.0007575757575757576,0.0007575757575757576,0.0011363636363636363,0.0007575757575757576,0.0007575757575757576,0.0,0.0,0.0007575757575757576,0.0,0.0,0.0003787878787878788,0.0007575757575757576,0.0003787878787878788,0.0007575757575757576,0.0003787878787878788,0.0003787878787878788,0.0003787878787878788,0.0015151515151515152,0.0,0.0,0.0,0.015151515151515152
welding_0006_18-19-56_p6,0.11022458628841608,0.015011820330969268,0.015721040189125294,0.0192080378250591,0.02446808510638298,0.030555555555555555,0.029787234042553193,0.0299645390070922,0.029491725768321514,0.03877068557919622,0.038829787234042554,0.04438534278959811,0.039243498817966904,0.03693853427895981,0.03723404255319149,0.036997635933806144,0.04154846335697399,0.03918439716312057,0.039657210401891255,0.03185579196217494,0.03091016548463357,0.02955082742316785,0.02198581560283688,0.02115839243498818,0.01908983451536643,0.015425531914893617,0.015307328605200945,0.013416075650118204,0.011643026004728132,0.01442080378250591,0.01400709219858156,0.012943262411347517,0.013829787234042552,0.008747044917257684,0.005437352245862884,0.004373522458628842,0.0024231678486997636,0.0026595744680851063,0.002718676122931442,0.0015366430260047282,0.0008865248226950354,0.0012411347517730497,0.0008865248226950354,0.0010047281323877068,0.0002955082742316785,0.0006501182033096926,0.0004137115839243499,0.000591016548463357,0.0001773049645390071,0.00023640661938534278,0.00023640661938534278,0.0002955082742316785,0.00023640661938534278,5.9101654846335695e-05,0.0002955082742316785,0.0001773049645390071,0.00023640661938534278,0.0,0.00023640661938534278,0.0001773049645390071,0.0001773049645390071,5.9101654846335695e-05,5.9101654846335695e-05,0.0007092198581560284
welding_0006_18-35-43_p0,0.02733108108108108,0.01804054054054054,0.026114864864864865,0.032972972972972976,0.04777027027027027,0.04733108108108108,0.042702702702702704,0.04273648648648649,0.0445945945945946,0.04027027027027027,0.03966216216216216,0.03472972972972973,0.0327027027027027,0.02956081081081081,0.029527027027027027,0.027702702702702704,0.026554054054054053,0.022263513513513515,0.017162162162162164,0.01847972972972973,0.016621621621621622,0.015304054054054054,0.013918918918918919,0.013378378378378379,0.013108108108108108,0.010878378378378378,0.010506756756756757,0.008851351351351351,0.010810810810810811,0.010135135135135136,0.00945945945945946,0.007601351351351352,0.008108108108108109,0.008513513513513513,0.00847972972972973,0.011351351351351352,0.008243243243243244,0.018108108108108107,0.009898648648648648,0.014797297297297297,0.01054054054054054,0.018445945945945945,0.009932432432432432,0.011013513513513514,0.008817567567567568,0.004425675675675676,0.005709459459459459,0.004864864864864865,0.0025,0.002635135135135135,0.00222972972972973,0.002060810810810811,0.002027027027027027,0.002195945945945946,0.002635135135135135,0.002060810810810811,0.0017905405405405405,0.0012162162162162162,0.0019594594594594594,0.0011824324324324325,0.0011486486486486486,0.0009121621621621622,0.00030405405405405404,0.023108108108108108
welding_0006_18-35-43_p1,0.04120182555780933,0.08132606490872211,0.07289553752535496,0.07213488843813387,0.05559077079107505,0.043990872210953345,0.036067444219066935,0.03137677484787018,0.02586206896551724,0.02440415821501014,0.02288286004056795,0.0203473630831643,0.018826064908722108,0.016290567951318457,0.01641734279918864,0.017241379310344827,0.020030425963488845,0.017811866125760648,0.017558316430020284,0.016670892494929007,0.01635395537525355,0.015086206896551725,0.012677484787018255,0.008747464503042597,0.010775862068965518,0.009317951318458417,0.006592292089249493,0.007733265720081136,0.007099391480730223,0.007733265720081136,0.006528904665314402,0.006085192697768763,0.0077966531440162275,0.008303752535496957,0.0077966531440162275,0.007543103448275862,0.006845841784989858,0.006719066937119675,0.006021805273833672,0.007036004056795132,0.006275354969574037,0.007479716024340771,0.0094447261663286,0.008240365111561867,0.004056795131845842,0.004437119675456389,0.0035496957403651115,0.00545131845841785,0.002281947261663286,0.003866632860040568,0.0024087221095334685,0.003422920892494929,0.0017114604462474645,0.003422920892494929,0.002535496957403651,0.002281947261663286,0.002091784989858012,0.0023453346855983772,0.002281947261663286,0.001838235294117647,0.0021551724137931034,0.0017114604462474645,0.0010141987829614604,0.07397312373225153
welding_0006_18-35-43_p2,0.019695280564845784,0.022482348569305092,0.027777777777777776,0.026477146042363432,0.04524340393905611,0.04162021553325901,0.03743961352657005,0.03409513192121888,0.030100334448160536,0.03511705685618729,0.03418803418803419,0.03567447045707915,0.030100334448160536,0.027777777777777776,0.026198439241917504,0.026198439241917504,0.030007432181345224,0.03149386845039019,0.03140096618357488,0.0279635823114084,0.026848755109624676,0.026198439241917504,0.023875882571534744,0.024990709773318468,0.023597175771088816,0.02201783723522854,0.02238944630248978,0.02238944630248978,0.017744332961724268,0.0162578966926793,0.01560758082497213,0.014399851356373096,0.010962467484206614,0.011705685618729096,0.00947603121516165,0.008732813080639168,0.006038647342995169,0.005295429208472687,0.005016722408026756,0.004738015607580825,0.0037160906726124115,0.003530286138981791,0.002601263470828688,0.0032515793385358605,0.004087699739873653,0.002601263470828688,0.0018580453363062058,0.0018580453363062058,0.001579338535860275,0.0019509476031215162,0.002601263470828688,0.0018580453363062058,0.0016722408026755853,0.0011148272017837235,0.0018580453363062058,0.0023225566703827575,0.001300631735414344,0.002508361204013378,0.001579338535860275,0.0016722408026755853,0.0014864362690449647,0.0008361204013377926,0.0008361204013377926,0.011984392419175028
welding_0006_18-35-43_p3,0.1118659420289855,0.1326237922705314,0.09269323671497584,0.06272644927536232,0.042798913043478264,0.036684782608695655,0.02717391304347826,0.02317330917874396,0.017285628019323672,0.018568840579710144,0.016530797101449276,0.015247584541062802,0.013888888888888888,0.012530193236714976,0.011020531400966184,0.0116243961352657,0.01373792270531401,0.014341787439613526,0.014039855072463768,0.013134057971014492,0.014190821256038648,0.014039855072463768,0.010492149758454106,0.007472826086956522,0.008982487922705314,0.00785024154589372,0.006265096618357488,0.0080012077294686,0.006642512077294686,0.007548309178743961,0.007019927536231884,0.006340579710144928,0.007397342995169082,0.008303140096618358,0.007397342995169082,0.007623792270531401,0.007019927536231884,0.006793478260869565,0.005283816425120773,0.007095410628019324,0.006038647342995169,0.007548309178743961,0.008831521739130434,0.008831521739130434,0.0038496376811594205,0.003170289855072464,0.00392512077294686,0.004453502415458937,0.0018870772946859903,0.0030193236714975845,0.0022644927536231885,0.002490942028985507,0.001585144927536232,0.002943840579710145,0.00196256038647343,0.00196256038647343,0.001358695652173913,0.00196256038647343,0.0018870772946859903,0.0015096618357487923,0.0018115942028985507,0.00196256038647343,0.0010567632850241545,0.06023550724637681
welding_0006_18-35-43_p4,0.0722495894909688,0.08333333333333333,0.07423371647509579,0.07293377120963328,0.0738232074438971,0.08333333333333333,0.07450738916256158,0.05603448275862069,0.04077723043240285,0.03222495894909688,0.025725232621784347,0.025109469074986318,0.02175697865353038,0.01833607006020799,0.0166256157635468,0.012110016420361249,0.014778325123152709,0.011973180076628353,0.012246852764094143,0.01087848932676519,0.009783798576902026,0.008894362342638205,0.00841543513957307,0.006841817186644773,0.006499726327312534,0.008073344280240832,0.006157635467980296,0.005952380952380952,0.0049261083743842365,0.0049261083743842365,0.004378762999452655,0.004105090311986864,0.004036672140120416,0.002326217843459223,0.003694581280788177,0.004310344827586207,0.001984126984126984,0.0026683087027914616,0.0025998905309250137,0.0021893814997263274,0.0012315270935960591,0.0014367816091954023,0.0029419813902572525,0.0010946907498631637,0.0014367816091954023,0.0019157088122605363,0.0015736179529282977,0.002257799671592775,0.0008894362342638204,0.0008210180623973727,0.0005473453749315818,0.0015736179529282977,0.0012999452654625068,0.0021209633278598795,0.0010946907498631637,0.001026272577996716,0.0008210180623973727,0.0005473453749315818,0.0008210180623973727,0.0004789272030651341,0.0006841817186644773,0.0004789272030651341,0.00041050903119868636,0.03674055829228243
welding_0006_18-35-43_p5,0.023137019230769232,0.03195112179487179,0.03886217948717949,0.040865384615384616,0.03976362179487179,0.04296875,0.03806089743589743,0.03545673076923077,0.033353365384615384,0.03876201923076923,0.03515625,0.031149839743589744,0.027243589743589744,0.022936698717948716,0.018129006410256412,0.019731570512820512,0.024739583333333332,0.022235576923076924,0.02283653846153846,0.018830128205128204,0.018129006410256412,0.018629807692307692,0.01672676282051282,0.020232371794871796,0.019631410256410256,0.020933493589743588,0.024839743589743588,0.023537660256410256,0.021133814102564104,0.01953125,0.02013221153846154,0.018629807692307692,0.01672676282051282,0.015825320512820512,0.013822115384615384,0.010717147435897436,0.008613782051282052,0.005909455128205128,0.005809294871794872,0.006911057692307692,0.004306891025641026,0.004507211538461538,0.003405448717948718,0.003205128205128205,0.004106570512820513,0.0031049679487179485,0.002904647435897436,0.004206730769230769,0.001702724358974359,0.002003205128205128,0.002203525641025641,0.0018028846153846155,0.0016025641025641025,0.001702724358974359,0.0021033653846153845,0.002203525641025641,0.0015024038461538462,0.002403846153846154,0.001702724358974359,0.0015024038461538462,0.001702724358974359,0.0009014423076923077,0.0006009615384615385,0.01201923076923077
welding_0006_18-35-43_p6,0.02748447204968944,0.05217391304347826,0.06669254658385093,0.07763975155279502,0.07204968944099378,0.06770186335403727,0.09596273291925465,0.06110248447204969,0.05007763975155279,0.03664596273291926,0.025698757763975157,0.02003105590062112,0.01684782608695652,0.013819875776397516,0.012422360248447204,0.009782608695652175,0.01063664596273292,0.008074534161490683,0.006288819875776398,0.005745341614906832,0.004891304347826087,0.005357142857142857,0.004192546583850931,0.0038819875776397515,0.004813664596273292,0.004813664596273292,0.004270186335403727,0.0038819875776397515,0.0036490683229813666,0.0036490683229813666,0.004114906832298136,0.0038819875776397515,0.004192546583850931,0.004037267080745342,0.0033385093167701864,0.0027950310559006213,0.002717391304347826,0.002639751552795031,0.0034937888198757765,0.004736024844720497,0.002329192546583851,0.003027950310559006,0.0038819875776397515,0.0019409937888198758,0.002717391304347826,0.004114906832298136,0.0034937888198757765,0.004813664596273292,0.002329192546583851,0.0022515527950310557,0.0033385093167701864,0.004037267080745342,0.004114906832298136,0.004968944099378882,0.004425465838509317,0.0027950310559006213,0.0013198757763975156,0.002639751552795031,0.0011645962732919255,0.0016304347826086956,0.0013198757763975156,0.0016304347826086956,0.0007763975155279503,0.1187111801242236
welding_0007_17-38-16_p0,0.03934800664451827,0.08983942414174972,0.11735188261351052,0.09364617940199335,0.13468992248062014,0.13655869324473977,0.08547895902547065,0.05467884828349945,0.048795681063122924,0.036544850498338874,0.025643687707641197,0.016715116279069766,0.011385658914728682,0.00865171650055371,0.00744047619047619,0.00636766334440753,0.005813953488372093,0.005017995570321151,0.0048449612403100775,0.004948781838316722,0.0043950719822812845,0.0033222591362126247,0.0037721483942414176,0.003391472868217054,0.0038067552602436324,0.0053640642303433,0.005813953488372093,0.0035991140642303433,0.001937984496124031,0.0019725913621262458,0.0017995570321151717,0.0014188815060908085,0.0011074197120708748,0.001315060908084164,0.0009343853820598007,0.0012112403100775194,0.0007613510520487265,0.0009689922480620155,0.0008651716500553709,0.0008305647840531562,0.0006229235880398671,0.0011766334440753046,0.0009343853820598007,0.000657530454042082,0.0004498892580287929,0.00048449612403100775,0.0005191029900332226,0.0005191029900332226,0.00048449612403100775,0.0003460686600221484,0.00031146179401993354,0.00031146179401993354,0.00031146179401993354,0.00024224806201550387,0.0004498892580287929,0.00031146179401993354,0.0004498892580287929,0.00038067552602436325,0.00024224806201550387,0.00010382059800664452,0.00031146179401993354,0.00010382059800664452,0.00010382059800664452,0.007821151716500553
welding_0007_17-38-16_p1,0.03594619666048238,0.11688311688311688,0.14347557204700062,0.09175943104514533,0.09423314780457638,0.08812615955473098,0.06292517006802721,0.06810451453308596,0.03826530612244898,0.02558750773036487,0.018320964749536178,0.015228818800247372,0.013914656771799629,0.0095856524427953,0.008503401360544218,0.006261595547309833,0.00502473716759431,0.006570810142238714,0.005720470006184292,0.005720470006184292,0.00471552257266543,0.005411255411255411,0.00487012987012987,0.005179344465058751,0.00471552257266543,0.005256648113790971,0.00463821892393321,0.004251700680272109,0.0035559678416821274,0.004329004329004329,0.002319109461966605,0.003942486085343228,0.0031694495980210268,0.003478664192949907,0.0026283240568954853,0.0033240568954854667,0.0027056277056277055,0.0020871985157699443,0.002009894867037724,0.002551020408163265,0.001468769325912183,0.0021645021645021645,0.0020871985157699443,0.0020871985157699443,0.0011595547309833025,0.0016233766233766235,0.0013141620284477427,0.002009894867037724,0.0010822510822510823,0.0007730364873222016,0.0016233766233766235,0.0020871985157699443,0.0013141620284477427,0.0013141620284477427,0.0015460729746444033,0.0009276437847866419,0.001004947433518862,0.0009276437847866419,0.0015460729746444033,0.0010822510822510823,0.0010822510822510823,0.0006957328385899814,0.00023191094619666049,0.03354978354978355
welding_0007_17-38-16_p2,0.03415144596651446,0.0992199391171994,0.20024733637747336,0.11463089802130898,0.08818493150684932,0.11158675799086758,0.0791476407914764,0.05555555555555555,0.050038051750380515,0.029014459665144595,0.01845509893455099,0.011225266362252663,0.008561643835616438,0.005802891933028919,0.0052321156773211565,0.003519786910197869,0.003519786910197869,0.003424657534246575,0.0036149162861491627,0.0025684931506849314,0.0028538812785388126,0.001997716894977169,0.0024733637747336376,0.0012366818873668188,0.001997716894977169,0.0028538812785388126,0.001902587519025875,0.0020928462709284626,0.0016171993911719938,0.0018074581430745813,0.0017123287671232876,0.0024733637747336376,0.0012366818873668188,0.0016171993911719938,0.0010464231354642313,0.0024733637747336376,0.0021879756468797563,0.001997716894977169,0.0016171993911719938,0.002663622526636225,0.0024733637747336376,0.004375951293759513,0.0029490106544901064,0.003139269406392694,0.003139269406392694,0.00228310502283105,0.0008561643835616438,0.001141552511415525,0.0009512937595129375,0.00047564687975646877,0.0005707762557077625,0.0001902587519025875,0.000380517503805175,0.0001902587519025875,0.0001902587519025875,0.00047564687975646877,0.00047564687975646877,0.0005707762557077625,9.512937595129375e-05,0.0001902587519025875,0.000380517503805175,0.00028538812785388126,0.00028538812785388126,0.0063736681887366815
welding_0007_17-38-16_p3,0.02876458112407211,0.10670731707317073,0.16556203605514316,0.11360021208907742,0.11015376458112407,0.14501590668080594,0.06985683987274656,0.04480381760339343,0.04387592788971368,0.025980911983032873,0.013785790031813362,0.008483563096500531,0.007820784729586427,0.005965005302226935,0.006495227995758218,0.0042417815482502655,0.003711558854718982,0.004109225874867444,0.0035790031813361612,0.003181336161187699,0.0033138918345705197,0.0027836691410392366,0.0029162248144220574,0.0017232237539766702,0.0023860021208907743,0.003711558854718982,0.0021208907741251328,0.0023860021208907743,0.0014581124072110287,0.001855779427359491,0.0023860021208907743,0.0029162248144220574,0.001325556733828208,0.0017232237539766702,0.0009278897136797455,0.0021208907741251328,0.0017232237539766702,0.0019883351007423116,0.0019883351007423116,0.0034464475079533405,0.003048780487804878,0.004506892895015907,0.0038441145281018028,0.0034464475079533405,0.003048780487804878,0.003048780487804878,0.0011930010604453872,0.001325556733828208,0.001325556733828208,0.0005302226935312832,0.0009278897136797455,0.0002651113467656416,0.0005302226935312832,0.0001325556733828208,0.0002651113467656416,0.000662778366914104,0.000662778366914104,0.0007953340402969247,0.0001325556733828208,0.0002651113467656416,0.0005302226935312832,0.00039766702014846237,0.00039766702014846237,0.007820784729586427
welding_0007_17-38-16_p4,0.08333333333333333,0.10172872340425532,0.09519060283687943,0.1271054964539007,0.10427748226950355,0.11724290780141844,0.10460992907801418,0.08178191489361702,0.0495345744680851,0.028257978723404256,0.021165780141843973,0.01761968085106383,0.01363031914893617,0.007867907801418439,0.0042109929078014184,0.004543439716312056,0.004986702127659575,0.004321808510638298,0.003324468085106383,0.0024379432624113476,0.002327127659574468,0.0024379432624113476,0.0016622340425531915,0.0017730496453900709,0.0005540780141843972,0.0011081560283687944,0.0013297872340425532,0.0005540780141843972,0.0003324468085106383,0.0015514184397163121,0.0005540780141843972,0.0005540780141843972,0.0008865248226950354,0.0012189716312056738,0.0005540780141843972,0.00011081560283687943,0.0004432624113475177,0.0004432624113475177,0.00022163120567375886,0.0006648936170212766,0.00011081560283687943,0.0004432624113475177,0.00022163120567375886,0.00011081560283687943,0.00022163120567375886,0.00011081560283687943,0.00022163120567375886,0.00011081560283687943,0.00022163120567375886,0.0,0.0,0.0,0.0,0.00022163120567375886,0.0,0.00011081560283687943,0.00022163120567375886,0.00011081560283687943,0.0003324468085106383,0.00022163120567375886,0.0,0.0,0.0,0.0005540780141843972
welding_0007_17-38-22_p0,0.006282051282051282,0.020641025641025643,0.03641025641025641,0.02782051282051282,0.04461538461538461,0.062051282051282054,0.07974358974358975,0.04153846153846154,0.03230769230769231,0.032435897435897434,0.03012820512820513,0.02564102564102564,0.02141025641025641,0.023974358974358973,0.023717948717948717,0.027564102564102563,0.027692307692307693,0.02564102564102564,0.02141025641025641,0.019358974358974358,0.022564102564102566,0.01730769230769231,0.019358974358974358,0.016923076923076923,0.012564102564102564,0.018333333333333333,0.015897435897435898,0.018076923076923077,0.01653846153846154,0.013205128205128204,0.014487179487179487,0.012051282051282051,0.010128205128205128,0.011923076923076923,0.006666666666666667,0.008461538461538461,0.00782051282051282,0.006923076923076923,0.007564102564102564,0.006025641025641026,0.004615384615384616,0.006538461538461538,0.005897435897435898,0.0056410256410256415,0.004615384615384616,0.004358974358974359,0.004358974358974359,0.006282051282051282,0.002948717948717949,0.004358974358974359,0.002948717948717949,0.002692307692307692,0.002692307692307692,0.0033333333333333335,0.002948717948717949,0.0028205128205128207,0.0016666666666666668,0.0016666666666666668,0.001153846153846154,0.0014102564102564104,0.0021794871794871794,0.0010256410256410256,0.0010256410256410256,0.029615384615384616
welding_0007_17-38-22_p1,0.017361111111111112,0.01986111111111111,0.02236111111111111,0.029583333333333333,0.032916666666666664,0.04555555555555556,0.06125,0.06055555555555556,0.049444444444444444,0.04694444444444444,0.03958333333333333,0.03763888888888889,0.02763888888888889,0.02375,0.020972222222222222,0.0225,0.025555555555555557,0.025416666666666667,0.021388888888888888,0.019166666666666665,0.01972222222222222,0.015416666666666667,0.017222222222222222,0.016805555555555556,0.021111111111111112,0.020972222222222222,0.019583333333333335,0.018194444444444444,0.01597222222222222,0.014305555555555556,0.01125,0.009722222222222222,0.010277777777777778,0.0059722222222222225,0.006944444444444444,0.005694444444444445,0.0075,0.005833333333333334,0.005,0.0038888888888888888,0.004027777777777778,0.003472222222222222,0.0043055555555555555,0.004861111111111111,0.004166666666666667,0.0030555555555555557,0.0031944444444444446,0.0031944444444444446,0.001388888888888889,0.002777777777777778,0.0018055555555555555,0.002361111111111111,0.002361111111111111,0.0018055555555555555,0.002777777777777778,0.0009722222222222222,0.0015277777777777779,0.0015277777777777779,0.0015277777777777779,0.00125,0.00125,0.0008333333333333334,0.0006944444444444445,0.04402777777777778
welding_0007_17-38-22_p2,0.003959276018099547,0.010294117647058823,0.01595022624434389,0.023529411764705882,0.024547511312217194,0.03585972850678733,0.04502262443438914,0.041402714932126695,0.030542986425339366,0.03178733031674208,0.03597285067873303,0.035520361990950225,0.03947963800904977,0.030090497737556562,0.032692307692307694,0.028846153846153848,0.023642533936651583,0.02737556561085973,0.02839366515837104,0.025791855203619908,0.028846153846153848,0.025678733031674207,0.025791855203619908,0.02183257918552036,0.024547511312217194,0.019683257918552036,0.0168552036199095,0.0167420814479638,0.016402714932126698,0.0166289592760181,0.014819004524886877,0.01425339366515837,0.015384615384615385,0.01165158371040724,0.01097285067873303,0.008031674208144796,0.008484162895927601,0.007692307692307693,0.008823529411764706,0.007126696832579185,0.004411764705882353,0.0048642533936651584,0.005316742081447964,0.00667420814479638,0.003959276018099547,0.004072398190045249,0.003733031674208145,0.004977375565610859,0.0030542986425339366,0.0058823529411764705,0.0022624434389140274,0.0032805429864253394,0.0023755656108597283,0.0030542986425339366,0.0020361990950226246,0.0020361990950226246,0.0010180995475113123,0.0018099547511312218,0.002601809954751131,0.0012443438914027148,0.002149321266968326,0.0023755656108597283,0.0005656108597285068,0.03529411764705882
welding_0007_17-38-22_p3,0.006097560975609756,0.03281068524970964,0.04936120789779326,0.054878048780487805,0.0586527293844367,0.047038327526132406,0.06300813008130081,0.05836236933797909,0.10801393728222997,0.0856562137049942,0.06997677119628339,0.07346109175377467,0.06039488966318235,0.03861788617886179,0.02613240418118467,0.027874564459930314,0.028164924506387922,0.018873403019744484,0.01596980255516841,0.008710801393728223,0.009872241579558653,0.009001161440185831,0.003774680603948897,0.003193960511033682,0.0029036004645760743,0.004645760743321719,0.0023228803716608595,0.003193960511033682,0.0029036004645760743,0.0005807200929152149,0.0014518002322880372,0.0008710801393728223,0.0011614401858304297,0.00029036004645760743,0.0023228803716608595,0.0005807200929152149,0.0011614401858304297,0.0017421602787456446,0.0005807200929152149,0.0008710801393728223,0.0011614401858304297,0.00029036004645760743,0.0005807200929152149,0.0005807200929152149,0.00029036004645760743,0.0,0.0,0.0005807200929152149,0.0005807200929152149,0.00029036004645760743,0.0,0.0,0.0005807200929152149,0.00029036004645760743,0.0005807200929152149,0.0,0.0008710801393728223,0.0005807200929152149,0.0,0.0,0.0,0.0,0.00029036004645760743,0.006968641114982578
welding_0007_17-38-22_p4,0.2275,0.14125,0.09541666666666666,0.057916666666666665,0.04875,0.03333333333333333,0.0275,0.023333333333333334,0.022916666666666665,0.020833333333333332,0.015833333333333335,0.015833333333333335,0.019583333333333335,0.017916666666666668,0.015416666666666667,0.0125,0.007916666666666667,0.01375,0.008333333333333333,0.005833333333333334,0.00625,0.00875,0.00875,0.004583333333333333,0.004583333333333333,0.004166666666666667,0.007916666666666667,0.00625,0.0025,0.005,0.0033333333333333335,0.0033333333333333335,0.005,0.002916666666666667,0.00375,0.002916666666666667,0.00375,0.0025,0.0008333333333333334,0.0033333333333333335,0.0025,0.0016666666666666668,0.0033333333333333335,0.0025,0.0025,0.0025,0.0008333333333333334,0.0016666666666666668,0.0020833333333333333,0.0020833333333333333,0.00125,0.004166666666666667,0.0025,0.00375,0.0033333333333333335,0.0008333333333333334,0.0016666666666666668,0.0008333333333333334,0.00125,0.0004166666666666667,0.0008333333333333334,0.0008333333333333334,0.0,0.034583333333333334
welding_0007_17-38-22_p5,0.034954407294832825,0.04525498142519419,0.05521783181357649,0.05015197568389058,0.04913880445795339,0.03883823032759203,0.037740628166160084,0.03351908139142182,0.028706518068220197,0.025160418777440054,0.022965214454576156,0.022796352583586626,0.025160418777440054,0.02524484971293482,0.02524484971293482,0.021783181357649443,0.024231678486997636,0.02313407632556569,0.022458628841607566,0.021361026680175615,0.023556231003039513,0.02397838568051334,0.02093887200270179,0.020347855454238433,0.025835866261398176,0.022120905099628503,0.016210739614994935,0.017477203647416412,0.01325565687267815,0.014690982776089158,0.009793988517392773,0.011144883485309016,0.01004728132387707,0.006163458291117865,0.007598784194528876,0.006838905775075988,0.006163458291117865,0.005403579871664978,0.004643701452212091,0.005150287065180682,0.00303951367781155,0.0037149611617696724,0.004896994258696386,0.0035460992907801418,0.0035460992907801418,0.0028706518068220195,0.0042215467747382645,0.003883823032759203,0.0018574805808848362,0.003377237419790611,0.0016041877744005404,0.003377237419790611,0.0019419115163796016,0.002617359000337724,0.002448497129348193,0.002448497129348193,0.002026342451874367,0.0006754474839581223,0.0016886187098953055,0.0017730496453900709,0.0012664640324214793,0.0010131712259371835,0.0005065856129685917,0.03723404255319149
welding_0007_17-38-22_p6,0.18716755319148937,0.1163563829787234,0.08643617021276596,0.078125,0.08809840425531915,0.06715425531914894,0.0511968085106383,0.03889627659574468,0.024601063829787235,0.021941489361702128,0.016622340425531915,0.018284574468085107,0.017287234042553192,0.01795212765957447,0.018949468085106384,0.011968085106382979,0.010970744680851064,0.010638297872340425,0.00964095744680851,0.006648936170212766,0.004654255319148936,0.005651595744680851,0.003324468085106383,0.0019946808510638296,0.0036569148936170214,0.0029920212765957447,0.003324468085106383,0.0029920212765957447,0.002327127659574468,0.003989361702127659,0.0029920212765957447,0.0016622340425531915,0.0036569148936170214,0.0016622340425531915,0.0009973404255319148,0.0019946808510638296,0.002327127659574468,0.0019946808510638296,0.0019946808510638296,0.0013297872340425532,0.0009973404255319148,0.0003324468085106383,0.0036569148936170214,0.0009973404255319148,0.0006648936170212766,0.0016622340425531915,0.0009973404255319148,0.0009973404255319148,0.0009973404255319148,0.0003324468085106383,0.0003324468085106383,0.0009973404255319148,0.0003324468085106383,0.0013297872340425532,0.0009973404255319148,0.0,0.0009973404255319148,0.0006648936170212766,0.0,0.0,0.0003324468085106383,0.0006648936170212766,0.0,0.02726063829787234
welding_0007_17-38-22_p7,0.023484848484848483,0.04659090909090909,0.045075757575757575,0.04924242424242424,0.03901515151515152,0.03901515151515152,0.03333333333333333,0.03446969696969697,0.025,0.03333333333333333,0.02462121212121212,0.028409090909090908,0.032196969696969696,0.029545454545454545,0.019696969696969695,0.017045454545454544,0.023106060606060606,0.020833333333333332,0.017803030303030303,0.02196969696969697,0.023484848484848483,0.022727272727272728,0.02234848484848485,0.023484848484848483,0.025757575757575757,0.022727272727272728,0.020833333333333332,0.01553030303030303,0.014772727272727272,0.012878787878787878,0.009848484848484848,0.007575757575757576,0.010606060606060607,0.007196969696969697,0.005681818181818182,0.007575757575757576,0.006818181818181818,0.007575757575757576,0.006060606060606061,0.005303030303030303,0.005303030303030303,0.004545454545454545,0.0030303030303030303,0.004545454545454545,0.005303030303030303,0.0030303030303030303,0.003409090909090909,0.003409090909090909,0.0015151515151515152,0.0030303030303030303,0.001893939393939394,0.0022727272727272726,0.0007575757575757576,0.001893939393939394,0.004166666666666667,0.0015151515151515152,0.0015151515151515152,0.003409090909090909,0.0022727272727272726,0.001893939393939394,0.0011363636363636363,0.0007575757575757576,0.0015151515151515152,0.055303030303030305
welding_0007_17-38-22_p8,0.002903225806451613,0.008709677419354838,0.01064516129032258,0.020967741935483872,0.011935483870967743,0.024516129032258065,0.023548387096774193,0.02935483870967742,0.027096774193548386,0.03096774193548387,0.046129032258064515,0.05419354838709677,0.06290322580645161,0.04129032258064516,0.04096774193548387,0.025806451612903226,0.020967741935483872,0.027096774193548386,0.025806451612903226,0.022258064516129033,0.026451612903225806,0.022258064516129033,0.01967741935483871,0.014516129032258065,0.020967741935483872,0.015161290322580645,0.015806451612903227,0.011935483870967743,0.01064516129032258,0.013548387096774193,0.011612903225806452,0.008709677419354838,0.012580645161290323,0.011612903225806452,0.01,0.007741935483870968,0.01032258064516129,0.01064516129032258,0.013870967741935483,0.00935483870967742,0.007419354838709678,0.0064516129032258064,0.00967741935483871,0.011935483870967743,0.0070967741935483875,0.007419354838709678,0.006129032258064516,0.0070967741935483875,0.0070967741935483875,0.008387096774193548,0.005161290322580645,0.005483870967741935,0.002903225806451613,0.005483870967741935,0.0022580645161290325,0.0022580645161290325,0.0016129032258064516,0.003870967741935484,0.0035483870967741938,0.001935483870967742,0.0022580645161290325,0.0016129032258064516,0.000967741935483871,0.04645161290322581
welding_0007_17-38-22_p9,0.04908036785285886,0.10235905637744902,0.10735705717712915,0.07966813274690124,0.05797680927628948,0.0392842862854858,0.028188724510195922,0.028388644542183126,0.030287884846061576,0.032686925229908036,0.023190723710515795,0.027289084366253498,0.02808876449420232,0.027289084366253498,0.02189124350259896,0.020091963214714115,0.023290683726509397,0.022491003598560575,0.020891643342662934,0.02059176329468213,0.015393842463014795,0.014994002399040383,0.015093962415033987,0.011495401839264294,0.012994802079168333,0.010795681727309077,0.007297081167532987,0.008796481407437025,0.0054978008796481405,0.006397441023590564,0.005397840863654539,0.003598560575769692,0.007197121151539384,0.0037984806077568972,0.004998000799680128,0.0038984406237505,0.003698520591763295,0.003698520591763295,0.00429828068772491,0.004398240703718513,0.0009996001599360256,0.001799280287884846,0.002499000399840064,0.0013994402239104358,0.002499000399840064,0.0023990403838464614,0.0016993202718912435,0.0026989204318272693,0.0005997600959616154,0.0013994402239104358,0.0011995201919232307,0.002299080367852859,0.0012994802079168333,0.0023990403838464614,0.0013994402239104358,0.0006997201119552179,0.0016993202718912435,0.0006997201119552179,0.0012994802079168333,0.0010995601759296281,0.0005997600959616154,0.00019992003198720512,0.00019992003198720512,0.022790883646541384
welding_0007_18-06-30_p0,0.07516339869281045,0.08069381598793364,0.08559577677224736,0.08138511814982403,0.10910005027652087,0.08741830065359477,0.0713298139768728,0.057252388134741074,0.031737053795877324,0.022058823529411766,0.01740824534942182,0.013071895424836602,0.014894419306184013,0.016402714932126698,0.012380593262946204,0.010935143288084464,0.01715686274509804,0.008484162895927601,0.004399195575666164,0.0026395173453996985,0.0027023629964806435,0.004587732528909,0.0028908999497234793,0.001256913021618904,0.0022624434389140274,0.005153343388637506,0.0027023629964806435,0.0016339869281045752,0.0016968325791855204,0.002576671694318753,0.0015082956259426848,0.0058446455505279035,0.002513826043237808,0.0006913021618903972,0.00157114127702363,0.002136752136752137,0.0011940673705379589,0.0015082956259426848,0.0023881347410759177,0.0023881347410759177,0.0008798391151332328,0.0004399195575666164,0.00773001508295626,0.0008169934640522876,0.0013826043237807944,0.0033308195072900954,0.00157114127702363,0.003582202111613876,0.0003770739064856712,0.0016339869281045752,0.0006913021618903972,0.001885369532428356,0.0011312217194570137,0.005467571644042232,0.0030165912518853697,0.0011312217194570137,0.0018225238813474108,0.000942684766214178,0.0005656108597285068,0.0004399195575666164,0.00025138260432378077,0.0003770739064856712,0.0001885369532428356,0.0916289592760181
welding_0007_18-06-30_p1,0.07057057057057058,0.07387387387387387,0.08903903903903904,0.09602102102102102,0.07357357357357357,0.07124624624624624,0.05277777777777778,0.03558558558558558,0.02192192192192192,0.017417417417417418,0.01418918918918919,0.01539039039039039,0.013138138138138139,0.011786786786786787,0.015765765765765764,0.010810810810810811,0.012912912912912912,0.012312312312312312,0.010885885885885885,0.006456456456456456,0.00518018018018018,0.006831831831831832,0.007432432432432433,0.00563063063063063,0.006606606606606606,0.008633633633633633,0.007357357357357357,0.0063813813813813815,0.008183183183183184,0.009834834834834836,0.008408408408408409,0.011861861861861863,0.009984984984984985,0.0076576576576576575,0.007207207207207207,0.008258258258258258,0.005855855855855856,0.006906906906906907,0.008558558558558558,0.004204204204204204,0.0024774774774774773,0.003078078078078078,0.01096096096096096,0.002777777777777778,0.002627627627627628,0.0033783783783783786,0.0015765765765765765,0.0036036036036036037,0.0014264264264264265,0.0014264264264264265,0.000975975975975976,0.0022522522522522522,0.0012012012012012011,0.003153153153153153,0.0024024024024024023,0.001951951951951952,0.0008258258258258258,0.0006006006006006006,0.0006006006006006006,0.0006756756756756757,0.0003003003003003003,0.0003003003003003003,0.00015015015015015014,0.07462462462462463
welding_0007_18-06-30_p2,0.0035890073831009025,0.004101722723543888,0.014868744872846595,0.06737079573420837,0.09259639048400328,0.14878999179655455,0.15627563576702214,0.12325676784249384,0.0736259228876128,0.03589007383100903,0.028096800656275636,0.019790812141099262,0.015894175553732567,0.014048400328137818,0.012305168170631665,0.009023789991796555,0.00810090237899918,0.007793273174733388,0.005947497949138638,0.006050041017227235,0.006050041017227235,0.005127153404429861,0.005537325676784249,0.0061525840853158325,0.004922067268252666,0.004614438063986874,0.0047169811320754715,0.003896636587366694,0.003896636587366694,0.003486464315012305,0.002973748974569319,0.0030762920426579163,0.0031788351107465136,0.003383921246923708,0.003281378178835111,0.0026661197703035273,0.0017432321575061526,0.0027686628383921247,0.0026661197703035273,0.003383921246923708,0.0018457752255947497,0.0021534044298605415,0.002461033634126333,0.0026661197703035273,0.0013330598851517637,0.002255947497949139,0.002050861361771944,0.0027686628383921247,0.001435602953240361,0.0018457752255947497,0.0018457752255947497,0.002461033634126333,0.0023584905660377358,0.0016406890894175555,0.0027686628383921247,0.0017432321575061526,0.0015381460213289581,0.0012305168170631665,0.0018457752255947497,0.0009228876127973749,0.001025430680885972,0.0018457752255947497,0.0016406890894175555,0.031378178835110744
welding_0007_18-19-57_p0,0.014583333333333334,0.049479166666666664,0.09153645833333333,0.15221354166666667,0.140625,0.08932291666666667,0.07994791666666666,0.04401041666666667,0.024479166666666666,0.021223958333333334,0.0203125,0.017317708333333334,0.015494791666666667,0.0140625,0.015494791666666667,0.010677083333333334,0.011328125,0.010546875,0.008723958333333334,0.0109375,0.009505208333333333,0.011458333333333333,0.009505208333333333,0.007552083333333333,0.007552083333333333,0.005208333333333333,0.0033854166666666668,0.002864583333333333,0.004296875,0.002864583333333333,0.003515625,0.0032552083333333335,0.00234375,0.00234375,0.002994791666666667,0.0022135416666666666,0.003125,0.0036458333333333334,0.003125,0.0037760416666666667,0.0026041666666666665,0.00234375,0.001171875,0.00234375,0.0022135416666666666,0.0022135416666666666,0.0013020833333333333,0.00234375,0.0020833333333333333,0.001171875,0.0018229166666666667,0.0013020833333333333,0.0006510416666666666,0.0014322916666666666,0.001171875,0.0016927083333333334,0.0013020833333333333,0.000390625,0.00234375,0.0009114583333333333,0.0009114583333333333,0.0005208333333333333,0.0006510416666666666,0.028255208333333334
welding_0007_18-19-57_p1,0.0035135135135135136,0.0037837837837837837,0.007297297297297297,0.014054054054054054,0.023693693693693695,0.023063063063063063,0.01756756756756757,0.01756756756756757,0.015945945945945946,0.018738738738738738,0.023513513513513513,0.027657657657657656,0.0336036036036036,0.03576576576576577,0.032972972972972976,0.034684684684684684,0.04612612612612613,0.04531531531531532,0.0472972972972973,0.04873873873873874,0.03009009009009009,0.023603603603603602,0.024594594594594593,0.022342342342342343,0.02153153153153153,0.025225225225225224,0.022252252252252254,0.023693693693693695,0.024054054054054055,0.023783783783783784,0.022612612612612614,0.024774774774774775,0.021981981981981983,0.02009009009009009,0.021351351351351352,0.018378378378378378,0.016396396396396395,0.01054054054054054,0.01,0.0076576576576576575,0.006486486486486486,0.004414414414414414,0.0045045045045045045,0.0037837837837837837,0.004234234234234234,0.003063063063063063,0.0033333333333333335,0.0036036036036036037,0.002702702702702703,0.002882882882882883,0.002882882882882883,0.0018018018018018018,0.002792792792792793,0.0015315315315315315,0.002072072072072072,0.0017117117117117118,0.0014414414414414415,0.001981981981981982,0.0012612612612612612,0.000990990990990991,0.0009009009009009009,0.0002702702702702703,0.0005405405405405405,0.004954954954954955
welding_0007_18-19-57_p2,0.007103218645948946,0.007658157602663707,0.006437291897891232,0.007491675915649278,0.011820199778024417,0.018423973362930078,0.03102108768035516,0.05210876803551609,0.0769700332963374,0.08479467258601554,0.07075471698113207,0.048779134295227525,0.03784683684794673,0.033851276359600446,0.029689234184239733,0.02830188679245283,0.026803551609322976,0.031576026637069925,0.03235294117647059,0.033851276359600446,0.02946725860155383,0.02857935627081021,0.03201997780244173,0.02957824639289678,0.026082130965593784,0.02180910099889012,0.021642619311875694,0.0195338512763596,0.013207547169811321,0.011265260821309657,0.009100998890122086,0.00904550499445061,0.009988901220865706,0.008490566037735849,0.006548279689234184,0.005493895671476137,0.004827968923418424,0.005660377358490566,0.004827968923418424,0.003329633740288568,0.004051054384017758,0.002774694783573807,0.0021642619311875696,0.001664816870144284,0.000832408435072142,0.0013318534961154272,0.0010543840177580466,0.0008879023307436182,0.0006104328523862375,0.0006659267480577136,0.0006104328523862375,0.0004994450610432853,0.0005549389567147614,0.0004994450610432853,0.00022197558268590456,0.00038845726970033296,0.0001664816870144284,0.00022197558268590456,0.0001664816870144284,0.0002774694783573807,0.00022197558268590456,0.0001664816870144284,0.0001664816870144284,0.001664816870144284
welding_0007_18-19-57_p3,0.0023209549071618036,0.005305039787798408,0.01215738284703802,0.01845711759504863,0.029398762157382848,0.047192749778956676,0.04221927497789567,0.03326702033598585,0.029067197170645445,0.02564102564102564,0.023430592396109638,0.03205128205128205,0.028846153846153848,0.02674624226348364,0.026525198938992044,0.023209549071618037,0.026856763925729443,0.024093722369584437,0.03614058355437666,0.03801945181255526,0.03691423519009726,0.030614500442086648,0.030393457117595047,0.03138815207780725,0.028846153846153848,0.027188328912466843,0.023209549071618037,0.01934129089301503,0.02309902740937224,0.022656940760389037,0.027409372236958444,0.022767462422634836,0.024093722369584437,0.021441202475685234,0.01790450928381963,0.01182581786030062,0.010389036251105217,0.008952254641909815,0.007847038019451812,0.006962864721485411,0.004752431476569408,0.0028735632183908046,0.0029840848806366046,0.0035366931918656055,0.0028735632183908046,0.001989389920424403,0.0017683465959328027,0.001215738284703802,0.000663129973474801,0.0008841732979664014,0.001326259946949602,0.0009946949602122016,0.0007736516357206013,0.0008841732979664014,0.0003315649867374005,0.0003315649867374005,0.000663129973474801,0.0003315649867374005,0.00022104332449160034,0.0009946949602122016,0.00022104332449160034,0.0003315649867374005,0.0,0.004862953138815208
welding_0007_18-19-57_p4,0.007725694444444445,0.019010416666666665,0.022743055555555555,0.022569444444444444,0.028125,0.03125,0.031336805555555555,0.02638888888888889,0.03159722222222222,0.02890625,0.02829861111111111,0.03810763888888889,0.03802083333333333,0.04670138888888889,0.04348958333333333,0.04192708333333333,0.035590277777777776,0.029253472222222222,0.02309027777777778,0.019618055555555555,0.020920138888888887,0.021180555555555557,0.021875,0.02248263888888889,0.023350694444444445,0.023003472222222224,0.022916666666666665,0.019097222222222224,0.022743055555555555,0.02309027777777778,0.01840277777777778,0.018836805555555555,0.017013888888888887,0.016493055555555556,0.014756944444444444,0.013020833333333334,0.011805555555555555,0.009722222222222222,0.009548611111111112,0.008333333333333333,0.00625,0.0032118055555555554,0.003732638888888889,0.0033854166666666668,0.002690972222222222,0.0026041666666666665,0.00234375,0.0024305555555555556,0.0026041666666666665,0.0015625,0.0016493055555555556,0.0013020833333333333,0.0011284722222222221,0.0006944444444444445,0.0008680555555555555,0.0006944444444444445,0.0008680555555555555,0.0011284722222222221,0.00078125,0.00034722222222222224,0.0006944444444444445,0.00078125,0.00043402777777777775,0.00546875
welding_0007_18-19-57_p5,0.04623824451410658,0.12578369905956113,0.12460815047021943,0.15086206896551724,0.179858934169279,0.1304858934169279,0.06974921630094044,0.0274294670846395,0.014890282131661442,0.011755485893416929,0.0109717868338558,0.009796238244514107,0.005877742946708464,0.005094043887147335,0.004310344827586207,0.0023510971786833857,0.004702194357366771,0.001959247648902821,0.0023510971786833857,0.0035266457680250786,0.001567398119122257,0.00274294670846395,0.001959247648902821,0.001567398119122257,0.001567398119122257,0.00274294670846395,0.0011755485893416929,0.00039184952978056425,0.0011755485893416929,0.0011755485893416929,0.00274294670846395,0.00039184952978056425,0.003134796238244514,0.0011755485893416929,0.00039184952978056425,0.001567398119122257,0.0007836990595611285,0.0023510971786833857,0.0011755485893416929,0.0011755485893416929,0.0007836990595611285,0.0,0.00039184952978056425,0.00039184952978056425,0.00039184952978056425,0.0011755485893416929,0.00039184952978056425,0.0,0.0007836990595611285,0.00039184952978056425,0.00039184952978056425,0.0023510971786833857,0.00039184952978056425,0.00039184952978056425,0.0011755485893416929,0.00039184952978056425,0.00039184952978056425,0.0,0.0007836990595611285,0.00039184952978056425,0.00039184952978056425,0.0,0.0,0.02468652037617555
welding_0007_18-35-43_p0,0.11935295832118915,0.14893617021276595,0.07526960069950452,0.046997959778490236,0.03694258233751093,0.03337219469542407,0.027105800058292044,0.02244243660740309,0.02273389682308365,0.02222384144564267,0.02295249198484407,0.017924803264354416,0.019309239288837075,0.016904692509472456,0.017050422617312738,0.015301661323229378,0.017414747886913436,0.014062955406587,0.0136986301369863,0.013334304867385603,0.010711162926260566,0.011658408627222384,0.008452346254736228,0.006412124744972311,0.009108131740017488,0.007650830661614689,0.007723695715534829,0.006412124744972311,0.005464879044010493,0.006776450014573011,0.004954823666569514,0.0056834742057709125,0.0077965607694549695,0.005173418828329933,0.006995045176333431,0.005902069367531332,0.006047799475371611,0.0052462838822500725,0.00684931506849315,0.004663363450888954,0.0034975225881667153,0.0048819586126493736,0.0048819586126493736,0.0038618478577674147,0.0040075779656076945,0.005537744097930632,0.004590498396968814,0.004299038181288254,0.0032060623724861556,0.004226173127368114,0.002331681725444477,0.003133197318566016,0.0018216263480034976,0.002331681725444477,0.0020402215097639173,0.0012387059166423784,0.0018944914019236375,0.002258816671524337,0.0028417371028854562,0.0024045467793646167,0.0017487612940833576,0.0011658408627222385,0.0018216263480034976,0.06696298455260857
welding_0007_18-35-43_p1,0.031047297297297296,0.030574324324324324,0.03618243243243243,0.052263513513513514,0.054527027027027025,0.04719594594594594,0.04628378378378378,0.04081081081081081,0.04263513513513514,0.037466216216216215,0.03327702702702703,0.03219594594594594,0.028412162162162163,0.026554054054054053,0.026554054054054053,0.026013513513513515,0.025506756756756756,0.02358108108108108,0.020405405405405405,0.016114864864864863,0.01418918918918919,0.014256756756756757,0.012297297297297297,0.009898648648648648,0.011824324324324325,0.010135135135135136,0.00972972972972973,0.008445945945945946,0.008614864864864865,0.008885135135135135,0.013277027027027027,0.005777027027027027,0.012635135135135134,0.01543918918918919,0.012567567567567568,0.010439189189189188,0.010574324324324324,0.010945945945945945,0.011925675675675675,0.01070945945945946,0.009898648648648648,0.006283783783783784,0.007736486486486486,0.005168918918918919,0.0041554054054054055,0.004256756756756757,0.0035472972972972975,0.0037162162162162164,0.0016216216216216215,0.0022972972972972973,0.0015878378378378379,0.0022972972972972973,0.001418918918918919,0.0024324324324324323,0.0026013513513513512,0.0018918918918918919,0.0019932432432432433,0.0015878378378378379,0.0022972972972972973,0.0014527027027027026,0.001081081081081081,0.001081081081081081,0.0006081081081081081,0.028817567567567568
welding_0007_18-35-43_p2,0.04552696078431372,0.08829656862745099,0.08174019607843137,0.07512254901960784,0.054901960784313725,0.04803921568627451,0.03768382352941176,0.030759803921568626,0.026409313725490196,0.025061274509803923,0.025122549019607844,0.01875,0.01881127450980392,0.01825980392156863,0.01948529411764706,0.016482843137254902,0.020098039215686276,0.015992647058823528,0.01568627450980392,0.016115196078431374,0.013174019607843137,0.013235294117647059,0.009926470588235294,0.00784313725490196,0.009375,0.007598039215686274,0.007659313725490196,0.007475490196078432,0.0058823529411764705,0.007169117647058823,0.005269607843137255,0.0058823529411764705,0.007475490196078432,0.0058823529411764705,0.007352941176470588,0.006188725490196078,0.005943627450980392,0.005269607843137255,0.006740196078431373,0.005392156862745098,0.00392156862745098,0.004840686274509804,0.005147058823529412,0.0036151960784313727,0.00392156862745098,0.005821078431372549,0.004595588235294118,0.005269607843137255,0.003125,0.004595588235294118,0.0025122549019607845,0.003982843137254902,0.0020833333333333333,0.0029411764705882353,0.002144607843137255,0.0017769607843137255,0.002022058823529412,0.00196078431372549,0.003125,0.0020833333333333333,0.0020833333333333333,0.000980392156862745,0.0013480392156862745,0.07702205882352942
welding_0007_18-35-43_p3,0.025091575091575093,0.024084249084249085,0.029395604395604395,0.04157509157509157,0.040018315018315015,0.03772893772893773,0.032783882783882785,0.03159340659340659,0.028663003663003662,0.028296703296703297,0.02893772893772894,0.034432234432234435,0.03250915750915751,0.03223443223443224,0.03406593406593406,0.03195970695970696,0.03663003663003663,0.034523809523809526,0.036813186813186814,0.032692307692307694,0.03195970695970696,0.02673992673992674,0.022344322344322345,0.020879120879120878,0.016666666666666666,0.019505494505494506,0.019413919413919414,0.02032967032967033,0.014926739926739927,0.01336996336996337,0.011263736263736264,0.01163003663003663,0.010805860805860806,0.007783882783882784,0.007967032967032966,0.00815018315018315,0.006501831501831502,0.005586080586080586,0.00467032967032967,0.00467032967032967,0.003021978021978022,0.003937728937728938,0.002380952380952381,0.002380952380952381,0.00402930402930403,0.0024725274725274724,0.0027472527472527475,0.003021978021978022,0.0018315018315018315,0.001098901098901099,0.002014652014652015,0.0016483516483516484,0.0014652014652014652,0.001098901098901099,0.0018315018315018315,0.0016483516483516484,0.0011904761904761906,0.001098901098901099,0.0011904761904761906,0.0008241758241758242,0.0003663003663003663,0.0011904761904761906,0.0003663003663003663,0.017948717948717947
welding_0007_18-35-43_p4,0.026923076923076925,0.03451417004048583,0.04089068825910931,0.044534412955465584,0.04251012145748988,0.04159919028340081,0.03319838056680162,0.026012145748987855,0.025303643724696356,0.029352226720647773,0.03785425101214575,0.03319838056680162,0.02925101214574899,0.030161943319838055,0.02874493927125506,0.026012145748987855,0.028238866396761132,0.02459514170040486,0.023785425101214574,0.021052631578947368,0.01720647773279352,0.018724696356275303,0.017611336032388663,0.018319838056680162,0.01659919028340081,0.021761133603238867,0.021153846153846155,0.02277327935222672,0.019736842105263157,0.02408906882591093,0.015587044534412956,0.014473684210526316,0.011639676113360324,0.012246963562753036,0.010425101214574899,0.010222672064777328,0.006781376518218624,0.007894736842105263,0.004453441295546558,0.005465587044534413,0.004858299595141701,0.006781376518218624,0.0038461538461538464,0.0027327935222672063,0.005060728744939271,0.0033400809716599192,0.0038461538461538464,0.003947368421052632,0.0015182186234817814,0.0019230769230769232,0.002631578947368421,0.002125506072874494,0.0015182186234817814,0.001417004048582996,0.0024291497975708503,0.0019230769230769232,0.0015182186234817814,0.001417004048582996,0.0012145748987854252,0.0011133603238866396,0.000708502024291498,0.0015182186234817814,0.0006072874493927126,0.017105263157894738
welding_0007_18-35-43_p5,0.06802360774818401,0.08784806295399515,0.07740617433414043,0.06393765133171912,0.062046004842615014,0.07672518159806295,0.07309322033898305,0.05455508474576271,0.03768159806295399,0.028223365617433414,0.028223365617433414,0.022548426150121065,0.024288740920096853,0.02050544794188862,0.01694915254237288,0.018916464891041162,0.02133777239709443,0.014073849878934624,0.011274213075060532,0.009155569007263923,0.00976089588377724,0.010063559322033898,0.008701573849878935,0.0064315980629539955,0.007793583535108959,0.007566585956416465,0.005599273607748184,0.005977602905569007,0.004842615012106538,0.005220944309927361,0.00423728813559322,0.003934624697336562,0.006658595641646489,0.003858958837772397,0.004918280871670702,0.0023456416464891043,0.0018159806295399517,0.00211864406779661,0.0029509685230024213,0.0029509685230024213,0.0007566585956416465,0.0013619854721549636,0.002572639225181598,0.0014376513317191284,0.0017403147699757869,0.0022699757869249393,0.0014376513317191284,0.0023456416464891043,0.0009079903147699758,0.001513317191283293,0.0007566585956416465,0.0007566585956416465,0.0006053268765133172,0.001967312348668281,0.0016646489104116223,0.0006809927360774818,0.0009079903147699758,0.0009836561743341405,0.0009079903147699758,0.001059322033898305,0.0009836561743341405,0.0001513317191283293,0.0004539951573849879,0.04721549636803874
welding_0007_18-35-43_p6,0.02105496453900709,0.04425236406619385,0.05828900709219858,0.07823581560283688,0.07446808510638298,0.07409869976359339,0.09803486997635934,0.06353427895981087,0.053413120567375884,0.03804669030732861,0.025192080378250593,0.018912529550827423,0.01802600472813239,0.015144799054373522,0.012559101654846336,0.00982565011820331,0.00975177304964539,0.007830969267139479,0.007904846335697399,0.0065011820330969266,0.004728132387706856,0.005023640661938535,0.004506501182033097,0.005245271867612293,0.004728132387706856,0.003989361702127659,0.004432624113475178,0.0033983451536643027,0.0031028368794326243,0.0035460992907801418,0.0042109929078014184,0.002881205673758865,0.004802009456264775,0.0031028368794326243,0.0036199763593380615,0.0026595744680851063,0.002142434988179669,0.0028073286052009458,0.0028073286052009458,0.004506501182033097,0.0030289598108747045,0.002216312056737589,0.005097517730496454,0.0015514184397163121,0.0025118203309692673,0.0036199763593380615,0.0030289598108747045,0.0037677304964539005,0.0024379432624113476,0.003472222222222222,0.0030289598108747045,0.0056146572104018916,0.0039154846335697395,0.005023640661938535,0.004875886524822695,0.0028073286052009458,0.0020685579196217494,0.0019946808510638296,0.0019946808510638296,0.0008126477541371158,0.0012559101654846336,0.0010342789598108747,0.0008865248226950354,0.12263593380614657
welding_0008_17-38-17_p0,0.05495689655172414,0.0987555617352614,0.10567296996662959,0.09920745272525028,0.13289071190211346,0.12858036707452725,0.08860539488320356,0.06479421579532814,0.05085511679644049,0.03618604004449388,0.021760289210233593,0.015433815350389322,0.009872080088987763,0.008481646273637376,0.006674082313681869,0.004831757508342603,0.0054922135706340375,0.005075083426028921,0.00396273637374861,0.0035803670745272525,0.003649888765294772,0.0036846496106785315,0.003406562847608454,0.002502780867630701,0.0025375417130144603,0.0036846496106785315,0.003997497219132369,0.003649888765294772,0.002502780867630701,0.0020508898776418244,0.0017380422691879865,0.0013556729699666296,0.001564238042269188,0.0008690211345939933,0.0010080645161290322,0.0007299777530589544,0.0007994994438264739,0.000903781979977753,0.0005909343715239155,0.0006952169076751947,0.000521412680756396,0.00024332591768631812,0.00048665183537263625,0.0005561735261401557,0.0003823692992213571,0.000521412680756396,0.0005561735261401557,0.00027808676307007786,0.0,0.00017380422691879867,0.00017380422691879867,0.0002085650723025584,0.00013904338153503893,0.00024332591768631812,0.0002085650723025584,0.00027808676307007786,0.00017380422691879867,0.00017380422691879867,0.0003823692992213571,3.476084538375973e-05,6.952169076751947e-05,0.00013904338153503893,6.952169076751947e-05,0.006395995550611791
welding_0008_17-38-17_p1,0.02930769230769231,0.10053846153846153,0.11646153846153846,0.12261538461538461,0.10653846153846154,0.09607692307692307,0.07023076923076924,0.05753846153846154,0.04276923076923077,0.025153846153846155,0.01953846153846154,0.013692307692307693,0.011461538461538462,0.009307692307692308,0.007923076923076923,0.005076923076923077,0.0073846153846153844,0.005846153846153846,0.007153846153846154,0.005923076923076923,0.0053076923076923075,0.006076923076923077,0.004153846153846154,0.0035384615384615385,0.004923076923076923,0.0038461538461538464,0.0036923076923076922,0.0036153846153846154,0.0026153846153846153,0.0036153846153846154,0.003384615384615385,0.0024615384615384616,0.0028461538461538463,0.0028461538461538463,0.0032307692307692306,0.0032307692307692306,0.002307692307692308,0.0017692307692307693,0.0019230769230769232,0.0019230769230769232,0.002,0.0013076923076923077,0.0019230769230769232,0.0016923076923076924,0.0015384615384615385,0.0013846153846153845,0.0010769230769230769,0.002769230769230769,0.0006923076923076923,0.0015384615384615385,0.0014615384615384616,0.0014615384615384616,0.001,0.0015384615384615385,0.0013846153846153845,0.0013846153846153845,0.0013846153846153845,0.0010769230769230769,0.0013846153846153845,0.0006153846153846154,0.0008461538461538462,0.00046153846153846153,0.0005384615384615384,0.041692307692307695
welding_0008_17-38-17_p2,0.023091133004926108,0.07820197044334976,0.1857553366174056,0.13988095238095238,0.21736453201970443,0.11135057471264367,0.06732348111658457,0.044129720853858787,0.029248768472906403,0.01847290640394089,0.014265188834154351,0.00841543513957307,0.005541871921182266,0.0051313628899835794,0.0040024630541871924,0.003694581280788177,0.0038998357963875205,0.0026683087027914616,0.003078817733990148,0.002770935960591133,0.0024630541871921183,0.0017446633825944171,0.002770935960591133,0.001539408866995074,0.0019499178981937603,0.001539408866995074,0.0018472906403940886,0.0009236453201970443,0.001026272577996716,0.0006157635467980296,0.0014367816091954023,0.0003078817733990148,0.0008210180623973727,0.0008210180623973727,0.00041050903119868636,0.00041050903119868636,0.00041050903119868636,0.0007183908045977011,0.000513136288998358,0.000513136288998358,0.000513136288998358,0.00041050903119868636,0.00020525451559934318,0.000513136288998358,0.0007183908045977011,0.00020525451559934318,0.0003078817733990148,0.00020525451559934318,0.00020525451559934318,0.00041050903119868636,0.00041050903119868636,0.00010262725779967159,0.00010262725779967159,0.0003078817733990148,0.000513136288998358,0.0,0.00020525451559934318,0.00020525451559934318,0.00020525451559934318,0.00010262725779967159,0.00010262725779967159,0.00010262725779967159,0.00020525451559934318,0.0026683087027914616
welding_0008_17-38-17_p3,0.05792942176870748,0.10703656462585034,0.14498299319727892,0.16071428571428573,0.14700255102040816,0.14179421768707484,0.08854166666666667,0.04017857142857143,0.017325680272108842,0.013499149659863945,0.009885204081632654,0.010416666666666666,0.00977891156462585,0.007653061224489796,0.006058673469387755,0.006164965986394558,0.004145408163265306,0.0036139455782312926,0.002976190476190476,0.003826530612244898,0.0018069727891156463,0.002551020408163265,0.0017006802721088435,0.0010629251700680273,0.0012755102040816326,0.000744047619047619,0.00042517006802721087,0.0010629251700680273,0.0012755102040816326,0.00042517006802721087,0.0006377551020408163,0.0005314625850340137,0.00010629251700680272,0.0005314625850340137,0.0,0.00021258503401360543,0.00031887755102040814,0.0,0.00021258503401360543,0.00010629251700680272,0.0,0.00031887755102040814,0.0,0.00010629251700680272,0.00031887755102040814,0.0,0.0,0.0,0.00010629251700680272,0.0,0.00010629251700680272,0.00010629251700680272,0.0,0.00010629251700680272,0.0,0.00010629251700680272,0.0,0.0,0.0,0.0,0.00010629251700680272,0.0,0.0,0.00010629251700680272
welding_0008_17-38-17_p4,0.017176596886741814,0.06696188942565755,0.15673644659151906,0.1225174449812131,0.21739130434782608,0.11916264090177134,0.06884057971014493,0.04468599033816425,0.03743961352657005,0.024288781535158347,0.020397208803005905,0.012345679012345678,0.008990874932903918,0.007380568974771873,0.004965110037573806,0.005636070853462158,0.004965110037573806,0.004562533548040795,0.004696725711218465,0.0036231884057971015,0.004025764895330112,0.0026838432635534087,0.0036231884057971015,0.0022812667740203974,0.0026838432635534087,0.002012882447665056,0.002549651100375738,0.002012882447665056,0.000939345142243693,0.0013419216317767043,0.0012077294685990338,0.0006709608158883522,0.0012077294685990338,0.0006709608158883522,0.00040257648953301127,0.000939345142243693,0.0006709608158883522,0.0006709608158883522,0.0005367686527106817,0.000939345142243693,0.0008051529790660225,0.0005367686527106817,0.000939345142243693,0.00040257648953301127,0.00026838432635534085,0.00040257648953301127,0.00040257648953301127,0.0010735373054213634,0.00026838432635534085,0.00040257648953301127,0.0005367686527106817,0.0,0.00013419216317767042,0.0005367686527106817,0.0006709608158883522,0.0,0.00040257648953301127,0.00026838432635534085,0.00026838432635534085,0.00026838432635534085,0.00013419216317767042,0.00013419216317767042,0.00013419216317767042,0.006172839506172839
welding_0008_17-38-23_p0,0.002872127872127872,0.004995004995004995,0.018231768231768232,0.031343656343656344,0.06231268731268731,0.08466533466533467,0.06668331668331669,0.04070929070929071,0.030969030969030968,0.022727272727272728,0.028096903096903096,0.0241008991008991,0.0246003996003996,0.022977022977022976,0.021353646353646352,0.019105894105894104,0.024850149850149852,0.022352647352647352,0.023726273726273728,0.019855144855144856,0.023976023976023976,0.018856143856143856,0.016233766233766232,0.016483516483516484,0.017857142857142856,0.020104895104895104,0.017732267732267732,0.01585914085914086,0.016608391608391608,0.017107892107892108,0.017857142857142856,0.019355644355644356,0.018356643356643356,0.016608391608391608,0.013611388611388612,0.013611388611388612,0.00974025974025974,0.008116883116883116,0.007617382617382617,0.00949050949050949,0.004745254745254745,0.004745254745254745,0.005994005994005994,0.004995004995004995,0.003996003996003996,0.00536963036963037,0.0034965034965034965,0.003871128871128871,0.001998001998001998,0.0026223776223776225,0.002247752247752248,0.003121878121878122,0.002122877122877123,0.0014985014985014985,0.0023726273726273725,0.0014985014985014985,0.0012487512487512488,0.001123876123876124,0.0013736263736263737,0.0013736263736263737,0.0012487512487512488,0.0016233766233766235,0.001123876123876124,0.024475524475524476
welding_0008_17-38-23_p1,0.006473214285714286,0.009151785714285715,0.015736607142857142,0.025558035714285714,0.028683035714285713,0.027455357142857142,0.0390625,0.04654017857142857,0.040625,0.033035714285714286,0.03314732142857143,0.03046875,0.0390625,0.03984375,0.036941964285714286,0.03426339285714286,0.036383928571428574,0.02689732142857143,0.0234375,0.02779017857142857,0.026339285714285714,0.020982142857142855,0.026785714285714284,0.02075892857142857,0.0265625,0.02142857142857143,0.017857142857142856,0.019642857142857142,0.01875,0.013504464285714286,0.011049107142857144,0.012388392857142856,0.011272321428571428,0.011049107142857144,0.010379464285714285,0.011607142857142858,0.009040178571428572,0.007366071428571428,0.00546875,0.006138392857142857,0.007254464285714286,0.005245535714285714,0.005915178571428571,0.004352678571428572,0.004910714285714286,0.003683035714285714,0.004129464285714286,0.00390625,0.0029017857142857144,0.0025669642857142857,0.00234375,0.0017857142857142857,0.0018973214285714286,0.0015625,0.00234375,0.00234375,0.0011160714285714285,0.0018973214285714286,0.0017857142857142857,0.002232142857142857,0.0011160714285714285,0.0015625,0.0006696428571428571,0.023549107142857142
welding_0008_17-38-23_p2,0.017292490118577076,0.03483201581027668,0.05607707509881423,0.07905138339920949,0.04125494071146245,0.04323122529644269,0.036314229249011856,0.03606719367588933,0.03409090909090909,0.036314229249011856,0.044466403162055336,0.029397233201581028,0.03606719367588933,0.030138339920948616,0.023468379446640316,0.023468379446640316,0.02099802371541502,0.026185770750988144,0.025197628458498024,0.023962450592885376,0.018280632411067192,0.018033596837944664,0.01457509881422925,0.011610671936758894,0.011857707509881422,0.010622529644268774,0.01432806324110672,0.00716403162055336,0.013092885375494072,0.008893280632411068,0.010869565217391304,0.009881422924901186,0.009881422924901186,0.005434782608695652,0.005928853754940711,0.007905138339920948,0.0032114624505928855,0.006175889328063241,0.005187747035573123,0.0037055335968379445,0.004199604743083004,0.005681818181818182,0.0037055335968379445,0.002717391304347826,0.0032114624505928855,0.003458498023715415,0.0037055335968379445,0.0029644268774703555,0.002717391304347826,0.0007411067193675889,0.002223320158102767,0.0024703557312252965,0.002223320158102767,0.002223320158102767,0.002223320158102767,0.0012351778656126482,0.0009881422924901185,0.001976284584980237,0.0032114624505928855,0.0004940711462450593,0.001976284584980237,0.0004940711462450593,0.00024703557312252963,0.05039525691699605
welding_0008_17-38-23_p3,0.0652014652014652,0.06556776556776557,0.08772893772893772,0.06721611721611721,0.07445054945054945,0.06492673992673993,0.046062271062271065,0.03717948717948718,0.02976190476190476,0.028113553113553114,0.025824175824175823,0.025457875457875458,0.024816849816849815,0.026282051282051282,0.022985347985347987,0.020512820512820513,0.025457875457875458,0.020695970695970695,0.020604395604395604,0.020604395604395604,0.017673992673992674,0.017673992673992674,0.014652014652014652,0.009798534798534798,0.010256410256410256,0.007875457875457875,0.008974358974358974,0.0057692307692307696,0.006501831501831502,0.005586080586080586,0.0052197802197802195,0.00467032967032967,0.005036630036630037,0.00402930402930403,0.004853479853479854,0.005036630036630037,0.003937728937728938,0.00402930402930403,0.003021978021978022,0.0035714285714285713,0.0022893772893772895,0.0024725274725274724,0.0022893772893772895,0.002655677655677656,0.002564102564102564,0.0019230769230769232,0.00173992673992674,0.002197802197802198,0.0009157509157509158,0.0014652014652014652,0.001282051282051282,0.001098901098901099,0.0010073260073260074,0.001282051282051282,0.001282051282051282,0.001098901098901099,0.001282051282051282,0.0010073260073260074,0.001098901098901099,0.0008241758241758242,0.0014652014652014652,0.00018315018315018315,0.0002747252747252747,0.01868131868131868
welding_0008_17-38-23_p4,0.004037267080745342,0.012577639751552796,0.02437888198757764,0.02826086956521739,0.026242236024844722,0.038975155279503106,0.0484472049689441,0.04736024844720497,0.04937888198757764,0.03881987577639751,0.040993788819875775,0.02888198757763975,0.02981366459627329,0.02593167701863354,0.024844720496894408,0.023291925465838508,0.02577639751552795,0.02236024844720497,0.02562111801242236,0.017546583850931677,0.022049689440993787,0.020807453416149067,0.016304347826086956,0.014906832298136646,0.01847826086956522,0.01987577639751553,0.01847826086956522,0.014130434782608696,0.016459627329192546,0.017080745341614908,0.020496894409937887,0.017080745341614908,0.01972049689440994,0.014906832298136646,0.013043478260869565,0.011956521739130435,0.010093167701863354,0.008695652173913044,0.006677018633540373,0.006987577639751553,0.0034161490683229812,0.005434782608695652,0.005745341614906832,0.004037267080745342,0.0038819875776397515,0.004813664596273292,0.0037267080745341614,0.0037267080745341614,0.002173913043478261,0.002484472049689441,0.002173913043478261,0.002639751552795031,0.002639751552795031,0.002018633540372671,0.002484472049689441,0.0018633540372670807,0.0015527950310559005,0.0012422360248447205,0.002329192546583851,0.0013975155279503106,0.002173913043478261,0.0013975155279503106,0.0013975155279503106,0.043478260869565216
welding_0008_17-38-23_p5,0.00739247311827957,0.006048387096774193,0.01478494623655914,0.0198252688172043,0.020161290322580645,0.02049731182795699,0.02788978494623656,0.032594086021505375,0.031586021505376344,0.03763440860215054,0.038978494623655914,0.03494623655913978,0.05040322580645161,0.05309139784946237,0.04435483870967742,0.04200268817204301,0.04401881720430108,0.028225806451612902,0.019489247311827957,0.025201612903225805,0.024193548387096774,0.015793010752688172,0.020161290322580645,0.014112903225806451,0.013440860215053764,0.01881720430107527,0.011760752688172043,0.01310483870967742,0.01310483870967742,0.009744623655913979,0.008400537634408602,0.012096774193548387,0.011088709677419355,0.009072580645161291,0.010080645161290322,0.009744623655913979,0.007056451612903226,0.008400537634408602,0.006048387096774193,0.008064516129032258,0.01310483870967742,0.007728494623655914,0.009072580645161291,0.006384408602150538,0.007728494623655914,0.007056451612903226,0.006384408602150538,0.00571236559139785,0.005040322580645161,0.005040322580645161,0.0030241935483870967,0.0030241935483870967,0.004704301075268817,0.0020161290322580645,0.0023521505376344087,0.003360215053763441,0.0023521505376344087,0.004368279569892473,0.0023521505376344087,0.004368279569892473,0.0016801075268817205,0.003360215053763441,0.0016801075268817205,0.044690860215053765
welding_0008_17-38-23_p6,0.009765625,0.030078125,0.055078125,0.046875,0.05703125,0.04765625,0.044921875,0.063671875,0.090625,0.13125,0.107421875,0.07421875,0.055078125,0.041796875,0.02734375,0.016015625,0.01171875,0.008984375,0.007421875,0.00546875,0.00625,0.00390625,0.006640625,0.003125,0.003125,0.004296875,0.003515625,0.003125,0.00234375,0.001953125,0.00234375,0.001953125,0.00234375,0.002734375,0.00234375,0.000390625,0.00078125,0.000390625,0.0015625,0.0,0.0,0.000390625,0.000390625,0.001171875,0.000390625,0.0,0.000390625,0.0,0.0,0.0,0.0,0.000390625,0.000390625,0.000390625,0.0,0.0,0.0,0.0,0.0,0.0,0.0,0.000390625,0.0,0.01015625
welding_0008_17-38-23_p7,0.006666666666666667,0.022962962962962963,0.055185185185185184,0.05407407407407407,0.03777777777777778,0.04555555555555556,0.03962962962962963,0.027407407407407408,0.034444444444444444,0.0362962962962963,0.03888888888888889,0.03185185185185185,0.03185185185185185,0.024814814814814814,0.023333333333333334,0.01888888888888889,0.022962962962962963,0.011481481481481481,0.014444444444444444,0.011851851851851851,0.013703703703703704,0.01814814814814815,0.014074074074074074,0.01037037037037037,0.015555555555555555,0.016296296296296295,0.015925925925925927,0.00962962962962963,0.016666666666666666,0.015555555555555555,0.017777777777777778,0.011851851851851851,0.01962962962962963,0.013703703703703704,0.01,0.012222222222222223,0.008888888888888889,0.008148148148148147,0.005555555555555556,0.005185185185185185,0.0033333333333333335,0.007407407407407408,0.006666666666666667,0.0033333333333333335,0.0033333333333333335,0.0044444444444444444,0.0025925925925925925,0.005185185185185185,0.0014814814814814814,0.0025925925925925925,0.0022222222222222222,0.003703703703703704,0.002962962962962963,0.0025925925925925925,0.003703703703703704,0.001851851851851852,0.0022222222222222222,0.0007407407407407407,0.0044444444444444444,0.00037037037037037035,0.002962962962962963,0.0007407407407407407,0.00037037037037037035,0.08148148148148149
welding_0008_17-38-23_p8,0.029718693284936478,0.05104355716878403,0.07695099818511797,0.07123411978221415,0.05966424682395644,0.047912885662431945,0.04441923774954628,0.034210526315789476,0.03257713248638838,0.029809437386569874,0.030036297640653357,0.028629764065335753,0.027540834845735027,0.026950998185117966,0.028402903811252267,0.024183303085299455,0.020961887477313975,0.020644283121597096,0.020145190562613432,0.016742286751361163,0.014972776769509982,0.016424682395644284,0.016651542649727766,0.014019963702359346,0.01247731397459165,0.010843920145190563,0.012341197822141561,0.011252268602540834,0.0117513611615245,0.014745916515426498,0.023911070780399273,0.024591651542649726,0.018784029038112524,0.01560798548094374,0.011887477313974592,0.008802177858439201,0.006987295825771325,0.005081669691470054,0.003856624319419238,0.003176043557168784,0.002676950998185118,0.002540834845735027,0.001996370235934664,0.0017241379310344827,0.0014972776769509983,0.0007259528130671506,0.000499092558983666,0.0012250453720508167,0.000499092558983666,0.0008620689655172414,0.000544464609800363,0.00013611615245009076,0.000499092558983666,0.00022686025408348456,0.0003629764065335753,0.00018148820326678765,0.0002722323049001815,0.00022686025408348456,0.00013611615245009076,0.00040834845735027224,0.00022686025408348456,0.00018148820326678765,0.0,0.0024047186932849365
welding_0008_18-06-31_p0,0.07185960591133005,0.12530788177339902,0.08349753694581281,0.07777093596059113,0.07389162561576355,0.08201970443349754,0.08029556650246306,0.052216748768472904,0.03596059113300493,0.02272167487684729,0.017487684729064038,0.013300492610837438,0.014532019704433498,0.01520935960591133,0.012007389162561576,0.010098522167487686,0.009913793103448277,0.005788177339901478,0.007327586206896552,0.0032019704433497538,0.0025246305418719214,0.004495073891625616,0.0016625615763546798,0.001354679802955665,0.003078817733990148,0.003940886699507389,0.0022167487684729066,0.002586206896551724,0.0008004926108374384,0.0019704433497536944,0.001293103448275862,0.0041871921182266006,0.005233990147783251,0.0011083743842364533,0.00270935960591133,0.001416256157635468,0.0009236453201970443,0.0007389162561576355,0.0045566502463054185,0.001539408866995074,0.0008620689655172414,0.0008620689655172414,0.006711822660098522,0.0006773399014778325,0.0008620689655172414,0.001477832512315271,0.0010467980295566501,0.006958128078817734,0.0008620689655172414,0.0012315270935960591,0.0006773399014778325,0.0016009852216748769,0.0011083743842364533,0.002832512315270936,0.0017241379310344827,0.0012315270935960591,0.0009852216748768472,0.0007389162561576355,0.00036945812807881776,0.0006773399014778325,0.0005541871921182266,0.0003078817733990148,0.0006157635467980296,0.10227832512315271
welding_0008_18-06-31_p1,0.01023391812865497,0.006335282651072124,0.011695906432748537,0.04990253411306043,0.10438596491228071,0.15214424951267055,0.1331384015594542,0.09727095516569201,0.08118908382066277,0.04951267056530215,0.03996101364522417,0.023489278752436647,0.017251461988304094,0.012280701754385965,0.014035087719298246,0.008869395711500975,0.009454191033138402,0.007699805068226121,0.006725146198830409,0.006432748538011696,0.005847953216374269,0.0060428849902534115,0.0043859649122807015,0.0042884990253411305,0.004678362573099415,0.005165692007797271,0.003898635477582846,0.004580896686159844,0.003898635477582846,0.003703703703703704,0.00341130604288499,0.0028265107212475634,0.00253411306042885,0.0024366471734892786,0.003898635477582846,0.0029239766081871343,0.0023391812865497076,0.003313840155945419,0.0031189083820662767,0.004093567251461989,0.0021442495126705653,0.0024366471734892786,0.002631578947368421,0.00253411306042885,0.0021442495126705653,0.0021442495126705653,0.0021442495126705653,0.0028265107212475634,0.0014619883040935672,0.0017543859649122807,0.0013645224171539962,0.0016569200779727095,0.001851851851851852,0.0021442495126705653,0.001851851851851852,0.0014619883040935672,0.001949317738791423,0.0013645224171539962,0.0013645224171539962,0.0020467836257309943,0.0023391812865497076,0.0011695906432748538,0.001267056530214425,0.03654970760233918
welding_0008_18-06-31_p2,0.04110360360360361,0.07636542792792793,0.09192004504504504,0.07960304054054054,0.0682713963963964,0.07179054054054054,0.0645411036036036,0.03765484234234234,0.0234375,0.02027027027027027,0.016962274774774775,0.015343468468468468,0.013724662162162162,0.012246621621621621,0.017947635135135136,0.014780405405405405,0.011120495495495495,0.006897522522522522,0.006052927927927928,0.006264076576576577,0.0044341216216216214,0.007249436936936937,0.005560247747747747,0.005771396396396396,0.006897522522522522,0.009642454954954955,0.0078125,0.008727477477477477,0.008868243243243243,0.009853603603603604,0.012246621621621621,0.013302364864864864,0.014710022522522523,0.00830518018018018,0.01076858108108108,0.010698198198198198,0.007038288288288288,0.006756756756756757,0.009783220720720721,0.00563063063063063,0.002393018018018018,0.0023226351351351353,0.00633445945945946,0.0020411036036036036,0.0015484234234234234,0.002393018018018018,0.001759572072072072,0.004926801801801802,0.0014780405405405406,0.0014780405405405406,0.001196509009009009,0.002533783783783784,0.0010557432432432433,0.0026745495495495496,0.0026041666666666665,0.0014780405405405406,0.0009853603603603603,0.0010557432432432433,0.0007742117117117117,0.0007742117117117117,0.0004926801801801801,0.00021114864864864866,0.00021114864864864866,0.08692286036036036
welding_0008_18-19-58_p0,0.018426724137931033,0.06400862068965517,0.07920258620689655,0.1269396551724138,0.12704741379310344,0.08394396551724138,0.07898706896551724,0.03178879310344827,0.029741379310344828,0.026724137931034484,0.025754310344827586,0.021551724137931036,0.016594827586206895,0.017241379310344827,0.014762931034482759,0.015086206896551725,0.014870689655172414,0.013793103448275862,0.01497844827586207,0.014008620689655173,0.01605603448275862,0.01228448275862069,0.007327586206896552,0.007650862068965517,0.004633620689655172,0.00603448275862069,0.0054956896551724135,0.004956896551724138,0.0039870689655172415,0.003556034482758621,0.004310344827586207,0.0033405172413793105,0.004956896551724138,0.003771551724137931,0.003663793103448276,0.0028017241379310344,0.0026939655172413795,0.003017241379310345,0.0028017241379310344,0.0026939655172413795,0.001831896551724138,0.0017241379310344827,0.003017241379310345,0.0014008620689655172,0.0017241379310344827,0.0014008620689655172,0.0020474137931034485,0.002262931034482759,0.0005387931034482759,0.0015086206896551724,0.001293103448275862,0.0007543103448275862,0.0010775862068965517,0.0007543103448275862,0.0011853448275862069,0.0010775862068965517,0.0017241379310344827,0.001831896551724138,0.001293103448275862,0.0008620689655172414,0.0017241379310344827,0.000646551724137931,0.0015086206896551724,0.025323275862068964
welding_0008_18-19-58_p1,0.0006251420777449421,0.009433962264150943,0.009604455558081383,0.012446010456922028,0.014150943396226415,0.021311661741304843,0.031370766083200725,0.04285064787451694,0.053932711979995454,0.08484882927938167,0.08740622868833826,0.06967492611957263,0.05313707660832007,0.046885655830870655,0.043816776540122754,0.04142987042509661,0.032280063650829735,0.03165492157308479,0.031257103887247104,0.02756308251875426,0.023357581268470106,0.020004546487838146,0.021027506251420778,0.01972039099795408,0.020345533075699022,0.01875426233234826,0.015628551943623552,0.013184814730620595,0.011877699477153898,0.009547624460104568,0.00914980677426688,0.009831779949988633,0.007274380541032053,0.006706069561263924,0.004205501250284156,0.005739940895658104,0.005626278699704479,0.004830643328029098,0.004319163446237781,0.003239372584678336,0.0025005683109797683,0.0018185951352580132,0.00136394635144351,0.001193453057513071,0.0012502841554898842,0.0010229597635826324,0.0010229597635826324,0.0006251420777449421,0.0010229597635826324,0.0008524664696521937,0.0004546487838145033,0.0004546487838145033,0.00039781768583769037,0.0005114798817913162,0.0003409865878608775,0.0003409865878608775,0.00011366219595362583,0.00011366219595362583,0.0005114798817913162,0.00028415548988406454,0.00011366219595362583,0.0,0.00028415548988406454,0.003353034780631962
welding_0008_18-19-58_p2,0.017519752662315355,0.03065956715905187,0.018979732050841636,0.0155444864307798,0.019237375472346274,0.029800755754036415,0.031518378564067334,0.036585365853658534,0.03392305049811061,0.03392305049811061,0.03418069391961525,0.040364136035726556,0.03967708691171419,0.03684300927516317,0.03589831672964617,0.032119546547578155,0.026021985571968397,0.02662315355547922,0.025420817588457576,0.022672621092408106,0.023359670216420474,0.020439711439367916,0.021899690827894194,0.021470285125386464,0.023703194778426657,0.02198557196839574,0.022071453108897285,0.020010305736860187,0.023703194778426657,0.02138440398488492,0.022329096530401923,0.01640329783579526,0.017691514943318446,0.017176228100309172,0.01494331844726898,0.015029199587770525,0.015029199587770525,0.010735142562693232,0.009704568876674683,0.008330470628649948,0.005925798694606664,0.004895225008588114,0.0042081758845757475,0.003177602198557197,0.0028340776365510132,0.00249055307454483,0.0027481964960494676,0.0023187907935417382,0.0016317416695293713,0.0013740982480247338,0.0020611473720371005,0.001116454826520096,0.0007729302645139127,0.0008588114050154586,0.0009446925455170044,0.0006011679835108211,0.0005152868430092751,0.0005152868430092751,0.0004294057025077293,0.0006011679835108211,0.00034352456200618345,0.00025764342150463756,0.0004294057025077293,0.004036413603572655
welding_0008_18-19-58_p3,0.0090595340811044,0.014883520276100086,0.020815358067299394,0.031708369283865404,0.036669542709232096,0.04044434857635893,0.03807161345987921,0.028149266609145816,0.029012079378774806,0.02372735116479724,0.025345125107851595,0.026423641069887833,0.02092320966350302,0.02070750647109577,0.026423641069887833,0.02631578947368421,0.03559102674719586,0.04184641932700604,0.03990509059534081,0.03958153580672994,0.03720880069025022,0.033326143226919756,0.028688524590163935,0.026531492666091457,0.02351164797238999,0.025884383088869714,0.026531492666091457,0.02146246764452114,0.018442622950819672,0.017471958584987058,0.019413287316652286,0.01606988783433995,0.017687661777394306,0.018550474547023296,0.013481449525452978,0.01218723037100949,0.011755823986194996,0.009490940465918895,0.009275237273511648,0.005176876617773943,0.004853321829163071,0.003559102674719586,0.0028041415012942193,0.0024805867126833476,0.002372735116479724,0.0019413287316652286,0.0009706643658326143,0.0009706643658326143,0.0005392579810181191,0.0007549611734253667,0.0007549611734253667,0.0007549611734253667,0.0007549611734253667,0.0005392579810181191,0.0009706643658326143,0.00021570319240724764,0.0006471095772217428,0.00021570319240724764,0.00021570319240724764,0.0003235547886108714,0.0,0.00010785159620362382,0.00010785159620362382,0.005392579810181191
welding_0008_18-35-44_p0,0.05311250713877784,0.08245288406624786,0.07702741290691034,0.06332095945174186,0.05539691604797259,0.0500428326670474,0.038549400342661334,0.0364791547687036,0.030197030268418048,0.02898343803540834,0.027912621359223302,0.028055396916047973,0.02298686464877213,0.021559109080525413,0.020345516847515704,0.01756139348943461,0.01649057681324957,0.013992004568817818,0.012492861222158766,0.014277555682467162,0.010422615648201027,0.009423186750428327,0.009708737864077669,0.007567104511707595,0.008280982295830954,0.008637921187892634,0.007281553398058253,0.0057110222729868645,0.005139920045688178,0.0065676756139348945,0.004640205596801827,0.0048543689320388345,0.005211307824100514,0.004069103369503141,0.0048543689320388345,0.005782410051399201,0.003997715591090805,0.004711593375214164,0.005639634494574529,0.005925185608223872,0.0038549400342661336,0.005425471159337522,0.006282124500285551,0.004283266704740148,0.0036407766990291263,0.005996573386636208,0.0034980011422044545,0.005068532267275843,0.002998286693318104,0.0031410622501427754,0.0031410622501427754,0.0032838378069674472,0.0036407766990291263,0.004497430039977156,0.0037121644774414622,0.002355796687607082,0.0024271844660194173,0.002498572244431753,0.0030696744717304395,0.0020702455739577386,0.00221302113078241,0.0012135922330097086,0.0013563677898343804,0.08066818960593947
welding_0008_18-35-44_p1,0.04134246291109036,0.0564373897707231,0.07163606183214026,0.0736590932669364,0.05949787322336342,0.05695611577964519,0.05119825708061002,0.04318394024276377,0.04022720199190787,0.035636476812947404,0.035480859010270774,0.03242037555763046,0.030267662620603798,0.023238925199709513,0.019426289034132172,0.015406162464985995,0.018803817823425665,0.01685859528996784,0.01621018777881523,0.015224608361863264,0.012864405021267766,0.014083411142234672,0.011178545492270982,0.007469654528478058,0.014264965245357402,0.009907666770411869,0.012034443406992426,0.008403361344537815,0.006380329909741674,0.011386035895839818,0.009311131860151468,0.00658782031331051,0.011411972196285921,0.006950928519555971,0.009259259259259259,0.005083514887436456,0.008273679842307294,0.008273679842307294,0.004305425874053325,0.008481170245876128,0.003319846457101359,0.0027751841477331673,0.0063543936092955704,0.0009337068160597573,0.001063388318290279,0.002334267040149393,0.0015821143272123665,0.002412075941487706,0.00020749040356883493,0.0009077705156136529,0.0003112356053532524,0.0009077705156136529,0.00023342670401493932,0.001556178026766262,0.0010374520178441746,0.0004927897084759829,0.0005965349102604005,0.00010374520178441747,0.0005965349102604005,0.00036310820624546115,0.00018155410312273057,7.78089013383131e-05,5.187260089220873e-05,0.03257599336030709
welding_0008_18-35-44_p2,0.027546296296296298,0.042978395061728396,0.05316358024691358,0.06535493827160493,0.07152777777777777,0.06929012345679013,0.09189814814814815,0.06782407407407408,0.05648148148148148,0.04506172839506173,0.03217592592592593,0.021913580246913582,0.019135802469135803,0.015354938271604938,0.013040123456790124,0.010570987654320988,0.011574074074074073,0.008564814814814815,0.008256172839506172,0.008873456790123456,0.00787037037037037,0.005864197530864198,0.005324074074074074,0.004629629629629629,0.006172839506172839,0.004861111111111111,0.004089506172839506,0.0032407407407407406,0.004629629629629629,0.003626543209876543,0.003935185185185185,0.004166666666666667,0.0035493827160493828,0.002854938271604938,0.002854938271604938,0.004089506172839506,0.0023919753086419754,0.0031635802469135803,0.0032407407407407406,0.003703703703703704,0.002777777777777778,0.0022376543209876544,0.004861111111111111,0.0025462962962962965,0.0016203703703703703,0.002854938271604938,0.002623456790123457,0.0049382716049382715,0.002623456790123457,0.002623456790123457,0.002932098765432099,0.0049382716049382715,0.0031635802469135803,0.003626543209876543,0.003472222222222222,0.0010802469135802468,0.0022376543209876544,0.0016203703703703703,0.0019290123456790122,0.0010030864197530865,0.002006172839506173,0.0017746913580246914,0.0010802469135802468,0.11458333333333333
welding_0008_18-35-44_p3,0.020148026315789474,0.032791940789473686,0.04276315789473684,0.034745065789473686,0.033717105263157895,0.03546463815789474,0.028782894736842105,0.030633223684210526,0.031661184210526314,0.030838815789473683,0.03186677631578947,0.03937088815789474,0.04009046052631579,0.03834292763157895,0.029502467105263157,0.02446546052631579,0.026110197368421052,0.023231907894736843,0.019222861842105265,0.02240953947368421,0.022820723684210526,0.024773848684210526,0.020764802631578948,0.024979440789473683,0.025801809210526317,0.026007401315789474,0.021792763157894735,0.021792763157894735,0.01840049342105263,0.016961348684210526,0.015933388157894735,0.01459703947368421,0.013980263157894737,0.010279605263157895,0.009046052631578948,0.008943256578947368,0.006373355263157895,0.008120888157894737,0.005139802631578948,0.006578947368421052,0.00390625,0.004111842105263158,0.002055921052631579,0.003289473684210526,0.0033922697368421054,0.002569901315789474,0.002055921052631579,0.003597861842105263,0.0017475328947368421,0.002055921052631579,0.0017475328947368421,0.001953125,0.0014391447368421052,0.0013363486842105264,0.0012335526315789473,0.0009251644736842105,0.0015419407894736842,0.0011307565789473685,0.002158717105263158,0.0007195723684210526,0.0011307565789473685,0.0006167763157894736,0.0006167763157894736,0.015419407894736841
welding_0008_18-35-44_p4,0.019927536231884056,0.02221586575133486,0.02011823035850496,0.02240655987795576,0.03241800152555301,0.04023646071700992,0.03480167810831426,0.03232265446224256,0.03251334858886346,0.032131960335621663,0.03308543096872616,0.039092295957284515,0.03585049580472922,0.041762013729977114,0.04281083142639207,0.03823417238749047,0.041475972540045765,0.034134248665141115,0.02717391304347826,0.02707856598016781,0.02593440122044241,0.02726926010678871,0.02459954233409611,0.02517162471395881,0.02326468344774981,0.017734553775743706,0.017734553775743706,0.015541571319603356,0.014778794813119755,0.012681159420289856,0.013157894736842105,0.012013729977116704,0.012585812356979404,0.008962623951182304,0.009057971014492754,0.010011441647597255,0.006769641495041953,0.010297482837528604,0.005816170861937453,0.005625476735316552,0.0036231884057971015,0.0030511060259344014,0.0027650648360030513,0.002669717772692601,0.002574370709382151,0.002288329519450801,0.002002288329519451,0.0027650648360030513,0.0011441647597254005,0.0018115942028985507,0.0009534706331045003,0.0015255530129672007,0.0011441647597254005,0.0011441647597254005,0.0010488176964149505,0.0010488176964149505,0.0017162471395881006,0.0011441647597254005,0.0014302059496567505,0.0007627765064836003,0.0005720823798627002,0.0005720823798627002,0.0005720823798627002,0.012871853546910755
welding_0008_18-35-44_p5,0.10731292517006803,0.15246598639455783,0.07295918367346939,0.050510204081632655,0.038945578231292514,0.03503401360544218,0.029506802721088434,0.027125850340136055,0.01913265306122449,0.01904761904761905,0.01879251700680272,0.02074829931972789,0.020578231292517006,0.01683673469387755,0.018962585034013605,0.014965986394557823,0.01488095238095238,0.011989795918367347,0.011564625850340135,0.010289115646258503,0.009098639455782313,0.00816326530612245,0.007823129251700681,0.007227891156462585,0.008078231292517007,0.008418367346938776,0.00824829931972789,0.006717687074829932,0.0055272108843537416,0.007227891156462585,0.00586734693877551,0.006037414965986395,0.006717687074829932,0.006717687074829932,0.007482993197278911,0.0068877551020408165,0.00586734693877551,0.00739795918367347,0.006462585034013605,0.005782312925170068,0.004506802721088435,0.00586734693877551,0.006972789115646258,0.004506802721088435,0.0035714285714285713,0.005952380952380952,0.004166666666666667,0.0055272108843537416,0.0033163265306122448,0.0031462585034013604,0.0035714285714285713,0.003401360544217687,0.003061224489795918,0.0037414965986394557,0.0037414965986394557,0.002465986394557823,0.002551020408163265,0.002976190476190476,0.0036564625850340135,0.0026360544217687073,0.002465986394557823,0.0018707482993197278,0.0019557823129251702,0.06096938775510204
welding_0009_17-38-18_p0,0.04811507936507937,0.09771825396825397,0.10379464285714286,0.11470734126984126,0.12872023809523808,0.12555803571428573,0.07359871031746032,0.07149057539682539,0.06374007936507936,0.03664434523809524,0.020647321428571428,0.014818948412698412,0.009300595238095238,0.00675843253968254,0.004836309523809524,0.005208333333333333,0.004836309523809524,0.003410218253968254,0.003658234126984127,0.0033482142857142855,0.003162202380952381,0.00390625,0.003720238095238095,0.00390625,0.004526289682539683,0.00390625,0.004340277777777778,0.004154265873015873,0.0032862103174603175,0.0032862103174603175,0.0019221230158730158,0.0013640873015873015,0.0014260912698412698,0.001240079365079365,0.000992063492063492,0.000992063492063492,0.001240079365079365,0.0008060515873015873,0.000496031746031746,0.0005580357142857143,0.0003720238095238095,0.000248015873015873,0.0006820436507936508,0.000496031746031746,0.000496031746031746,0.000496031746031746,0.0003720238095238095,0.000496031746031746,0.0003720238095238095,0.0001240079365079365,6.200396825396825e-05,0.00031001984126984125,0.00031001984126984125,0.0003720238095238095,0.00018601190476190475,0.0001240079365079365,0.00018601190476190475,0.0001240079365079365,0.0001240079365079365,6.200396825396825e-05,0.0001240079365079365,6.200396825396825e-05,6.200396825396825e-05,0.0035962301587301585
welding_0009_17-38-18_p1,0.05507884972170687,0.1476113172541744,0.1728896103896104,0.14888682745825602,0.11294063079777365,0.09230055658627087,0.07919758812615955,0.037337662337662336,0.02806122448979592,0.017045454545454544,0.016929499072356215,0.008580705009276438,0.00927643784786642,0.008812615955473098,0.008812615955473098,0.006261595547309833,0.009508348794063079,0.005681818181818182,0.004406307977736549,0.002551020408163265,0.003362708719851577,0.001971243042671614,0.0026669758812615956,0.001971243042671614,0.0009276437847866419,0.0010435992578849721,0.0016233766233766235,0.0012755102040816326,0.0005797773654916512,0.0009276437847866419,0.00046382189239332097,0.0006957328385899814,0.0009276437847866419,0.0008116883116883117,0.0009276437847866419,0.00046382189239332097,0.0006957328385899814,0.0005797773654916512,0.00023191094619666049,0.0008116883116883117,0.00011595547309833024,0.00023191094619666049,0.0003478664192949907,0.00011595547309833024,0.0,0.00023191094619666049,0.00011595547309833024,0.0005797773654916512,0.0,0.00011595547309833024,0.0,0.00011595547309833024,0.00023191094619666049,0.00023191094619666049,0.0,0.0,0.00023191094619666049,0.00011595547309833024,0.0,0.00023191094619666049,0.00011595547309833024,0.0,0.0,0.0017393320964749536
welding_0009_17-38-18_p2,0.04547101449275362,0.08164251207729468,0.1806159420289855,0.12977053140096617,0.16908212560386474,0.10356280193236715,0.0517512077294686,0.043780193236714976,0.03188405797101449,0.02246376811594203,0.015519323671497585,0.014251207729468598,0.011835748792270532,0.009420289855072464,0.00785024154589372,0.0060990338164251204,0.006521739130434782,0.005676328502415459,0.004770531400966184,0.004528985507246377,0.004106280193236715,0.004408212560386473,0.004227053140096618,0.0032004830917874397,0.004227053140096618,0.002777777777777778,0.002113526570048309,0.001388888888888889,0.0015096618357487923,0.0013285024154589373,0.0008454106280193237,0.0008454106280193237,0.000966183574879227,0.0009057971014492754,0.0006642512077294686,0.001147342995169082,0.0007246376811594203,0.000785024154589372,0.0006642512077294686,0.0006642512077294686,0.0006038647342995169,0.0007246376811594203,0.0010869565217391304,0.00018115942028985507,0.0005434782608695652,0.0005434782608695652,0.00042270531400966186,0.00042270531400966186,0.00012077294685990338,0.0006038647342995169,0.00024154589371980676,0.0005434782608695652,0.00012077294685990338,0.00024154589371980676,0.0006038647342995169,0.00024154589371980676,0.00024154589371980676,0.00024154589371980676,0.00036231884057971015,0.00030193236714975844,0.00012077294685990338,0.0,6.038647342995169e-05,0.007427536231884058
welding_0009_17-38-18_p3,0.02875,0.10015625,0.111640625,0.117265625,0.11171875,0.096640625,0.067578125,0.055703125,0.040390625,0.0290625,0.02140625,0.01625,0.01234375,0.008828125,0.00796875,0.0078125,0.007734375,0.00640625,0.00703125,0.005625,0.00625,0.005859375,0.005703125,0.0040625,0.00546875,0.003984375,0.00296875,0.003125,0.00328125,0.0025,0.003046875,0.00359375,0.003203125,0.002890625,0.002421875,0.0025,0.002890625,0.001875,0.002890625,0.0025,0.001328125,0.001796875,0.00234375,0.001015625,0.001875,0.00171875,0.001640625,0.001640625,0.001171875,0.00078125,0.00140625,0.00140625,0.001015625,0.0015625,0.001640625,0.0015625,0.001015625,0.000625,0.0015625,0.00109375,0.001796875,0.00078125,0.001015625,0.036875
welding_0009_17-38-23_p0,0.005663856691253952,0.021338250790305584,0.021338250790305584,0.03464172813487882,0.05413593256059009,0.059536354056902004,0.05426765015806112,0.03767123287671233,0.038066385669125395,0.030558482613277135,0.027528977871443625,0.025158061116965228,0.026211801896733403,0.025816649104320338,0.02779241306638567,0.024894625922023184,0.021733403582718653,0.021206533192834564,0.016596417281348787,0.018177028451001054,0.016991570073761855,0.015279241306638568,0.015410958904109588,0.01620126448893572,0.018967334035827187,0.018835616438356163,0.016991570073761855,0.0160695468914647,0.018045310853530033,0.0160695468914647,0.01554267650158061,0.013171759747102213,0.0160695468914647,0.012513171759747102,0.012908324552160169,0.014093782929399367,0.011591148577449948,0.01185458377239199,0.011064278187565859,0.00987881981032666,0.007376185458377239,0.007376185458377239,0.006059009483667018,0.005663856691253952,0.0040832455216016856,0.004214963119072708,0.0035563751317175974,0.004478398314014752,0.0011854583772391992,0.0027660695468914647,0.003161222339304531,0.0027660695468914647,0.001975763962065332,0.002239199157007376,0.001975763962065332,0.001975763962065332,0.003161222339304531,0.0023709167544783984,0.001975763962065332,0.0015806111696522655,0.0014488935721812435,0.0018440463645943098,0.00013171759747102212,0.036749209694415176
welding_0009_17-38-23_p1,0.001893939393939394,0.010298295454545454,0.019412878787878788,0.0234375,0.03326231060606061,0.035392992424242424,0.029592803030303032,0.033025568181818184,0.031486742424242424,0.03716856060606061,0.04178503787878788,0.03799715909090909,0.03669507575757576,0.03598484848484849,0.028645833333333332,0.029711174242424244,0.032552083333333336,0.026041666666666668,0.028882575757575756,0.026278409090909092,0.025804924242424244,0.025449810606060608,0.025331439393939392,0.02130681818181818,0.023555871212121212,0.021425189393939392,0.02225378787878788,0.021543560606060608,0.01775568181818182,0.013612689393939394,0.015269886363636364,0.012192234848484848,0.01396780303030303,0.015861742424242424,0.012547348484848484,0.014086174242424242,0.01006155303030303,0.007220643939393939,0.007930871212121212,0.005089962121212121,0.005681818181818182,0.00615530303030303,0.004853219696969697,0.004971590909090909,0.004142992424242424,0.003669507575757576,0.0034327651515151515,0.002722537878787879,0.0017755681818181818,0.0035511363636363635,0.0034327651515151515,0.0033143939393939395,0.0022490530303030305,0.002012310606060606,0.0024857954545454545,0.0024857954545454545,0.0014204545454545455,0.0008285984848484849,0.001065340909090909,0.0014204545454545455,0.0016571969696969697,0.0015388257575757575,0.0013020833333333333,0.022017045454545456
welding_0009_17-38-23_p2,0.02125,0.059375,0.0578125,0.044375,0.0340625,0.039375,0.0334375,0.0396875,0.0503125,0.048125,0.0396875,0.0334375,0.03125,0.025625,0.0290625,0.0240625,0.025,0.0234375,0.02,0.019375,0.0159375,0.0134375,0.0128125,0.0153125,0.018125,0.011875,0.01625,0.0075,0.0109375,0.0075,0.0065625,0.00625,0.0090625,0.0053125,0.00625,0.0046875,0.004375,0.00625,0.0046875,0.005,0.0028125,0.004375,0.003125,0.0025,0.0028125,0.0025,0.00125,0.0025,0.0015625,0.0021875,0.0025,0.0025,0.0028125,0.0040625,0.0015625,0.0009375,0.001875,0.0021875,0.0028125,0.0009375,0.001875,0.0009375,0.0,0.0625
welding_0009_17-38-23_p3,0.03156672297297297,0.07791385135135136,0.07717483108108109,0.0733741554054054,0.0828758445945946,0.06798986486486487,0.045291385135135136,0.033572635135135136,0.027766047297297296,0.029455236486486486,0.027449324324324325,0.024070945945945946,0.02322635135135135,0.01974239864864865,0.023543074324324325,0.022487331081081082,0.020692567567567568,0.01900337837837838,0.018475506756756757,0.018264358108108107,0.014569256756756757,0.01953125,0.018264358108108107,0.015625,0.01266891891891892,0.01002956081081081,0.008340371621621621,0.007601351351351352,0.006651182432432432,0.006862331081081081,0.0059121621621621625,0.00538429054054054,0.006862331081081081,0.005701013513513513,0.005067567567567568,0.004222972972972973,0.0044341216216216214,0.0046452702702702705,0.004222972972972973,0.005067567567567568,0.0029560810810810812,0.00316722972972973,0.0023226351351351353,0.002639358108108108,0.0029560810810810812,0.0014780405405405406,0.002533783783783784,0.0030616554054054054,0.000950168918918919,0.0017947635135135136,0.0014780405405405406,0.001900337837837838,0.0017947635135135136,0.0022170608108108107,0.0028505067567567567,0.0017947635135135136,0.000633445945945946,0.001266891891891892,0.0011613175675675676,0.0007390202702702703,0.000633445945945946,0.00021114864864864866,0.00021114864864864866,0.02364864864864865
welding_0009_17-38-23_p4,0.028694158075601373,0.024484536082474227,0.032946735395189004,0.046649484536082475,0.062242268041237114,0.06060996563573883,0.05283505154639175,0.04192439862542955,0.03436426116838488,0.03200171821305842,0.030412371134020618,0.029596219931271477,0.02847938144329897,0.028221649484536083,0.02689003436426117,0.02263745704467354,0.020360824742268042,0.018986254295532645,0.018599656357388316,0.01761168384879725,0.018513745704467354,0.018943298969072164,0.023797250859106528,0.019888316151202748,0.019372852233676977,0.016666666666666666,0.016494845360824743,0.015549828178694158,0.015764604810996563,0.016151202749140895,0.018470790378006873,0.016280068728522338,0.01640893470790378,0.017697594501718213,0.016494845360824743,0.015120274914089347,0.01288659793814433,0.009707903780068729,0.008462199312714776,0.005498281786941581,0.004553264604810997,0.004381443298969072,0.0032646048109965637,0.0014604810996563574,0.0014175257731958762,0.0010738831615120276,0.0009450171821305842,0.0013316151202749141,0.0008161512027491409,0.0007302405498281787,0.0006013745704467354,0.0003865979381443299,0.0002147766323024055,0.0002147766323024055,0.0001718213058419244,0.0002147766323024055,0.0001718213058419244,8.59106529209622e-05,4.29553264604811e-05,8.59106529209622e-05,0.0,0.0001718213058419244,0.0,0.0009450171821305842
welding_0009_17-38-23_p5,0.011788617886178862,0.05772357723577236,0.06666666666666667,0.06260162601626017,0.03414634146341464,0.021544715447154472,0.023577235772357725,0.02886178861788618,0.04552845528455285,0.04959349593495935,0.04186991869918699,0.03170731707317073,0.027642276422764227,0.01788617886178862,0.03048780487804878,0.01951219512195122,0.026016260162601626,0.026422764227642278,0.032520325203252036,0.030894308943089432,0.020731707317073172,0.01951219512195122,0.015853658536585366,0.017479674796747967,0.016260162601626018,0.014227642276422764,0.015040650406504066,0.012601626016260163,0.013414634146341463,0.006097560975609756,0.0065040650406504065,0.006097560975609756,0.011382113821138212,0.00975609756097561,0.0065040650406504065,0.0065040650406504065,0.004878048780487805,0.01016260162601626,0.0040650406504065045,0.004471544715447155,0.0032520325203252032,0.003658536585365854,0.004471544715447155,0.0020325203252032522,0.0024390243902439024,0.002845528455284553,0.0016260162601626016,0.003658536585365854,0.0012195121951219512,0.0008130081300813008,0.0024390243902439024,0.0024390243902439024,0.0008130081300813008,0.0032520325203252032,0.0020325203252032522,0.0032520325203252032,0.0012195121951219512,0.0020325203252032522,0.0012195121951219512,0.0008130081300813008,0.0020325203252032522,0.0004065040650406504,0.0,0.04349593495934959
welding_0009_17-38-23_p6,0.0007012622720897616,0.002805049088359046,0.0091164095371669,0.010869565217391304,0.021037868162692847,0.028401122019635343,0.02244039270687237,0.0364656381486676,0.04102384291725105,0.0364656381486676,0.042426367461430574,0.043127629733520335,0.04067321178120617,0.04873772791023843,0.04032258064516129,0.03295932678821879,0.0347124824684432,0.024894810659186535,0.025946704067321177,0.02769985974754558,0.023842917251051893,0.02699859747545582,0.029102384291725104,0.016479663394109396,0.01753155680224404,0.014375876577840112,0.01367461430575035,0.015778401122019635,0.012622720897615708,0.009467040673211781,0.014375876577840112,0.008064516129032258,0.012973352033660589,0.010518934081346423,0.011921458625525946,0.016129032258064516,0.012272089761570827,0.010168302945301542,0.012272089761570827,0.0070126227208976155,0.007713884992987377,0.008415147265077139,0.007363253856942496,0.005259467040673212,0.007363253856942496,0.004908835904628331,0.005259467040673212,0.00455820476858345,0.0024544179523141654,0.003155680224403927,0.00455820476858345,0.00455820476858345,0.0021037868162692847,0.0024544179523141654,0.0038569424964936885,0.0038569424964936885,0.0021037868162692847,0.001402524544179523,0.001402524544179523,0.0021037868162692847,0.001402524544179523,0.0007012622720897616,0.0024544179523141654,0.04417952314165498
welding_0009_17-38-23_p7,0.09842192691029901,0.13372093023255813,0.10548172757475083,0.08014950166112957,0.08637873754152824,0.056893687707641194,0.03446843853820598,0.03529900332225914,0.03529900332225914,0.030730897009966777,0.025332225913621262,0.02159468438538206,0.018687707641196014,0.016611295681063124,0.020348837209302327,0.015780730897009966,0.016611295681063124,0.014950166112956811,0.016611295681063124,0.014534883720930232,0.006644518272425249,0.009136212624584718,0.007475083056478406,0.005398671096345515,0.0070598006644518275,0.0029069767441860465,0.004152823920265781,0.0029069767441860465,0.0033222591362126247,0.003737541528239203,0.003737541528239203,0.0024916943521594683,0.0020764119601328905,0.0024916943521594683,0.0020764119601328905,0.0024916943521594683,0.0012458471760797341,0.0016611295681063123,0.0033222591362126247,0.0020764119601328905,0.0004152823920265781,0.0016611295681063123,0.0024916943521594683,0.0004152823920265781,0.0004152823920265781,0.0020764119601328905,0.0008305647840531562,0.0004152823920265781,0.0004152823920265781,0.0008305647840531562,0.0012458471760797341,0.0008305647840531562,0.0,0.0008305647840531562,0.0004152823920265781,0.0012458471760797341,0.0008305647840531562,0.0,0.0012458471760797341,0.0,0.0004152823920265781,0.0,0.0004152823920265781,0.02823920265780731
welding_0009_17-38-23_p8,0.01644736842105263,0.03188259109311741,0.03466599190283401,0.026821862348178137,0.029352226720647773,0.03694331983805668,0.04048582995951417,0.03795546558704453,0.03466599190283401,0.030617408906882592,0.030364372469635626,0.02327935222672065,0.022267206477732792,0.019736842105263157,0.026568825910931175,0.023026315789473683,0.025556680161943318,0.022267206477732792,0.01695344129554656,0.023026315789473683,0.018218623481781375,0.01771255060728745,0.018218623481781375,0.017459514170040488,0.02201417004048583,0.021761133603238867,0.020495951417004048,0.019230769230769232,0.019483805668016194,0.01771255060728745,0.014676113360323886,0.012145748987854251,0.013157894736842105,0.011133603238866396,0.01062753036437247,0.009362348178137652,0.008097165991902834,0.007338056680161943,0.011133603238866396,0.008856275303643725,0.005313765182186235,0.005313765182186235,0.006072874493927126,0.006325910931174089,0.003036437246963563,0.005060728744939271,0.003036437246963563,0.004554655870445344,0.001771255060728745,0.00354251012145749,0.003036437246963563,0.002783400809716599,0.002783400809716599,0.004807692307692308,0.002277327935222672,0.002783400809716599,0.003036437246963563,0.002783400809716599,0.003289473684210526,0.002783400809716599,0.0025303643724696357,0.0012651821862348178,0.0,0.07009109311740891
welding_0009_17-38-23_p9,0.001943634596695821,0.011175898931000973,0.015427599611273081,0.018221574344023325,0.04312439261418853,0.061467444120505345,0.058673469387755105,0.04931972789115646,0.042759961127308066,0.03765792031098154,0.03948007774538387,0.03644314868804665,0.03522837706511176,0.03134110787172012,0.027696793002915453,0.03000485908649174,0.02672497570456754,0.021501457725947522,0.02696793002915452,0.01967930029154519,0.023080660835762875,0.019193391642371233,0.018950437317784258,0.015427599611273081,0.015792031098153546,0.015184645286686104,0.015427599611273081,0.01445578231292517,0.014820213799805637,0.01336248785228377,0.013848396501457727,0.012633624878522837,0.01239067055393586,0.012876579203109815,0.00923226433430515,0.00923226433430515,0.009110787172011662,0.00522351797862002,0.006924198250728863,0.00619533527696793,0.004373177842565598,0.007410106899902819,0.00522351797862002,0.004859086491739553,0.0037657920310981536,0.003522837706511176,0.00413022351797862,0.003887269193391642,0.002672497570456754,0.0029154518950437317,0.0031584062196307093,0.0023080660835762875,0.002672497570456754,0.002186588921282799,0.002793974732750243,0.002186588921282799,0.0023080660835762875,0.0017006802721088435,0.0010932944606413995,0.0018221574344023323,0.002186588921282799,0.001943634596695821,0.0012147716229348883,0.031462585034013606
welding_0009_17-38-23_p10,0.1196808510638298,0.1201241134751773,0.12189716312056738,0.07136524822695035,0.060726950354609927,0.04476950354609929,0.040780141843971635,0.037677304964539006,0.028368794326241134,0.023936170212765957,0.020833333333333332,0.01551418439716312,0.014184397163120567,0.016400709219858155,0.015070921985815602,0.01374113475177305,0.018617021276595744,0.011081560283687944,0.01551418439716312,0.015070921985815602,0.00576241134751773,0.010638297872340425,0.008421985815602837,0.006648936170212766,0.00576241134751773,0.00576241134751773,0.0070921985815602835,0.005319148936170213,0.0062056737588652485,0.004432624113475178,0.006648936170212766,0.008421985815602837,0.0026595744680851063,0.0026595744680851063,0.004875886524822695,0.0035460992907801418,0.003989361702127659,0.003989361702127659,0.0062056737588652485,0.0031028368794326243,0.0035460992907801418,0.0031028368794326243,0.0031028368794326243,0.002216312056737589,0.0017730496453900709,0.0026595744680851063,0.0031028368794326243,0.0013297872340425532,0.003989361702127659,0.0017730496453900709,0.0013297872340425532,0.0013297872340425532,0.002216312056737589,0.0004432624113475177,0.0026595744680851063,0.0017730496453900709,0.0004432624113475177,0.0,0.0013297872340425532,0.0008865248226950354,0.0013297872340425532,0.0004432624113475177,0.0004432624113475177,0.02127659574468085
welding_0009_18-06-32_p0,0.06446886446886448,0.12014652014652015,0.08803418803418804,0.07124542124542124,0.07264957264957266,0.08388278388278388,0.08669108669108669,0.058302808302808304,0.032844932844932846,0.023687423687423687,0.01697191697191697,0.01105006105006105,0.012576312576312577,0.013064713064713065,0.014346764346764346,0.011721611721611722,0.01214896214896215,0.004822954822954823,0.0068986568986568984,0.0032967032967032967,0.0018925518925518926,0.004395604395604396,0.002380952380952381,0.002014652014652015,0.0029304029304029304,0.003785103785103785,0.002136752136752137,0.0020757020757020757,0.0010378510378510379,0.0017704517704517705,0.0010378510378510379,0.005494505494505495,0.004212454212454212,0.0006105006105006105,0.002136752136752137,0.0018925518925518926,0.0009768009768009768,0.0009157509157509158,0.004822954822954823,0.002380952380952381,0.00115995115995116,0.0007326007326007326,0.008241758241758242,0.00042735042735042735,0.00115995115995116,0.0027472527472527475,0.0008547008547008547,0.00641025641025641,0.0007936507936507937,0.0008547008547008547,0.0006105006105006105,0.0010378510378510379,0.00115995115995116,0.0032967032967032967,0.0014652014652014652,0.0008547008547008547,0.00115995115995116,0.00115995115995116,0.0006105006105006105,0.0007936507936507937,0.0005494505494505495,0.0004884004884004884,0.00042735042735042735,0.10525030525030525
welding_0009_18-06-32_p1,0.03192307692307692,0.06884615384615385,0.10551282051282052,0.12512820512820513,0.11987179487179488,0.08782051282051281,0.07384615384615385,0.06346153846153846,0.047435897435897434,0.034102564102564105,0.023205128205128205,0.017948717948717947,0.018461538461538463,0.013974358974358975,0.010897435897435897,0.011666666666666667,0.013205128205128204,0.00935897435897436,0.011025641025641025,0.006794871794871795,0.006153846153846154,0.006538461538461538,0.005128205128205128,0.003076923076923077,0.004743589743589744,0.0035897435897435897,0.0021794871794871794,0.004358974358974359,0.0028205128205128207,0.0034615384615384616,0.002564102564102564,0.0016666666666666668,0.002435897435897436,0.0014102564102564104,0.0017948717948717949,0.002692307692307692,0.0020512820512820513,0.0016666666666666668,0.001153846153846154,0.0014102564102564104,0.0001282051282051282,0.001153846153846154,0.0020512820512820513,0.0007692307692307692,0.0007692307692307692,0.001282051282051282,0.0008974358974358974,0.000641025641025641,0.0003846153846153846,0.0007692307692307692,0.0005128205128205128,0.0008974358974358974,0.0008974358974358974,0.0017948717948717949,0.0003846153846153846,0.0008974358974358974,0.0003846153846153846,0.0003846153846153846,0.0010256410256410256,0.0001282051282051282,0.0003846153846153846,0.0003846153846153846,0.0003846153846153846,0.027307692307692307
welding_0009_18-06-32_p2,0.04045758928571429,0.07470703125,0.09019252232142858,0.07066127232142858,0.07449776785714286,0.07407924107142858,0.06752232142857142,0.03962053571428571,0.022530691964285716,0.018694196428571428,0.015415736607142858,0.013462611607142858,0.0146484375,0.012974330357142858,0.018136160714285716,0.015555245535714286,0.01318359375,0.007463727678571429,0.006626674107142857,0.0048828125,0.005998883928571429,0.007603236607142857,0.005510602678571429,0.006417410714285714,0.007952008928571428,0.009695870535714286,0.008161272321428572,0.008858816964285714,0.008579799107142858,0.009556361607142858,0.011090959821428572,0.015345982142857142,0.012765066964285714,0.009626116071428572,0.010114397321428572,0.010463169642857142,0.00830078125,0.005929129464285714,0.010114397321428572,0.004743303571428571,0.0029296875,0.0020228794642857145,0.007533482142857143,0.001953125,0.0017438616071428572,0.002162388392857143,0.0016043526785714285,0.004185267857142857,0.0008370535714285714,0.0016043526785714285,0.0016741071428571428,0.002650669642857143,0.0016741071428571428,0.002720424107142857,0.0025111607142857145,0.0015345982142857143,0.0007672991071428571,0.0006277901785714286,0.0011858258928571428,0.0011160714285714285,0.0005580357142857143,0.0007672991071428571,0.00027901785714285713,0.08321707589285714
welding_0009_18-06-32_p3,0.0012787723785166241,0.004262574595055414,0.01278772378516624,0.058077578857630006,0.11647485080988917,0.16155157715260018,0.12468030690537084,0.09782608695652174,0.07789855072463768,0.04752770673486786,0.039322250639386186,0.022911338448422847,0.016410912190963342,0.019820971867007674,0.012468030690537084,0.01097612958226769,0.007566069906223359,0.009164535379369138,0.006074168797953964,0.005754475703324808,0.007033248081841432,0.0058610400682011935,0.005754475703324808,0.00479539641943734,0.005434782608695652,0.005434782608695652,0.004475703324808184,0.003942881500426257,0.0040494458653026425,0.0037297527706734866,0.0026641091219096334,0.002877237851662404,0.003090366581415175,0.002131287297527707,0.0038363171355498722,0.0026641091219096334,0.0025575447570332483,0.002131287297527707,0.0025575447570332483,0.002237851662404092,0.002877237851662404,0.0024509803921568627,0.0024509803921568627,0.002131287297527707,0.0026641091219096334,0.002237851662404092,0.0017050298380221654,0.0026641091219096334,0.002237851662404092,0.002237851662404092,0.0012787723785166241,0.0024509803921568627,0.00159846547314578,0.0013853367433930093,0.0024509803921568627,0.0018115942028985507,0.0014919011082693947,0.00159846547314578,0.0018115942028985507,0.0014919011082693947,0.0011722080136402388,0.0014919011082693947,0.0011722080136402388,0.025042625745950554
welding_0009_18-06-32_p4,0.01141826923076923,0.07211538461538461,0.08473557692307693,0.06610576923076923,0.046274038461538464,0.04927884615384615,0.046274038461538464,0.046274038461538464,0.061899038461538464,0.0546875,0.028245192307692308,0.029447115384615384,0.018629807692307692,0.017427884615384616,0.019831730769230768,0.015024038461538462,0.01622596153846154,0.013822115384615384,0.005408653846153846,0.008413461538461538,0.014423076923076924,0.01141826923076923,0.009615384615384616,0.008413461538461538,0.007211538461538462,0.01141826923076923,0.006610576923076923,0.005408653846153846,0.01141826923076923,0.009014423076923076,0.0078125,0.006610576923076923,0.01622596153846154,0.007211538461538462,0.005408653846153846,0.006610576923076923,0.012620192307692308,0.0078125,0.0078125,0.004206730769230769,0.004206730769230769,0.008413461538461538,0.0018028846153846155,0.005408653846153846,0.006009615384615385,0.0018028846153846155,0.004807692307692308,0.004206730769230769,0.0030048076923076925,0.0018028846153846155,0.0018028846153846155,0.0030048076923076925,0.002403846153846154,0.0078125,0.0,0.004807692307692308,0.004807692307692308,0.004807692307692308,0.004807692307692308,0.0006009615384615385,0.003605769230769231,0.002403846153846154,0.003605769230769231,0.025240384615384616
welding_0009_18-06-32_p5,0.10527613412228796,0.13535502958579881,0.11193293885601578,0.08801775147928995,0.07322485207100592,0.04930966469428008,0.036242603550295856,0.033160749506903356,0.028106508875739646,0.022435897435897436,0.021819526627218935,0.022189349112426034,0.014176528599605522,0.016395463510848127,0.015655818540433925,0.011094674556213017,0.015162721893491124,0.010355029585798817,0.009861932938856016,0.010231755424063117,0.008752465483234714,0.0072731755424063115,0.00641025641025641,0.005300788954635109,0.005793885601577909,0.005793885601577909,0.004437869822485207,0.004684418145956607,0.005177514792899409,0.004807692307692308,0.0034516765285996054,0.003081854043392505,0.0036982248520710057,0.002465483234714004,0.0033284023668639054,0.0033284023668639054,0.002095660749506903,0.0022189349112426036,0.0025887573964497044,0.0023422090729783036,0.0007396449704142012,0.0008629191321499013,0.0033284023668639054,0.001232741617357002,0.0014792899408284023,0.0018491124260355029,0.0019723865877712033,0.0027120315581854043,0.000616370808678501,0.0013560157790927022,0.0011094674556213018,0.0016025641025641025,0.0007396449704142012,0.002095660749506903,0.0013560157790927022,0.0011094674556213018,0.0007396449704142012,0.000616370808678501,0.001232741617357002,0.0009861932938856016,0.000616370808678501,0.0007396449704142012,0.0001232741617357002,0.05374753451676528
welding_0009_18-06-32_p6,0.16370223978919632,0.1469038208168643,0.10474308300395258,0.10309617918313571,0.08234519104084322,0.033267457180500656,0.030961791831357048,0.0230566534914361,0.01844532279314888,0.014163372859025032,0.018774703557312252,0.015810276679841896,0.014492753623188406,0.013504611330698288,0.016469038208168644,0.01745718050065876,0.01745718050065876,0.010210803689064558,0.008893280632411068,0.003952569169960474,0.005928853754940711,0.004281949934123847,0.0032938076416337285,0.0036231884057971015,0.004940711462450593,0.007246376811594203,0.00691699604743083,0.003952569169960474,0.003952569169960474,0.004281949934123847,0.0029644268774703555,0.00230566534914361,0.001976284584980237,0.002635046113306983,0.001976284584980237,0.0032938076416337285,0.001976284584980237,0.004281949934123847,0.0009881422924901185,0.0006587615283267457,0.001976284584980237,0.0016469038208168643,0.0016469038208168643,0.0016469038208168643,0.0009881422924901185,0.0032938076416337285,0.0036231884057971015,0.001976284584980237,0.0006587615283267457,0.0006587615283267457,0.0006587615283267457,0.001976284584980237,0.00032938076416337287,0.001976284584980237,0.0009881422924901185,0.0009881422924901185,0.001976284584980237,0.0006587615283267457,0.0013175230566534915,0.0,0.0006587615283267457,0.001976284584980237,0.001976284584980237,0.037220026350461136
welding_0009_18-19-59_p0,0.024945175438596492,0.08292214912280702,0.09690241228070176,0.1269188596491228,0.1269188596491228,0.09484649122807018,0.05578399122807018,0.03070175438596491,0.024945175438596492,0.02398574561403509,0.023574561403508772,0.021929824561403508,0.019736842105263157,0.01781798245614035,0.015487938596491228,0.012335526315789474,0.009868421052631578,0.011101973684210526,0.010416666666666666,0.008908991228070175,0.010827850877192983,0.008086622807017545,0.009457236842105263,0.008086622807017545,0.008360745614035088,0.008086622807017545,0.005756578947368421,0.0078125,0.004111842105263158,0.0050712719298245616,0.0027412280701754384,0.00424890350877193,0.0043859649122807015,0.0030153508771929823,0.0024671052631578946,0.0026041666666666665,0.001644736842105263,0.0021929824561403508,0.002055921052631579,0.001644736842105263,0.001644736842105263,0.001644736842105263,0.001918859649122807,0.0013706140350877192,0.001781798245614035,0.001781798245614035,0.001781798245614035,0.002055921052631579,0.0008223684210526315,0.0015076754385964911,0.001918859649122807,0.001781798245614035,0.0005482456140350877,0.0009594298245614035,0.0012335526315789473,0.0005482456140350877,0.001918859649122807,0.0012335526315789473,0.0009594298245614035,0.0010964912280701754,0.0012335526315789473,0.0006853070175438596,0.0013706140350877192,0.02549342105263158
welding_0009_18-19-59_p1,0.0009661286656058195,0.0017617640372812003,0.005569447601727665,0.008070015912707434,0.012843828142759719,0.019777222095930892,0.031598090475107976,0.04211184360081837,0.05893384860195499,0.08007501704932939,0.09530575130711526,0.05961582177767674,0.04569220277335758,0.03983859968174585,0.03046146851557172,0.03290520572857467,0.029040691066151397,0.03154125937713117,0.031825414867015234,0.030575130711525348,0.025119345305751307,0.023925892248238236,0.021311661741304843,0.02636962946124119,0.03313253012048193,0.025687656285519438,0.01835644464651057,0.01619686292339168,0.012673334848829279,0.013014321436690157,0.013184814730620595,0.009718117754035008,0.008126847010684246,0.006706069561263924,0.00721754944305524,0.006308251875426233,0.0053421232098204135,0.004546487838145033,0.005398954307797227,0.005171629915889975,0.003978176858376904,0.004319163446237781,0.0032962036826551487,0.0012502841554898842,0.0009661286656058195,0.0011366219595362582,0.0008524664696521937,0.0011366219595362582,0.0004546487838145033,0.0007956353716753807,0.00039781768583769037,0.0004546487838145033,0.0008524664696521937,0.0006251420777449421,0.000681973175721755,0.00022732439190725165,0.00039781768583769037,0.00022732439190725165,0.00011366219595362583,5.6831097976812913e-05,0.00011366219595362583,0.0,0.00017049329393043874,0.0014776085473971357
welding_0009_18-19-59_p2,0.011646412037037037,0.031105324074074073,0.02032696759259259,0.019314236111111112,0.027994791666666668,0.033637152777777776,0.033637152777777776,0.027994791666666668,0.03009259259259259,0.029007523148148147,0.036675347222222224,0.03551793981481482,0.039713541666666664,0.03602430555555555,0.033637152777777776,0.030598958333333332,0.027994791666666668,0.02727141203703704,0.025607638888888888,0.01960358796296296,0.020399305555555556,0.017722800925925927,0.021122685185185185,0.022352430555555556,0.022352430555555556,0.021122685185185185,0.019169560185185185,0.019820601851851853,0.017722800925925927,0.017939814814814815,0.017795138888888888,0.017867476851851853,0.01750578703703704,0.017216435185185185,0.014829282407407407,0.017361111111111112,0.015190972222222222,0.015335648148148149,0.013454861111111112,0.010850694444444444,0.008101851851851851,0.007089120370370371,0.005135995370370371,0.004846643518518518,0.004774305555555556,0.0029658564814814816,0.003472222222222222,0.003399884259259259,0.00267650462962963,0.0016637731481481482,0.0016637731481481482,0.0015190972222222222,0.001736111111111111,0.0015190972222222222,0.0011574074074074073,0.0012297453703703704,0.0013020833333333333,0.0008680555555555555,0.0010850694444444445,0.00043402777777777775,0.0005787037037037037,0.0005787037037037037,0.0007233796296296296,0.006944444444444444
welding_0009_18-19-59_p3,0.003787878787878788,0.014177489177489178,0.012229437229437229,0.012878787878787878,0.023593073593073593,0.04177489177489178,0.030952380952380953,0.02997835497835498,0.02943722943722944,0.02088744588744589,0.02727272727272727,0.02683982683982684,0.019805194805194805,0.01829004329004329,0.020562770562770564,0.02207792207792208,0.025757575757575757,0.037987012987012986,0.04621212121212121,0.039285714285714285,0.03106060606060606,0.0316017316017316,0.029545454545454545,0.025974025974025976,0.028354978354978355,0.02997835497835498,0.02196969696969697,0.022835497835497834,0.022835497835497834,0.022835497835497834,0.022510822510822513,0.01958874458874459,0.019913419913419914,0.019913419913419914,0.016125541125541126,0.016125541125541126,0.01406926406926407,0.012121212121212121,0.015367965367965367,0.00974025974025974,0.008982683982683983,0.0079004329004329,0.006493506493506494,0.004978354978354979,0.006060606060606061,0.0035714285714285713,0.0044372294372294376,0.0021645021645021645,0.0022727272727272726,0.00183982683982684,0.00183982683982684,0.0012987012987012987,0.001948051948051948,0.002380952380952381,0.0016233766233766235,0.0007575757575757576,0.0005411255411255411,0.0003246753246753247,0.0004329004329004329,0.0005411255411255411,0.00021645021645021645,0.0004329004329004329,0.00010822510822510823,0.0025974025974025974
welding_0009_18-19-59_p4,0.015731292517006803,0.11181972789115646,0.18154761904761904,0.18197278911564627,0.12074829931972789,0.1130952380952381,0.04931972789115646,0.04634353741496599,0.030612244897959183,0.01445578231292517,0.01488095238095238,0.00935374149659864,0.00935374149659864,0.008078231292517007,0.008078231292517007,0.00467687074829932,0.007227891156462585,0.003826530612244898,0.003826530612244898,0.0021258503401360546,0.002551020408163265,0.00467687074829932,0.002551020408163265,0.0012755102040816326,0.002976190476190476,0.00042517006802721087,0.00042517006802721087,0.0012755102040816326,0.0021258503401360546,0.0012755102040816326,0.00042517006802721087,0.0017006802721088435,0.0017006802721088435,0.0012755102040816326,0.0017006802721088435,0.002551020408163265,0.0008503401360544217,0.0008503401360544217,0.0008503401360544217,0.0,0.0008503401360544217,0.00042517006802721087,0.0,0.0021258503401360546,0.00042517006802721087,0.0,0.0012755102040816326,0.0008503401360544217,0.0,0.00042517006802721087,0.00042517006802721087,0.0008503401360544217,0.0008503401360544217,0.0,0.0008503401360544217,0.0008503401360544217,0.0,0.0,0.0012755102040816326,0.0,0.00042517006802721087,0.0,0.0,0.0195578231292517
welding_0009_18-35-45_p0,0.04814762443438914,0.07798359728506787,0.07437782805429864,0.05733880090497737,0.0553591628959276,0.05118778280542986,0.04136029411764706,0.0383908371040724,0.03018947963800905,0.026442307692307692,0.02637160633484163,0.024109162895927603,0.023260746606334842,0.020291289592760182,0.01901866515837104,0.019301470588235295,0.021634615384615384,0.017251131221719458,0.014493778280542987,0.01307975113122172,0.014210972850678733,0.012867647058823529,0.01265554298642534,0.008342760180995475,0.00904977375565611,0.008484162895927601,0.008766968325791855,0.007423642533936651,0.006787330316742082,0.0077771493212669685,0.005444004524886878,0.005019796380090498,0.007211538461538462,0.0038178733031674207,0.004383484162895928,0.005938914027149321,0.004736990950226244,0.004454185520361991,0.005019796380090498,0.005656108597285068,0.0035350678733031674,0.0026866515837104072,0.005231900452488687,0.003605769230769231,0.002474547511312217,0.004100678733031674,0.0043127828054298645,0.0053733031674208145,0.0029694570135746605,0.0033229638009049773,0.003393665158371041,0.003393665158371041,0.002474547511312217,0.003464366515837104,0.0038885746606334842,0.0031815610859728507,0.0026159502262443437,0.0019796380090497737,0.0029694570135746605,0.0016968325791855204,0.001201923076923077,0.001626131221719457,0.0010605203619909501,0.0818014705882353
welding_0009_18-35-45_p1,0.07082330787739304,0.07597552045193012,0.09318443351815044,0.07919238414060048,0.06661261638246678,0.06007427555183597,0.0474160477037347,0.040746940056491265,0.03679778219479025,0.030573281724029712,0.026545663772361127,0.023904174076786276,0.026231823412490845,0.016711999163092375,0.019928862851762735,0.011533633225232764,0.017888900512605922,0.01373051574432472,0.014750496913903129,0.009676744429333613,0.010199811695784078,0.010801339052202113,0.0079767758133696,0.003949157861701014,0.009938278062558845,0.006590647557275866,0.013547442201067057,0.0067737211005335285,0.0048122188513442824,0.01684276597970499,0.0038183910450883983,0.00486452557798933,0.013364368657809393,0.0023538026990270948,0.007715242180144366,0.004655298671409143,0.0031645569620253164,0.002929176692122607,0.003321477141960456,0.005570666387697458,0.0007322941730306517,0.000941521079610838,0.0065383408306308195,0.0008369076263207448,0.0008369076263207448,0.002589182968929804,0.0012815148028036405,0.002929176692122607,0.00028768699654775604,0.0009938278062558844,0.00039230044983784915,0.001229208076158594,0.00039230044983784915,0.0027984098755099904,0.0014645883460613035,0.0005492206297729888,0.0010199811695784078,0.00028768699654775604,0.0007846008996756983,0.00039230044983784915,0.0002353802699027095,0.0001046134532900931,2.6153363322523277e-05,0.04686682707396171
welding_0009_18-35-45_p2,0.02080223880597015,0.024067164179104476,0.024813432835820895,0.03171641791044776,0.03544776119402985,0.04748134328358209,0.05503731343283582,0.04580223880597015,0.04580223880597015,0.04328358208955224,0.04272388059701492,0.04477611940298507,0.03824626865671642,0.037593283582089555,0.04169776119402985,0.03833955223880597,0.031436567164179106,0.02667910447761194,0.02509328358208955,0.022014925373134327,0.01837686567164179,0.020615671641791046,0.02005597014925373,0.014645522388059702,0.01585820895522388,0.012593283582089552,0.012033582089552238,0.010914179104477612,0.011940298507462687,0.008115671641791045,0.00876865671641791,0.00914179104477612,0.00830223880597015,0.008022388059701492,0.006902985074626866,0.005783582089552239,0.004850746268656716,0.004757462686567164,0.003638059701492537,0.0052238805970149255,0.003451492537313433,0.0032649253731343282,0.0037313432835820895,0.0033582089552238806,0.0032649253731343282,0.002425373134328358,0.002425373134328358,0.0021455223880597015,0.0017723880597014926,0.002052238805970149,0.0013059701492537314,0.0016791044776119403,0.0017723880597014926,0.001585820895522388,0.0013992537313432835,0.0013992537313432835,0.001119402985074627,0.0010261194029850746,0.0018656716417910447,0.001119402985074627,0.001119402985074627,0.0008395522388059701,0.00027985074626865673,0.022201492537313433
welding_0009_18-35-45_p3,0.03520710059171597,0.05493096646942801,0.05187376725838264,0.04142011834319527,0.03629191321499014,0.036686390532544376,0.03717948717948718,0.035798816568047336,0.03362919132149901,0.03195266272189349,0.03185404339250493,0.03185404339250493,0.035700197238658776,0.03372781065088758,0.033037475345167655,0.028402366863905324,0.02504930966469428,0.021893491124260357,0.023570019723865878,0.020808678500986194,0.015581854043392506,0.022090729783037475,0.022189349112426034,0.01913214990138067,0.01982248520710059,0.01725838264299803,0.01686390532544379,0.014497041420118343,0.012031558185404339,0.009171597633136094,0.010355029585798817,0.009763313609467455,0.007790927021696253,0.008185404339250493,0.00621301775147929,0.007692307692307693,0.004832347140039448,0.005424063116370809,0.004536489151873767,0.005818540433925049,0.0035502958579881655,0.004043392504930967,0.0038461538461538464,0.0033530571992110452,0.0036489151873767257,0.0026627218934911242,0.0026627218934911242,0.0027613412228796844,0.0014792899408284023,0.0021696252465483235,0.0019723865877712033,0.002564102564102564,0.001873767258382643,0.0021696252465483235,0.0014792899408284023,0.0016765285996055226,0.0014792899408284023,0.001183431952662722,0.0020710059171597634,0.001282051282051282,0.0010848126232741618,0.001183431952662722,0.0004930966469428008,0.029191321499013805
welding_0009_18-35-45_p4,0.02160904255319149,0.04461436170212766,0.05186170212765957,0.07227393617021277,0.07207446808510638,0.08131648936170213,0.11422872340425531,0.08178191489361702,0.05977393617021277,0.04401595744680851,0.028191489361702127,0.022273936170212765,0.018617021276595744,0.012965425531914893,0.01050531914893617,0.007579787234042553,0.009375,0.007180851063829787,0.005252659574468085,0.004986702127659575,0.004587765957446808,0.004853723404255319,0.004654255319148936,0.0036569148936170214,0.003989361702127659,0.0044547872340425535,0.0044547872340425535,0.0033909574468085108,0.0031914893617021275,0.00425531914893617,0.002859042553191489,0.003125,0.004055851063829787,0.0029920212765957447,0.0022606382978723402,0.003457446808510638,0.001928191489361702,0.0036569148936170214,0.0032579787234042553,0.002726063829787234,0.0032579787234042553,0.0039228723404255315,0.003989361702127659,0.002726063829787234,0.0029920212765957447,0.0037898936170212764,0.003125,0.003324468085106383,0.002859042553191489,0.0030585106382978724,0.0035904255319148936,0.004122340425531915,0.002726063829787234,0.003523936170212766,0.0025930851063829786,0.0018617021276595746,0.0011303191489361701,0.0014627659574468085,0.001928191489361702,0.001728723404255319,0.0015957446808510637,0.0011968085106382979,0.0005984042553191489,0.09660904255319148
welding_0010_17-38-19_p0,0.04351851851851852,0.09983660130718955,0.14727668845315905,0.135838779956427,0.13747276688453158,0.06900871459694989,0.04814814814814815,0.034858387799564274,0.029411764705882353,0.026252723311546843,0.020860566448801743,0.016666666666666666,0.015631808278867104,0.011928104575163398,0.010348583877995643,0.008823529411764706,0.009313725490196078,0.008387799564270153,0.006209150326797385,0.007352941176470588,0.005664488017429194,0.006753812636165577,0.005664488017429194,0.005337690631808279,0.005718954248366013,0.006372549019607843,0.006753812636165577,0.004084967320261438,0.003159041394335512,0.003703703703703704,0.0030501089324618735,0.001906318082788671,0.0023965141612200436,0.0020697167755991284,0.001579520697167756,0.0016884531590413943,0.001579520697167756,0.0011437908496732027,0.0011982570806100218,0.0015250544662309367,0.000925925925925926,0.001252723311546841,0.00196078431372549,0.0011982570806100218,0.0007625272331154684,0.000925925925925926,0.0008169934640522876,0.0010348583877995642,0.0004901960784313725,0.0007625272331154684,0.00021786492374727668,0.0007080610021786493,0.0005446623093681918,0.000980392156862745,0.0015250544662309367,0.00043572984749455336,0.000925925925925926,0.00021786492374727668,0.0005991285403050109,0.0005991285403050109,0.00021786492374727668,0.000326797385620915,5.446623093681917e-05,0.024019607843137256
welding_0010_17-38-19_p1,0.0596501572327044,0.1615566037735849,0.1608687106918239,0.14386792452830188,0.12608097484276728,0.09846698113207547,0.055129716981132074,0.0266312893081761,0.024174528301886794,0.015330188679245283,0.013266509433962265,0.011104559748427672,0.00972877358490566,0.006780660377358491,0.007763364779874214,0.0076650943396226415,0.007861635220125786,0.005404874213836478,0.006977201257861635,0.0047169811320754715,0.004815251572327044,0.004913522012578616,0.0030463836477987423,0.0019654088050314465,0.0025550314465408804,0.002161949685534591,0.0018671383647798742,0.0013757861635220125,0.0010809748427672956,0.0012775157232704402,0.0015723270440251573,0.0005896226415094339,0.0011792452830188679,0.0011792452830188679,0.000884433962264151,0.0006878930817610062,0.0007861635220125787,0.0004913522012578616,0.0004913522012578616,0.0009827044025157233,0.00039308176100628933,0.0007861635220125787,0.0005896226415094339,0.0006878930817610062,0.0004913522012578616,0.00029481132075471697,0.0004913522012578616,0.00029481132075471697,9.827044025157233e-05,9.827044025157233e-05,9.827044025157233e-05,0.00039308176100628933,0.00039308176100628933,0.00029481132075471697,0.00029481132075471697,0.0,0.00019654088050314466,0.0,0.00029481132075471697,0.00019654088050314466,9.827044025157233e-05,9.827044025157233e-05,0.0,0.006485849056603774
welding_0010_17-38-24_p0,0.0020751953125,0.007080078125,0.0164794921875,0.026611328125,0.033935546875,0.0316162109375,0.0347900390625,0.034423828125,0.033447265625,0.04052734375,0.0364990234375,0.0355224609375,0.0416259765625,0.0386962890625,0.036865234375,0.037109375,0.03173828125,0.0313720703125,0.0330810546875,0.02880859375,0.02978515625,0.0296630859375,0.02587890625,0.0245361328125,0.024169921875,0.021484375,0.0185546875,0.0186767578125,0.0162353515625,0.0184326171875,0.0142822265625,0.0126953125,0.008544921875,0.01171875,0.007568359375,0.0098876953125,0.0087890625,0.006103515625,0.008056640625,0.0059814453125,0.0054931640625,0.0050048828125,0.00537109375,0.0045166015625,0.00390625,0.0032958984375,0.002685546875,0.003173828125,0.0028076171875,0.0015869140625,0.0018310546875,0.0013427734375,0.001220703125,0.00146484375,0.0010986328125,0.0006103515625,0.0008544921875,0.0008544921875,0.0006103515625,0.001220703125,0.00146484375,0.0010986328125,0.0006103515625,0.0145263671875
welding_0010_17-38-24_p1,0.02548476454293629,0.03074792243767313,0.03564173591874423,0.038873499538319485,0.05318559556786703,0.0602954755309326,0.05443213296398892,0.04686057248384118,0.04192059095106186,0.03716528162511542,0.03319482917820868,0.029178208679593722,0.025530932594644506,0.023961218836565098,0.01948291782086796,0.019944598337950138,0.019113573407202215,0.019436749769159743,0.01897506925207756,0.01929824561403509,0.020498614958448753,0.021745152354570637,0.018421052631578946,0.019344413665743306,0.019344413665743306,0.018005540166204988,0.018467220683287166,0.01680517082179132,0.016528162511542013,0.01814404432132964,0.016435826408125576,0.015143120960295476,0.015558633425669436,0.015789473684210527,0.016666666666666666,0.016204986149584488,0.01371191135734072,0.010156971375807941,0.0066020313942751615,0.004847645429362881,0.0039242843951985225,0.0034164358264081257,0.002677746999076639,0.0030009233610341643,0.0018005540166204986,0.0017082179132040629,0.0007848568790397045,0.001015697137580794,0.0006463527239150508,0.0007386888273314866,0.0004616805170821791,0.000507848568790397,0.000507848568790397,0.00023084025854108956,0.0003231763619575254,0.0003693444136657433,0.0003693444136657433,0.00023084025854108956,0.0004616805170821791,9.233610341643582e-05,0.00013850415512465375,0.00013850415512465375,0.00018467220683287164,0.005124653739612188
welding_0010_17-38-24_p2,0.017857142857142856,0.034013605442176874,0.05413832199546485,0.06462585034013606,0.05243764172335601,0.031179138321995464,0.02947845804988662,0.022675736961451247,0.020124716553287982,0.021258503401360544,0.023242630385487528,0.02947845804988662,0.031179138321995464,0.02947845804988662,0.03259637188208617,0.0405328798185941,0.03939909297052154,0.03599773242630386,0.03202947845804989,0.035147392290249435,0.036564625850340135,0.031746031746031744,0.026643990929705215,0.017573696145124718,0.02040816326530612,0.015022675736961451,0.013038548752834467,0.01473922902494331,0.011054421768707483,0.011337868480725623,0.010487528344671202,0.00992063492063492,0.007936507936507936,0.006519274376417234,0.008219954648526076,0.006519274376417234,0.0022675736961451248,0.0045351473922902496,0.003401360544217687,0.0045351473922902496,0.002551020408163265,0.002834467120181406,0.0022675736961451248,0.0022675736961451248,0.0002834467120181406,0.002834467120181406,0.002551020408163265,0.0017006802721088435,0.0017006802721088435,0.001984126984126984,0.0011337868480725624,0.0011337868480725624,0.0017006802721088435,0.0008503401360544217,0.001417233560090703,0.0011337868480725624,0.001417233560090703,0.0008503401360544217,0.0022675736961451248,0.0008503401360544217,0.0005668934240362812,0.0008503401360544217,0.0002834467120181406,0.02522675736961451
welding_0010_17-38-24_p3,0.11046511627906977,0.13263081395348839,0.0872093023255814,0.08938953488372094,0.06431686046511628,0.06686046511627906,0.048328488372093026,0.03815406976744186,0.02943313953488372,0.025799418604651164,0.022165697674418606,0.02071220930232558,0.02071220930232558,0.020348837209302327,0.01998546511627907,0.012718023255813954,0.016351744186046513,0.00872093023255814,0.012718023255813954,0.00944767441860465,0.007267441860465116,0.007630813953488372,0.007267441860465116,0.004723837209302325,0.006904069767441861,0.006904069767441861,0.0061773255813953485,0.005450581395348837,0.005813953488372093,0.005087209302325582,0.00436046511627907,0.006540697674418605,0.001816860465116279,0.002180232558139535,0.0014534883720930232,0.002180232558139535,0.002180232558139535,0.0029069767441860465,0.0029069767441860465,0.0014534883720930232,0.0014534883720930232,0.002543604651162791,0.0014534883720930232,0.0010901162790697674,0.0010901162790697674,0.0014534883720930232,0.0010901162790697674,0.001816860465116279,0.0007267441860465116,0.002180232558139535,0.0014534883720930232,0.001816860465116279,0.0010901162790697674,0.001816860465116279,0.0007267441860465116,0.0007267441860465116,0.0010901162790697674,0.0007267441860465116,0.0,0.0007267441860465116,0.0010901162790697674,0.0003633720930232558,0.0,0.025799418604651164
welding_0010_17-38-24_p4,0.01263157894736842,0.029210526315789475,0.053157894736842105,0.05921052631578947,0.04868421052631579,0.03394736842105263,0.034736842105263156,0.04,0.04473684210526316,0.04131578947368421,0.03657894736842105,0.038157894736842106,0.04842105263157895,0.04105263157894737,0.035789473684210524,0.030526315789473683,0.034473684210526316,0.031315789473684214,0.024210526315789474,0.02736842105263158,0.02157894736842105,0.018157894736842106,0.01631578947368421,0.01263157894736842,0.012105263157894737,0.012368421052631579,0.010263157894736842,0.008947368421052631,0.008157894736842105,0.007368421052631579,0.005789473684210527,0.0044736842105263155,0.0060526315789473685,0.0044736842105263155,0.005263157894736842,0.0036842105263157894,0.0034210526315789475,0.004210526315789474,0.0036842105263157894,0.003947368421052632,0.0013157894736842105,0.003157894736842105,0.003947368421052632,0.003157894736842105,0.0005263157894736842,0.002631578947368421,0.0034210526315789475,0.002631578947368421,0.0013157894736842105,0.0013157894736842105,0.0028947368421052633,0.0018421052631578947,0.002105263157894737,0.0007894736842105263,0.0010526315789473684,0.0010526315789473684,0.0015789473684210526,0.0010526315789473684,0.0010526315789473684,0.0005263157894736842,0.0015789473684210526,0.0007894736842105263,0.0,0.041842105263157896
welding_0010_17-38-24_p5,0.10912343470483005,0.08542039355992845,0.09123434704830054,0.11627906976744186,0.07737030411449015,0.044722719141323794,0.03488372093023256,0.03309481216457961,0.02728085867620751,0.018783542039355994,0.020572450805008944,0.01699463327370304,0.011180679785330949,0.0129695885509839,0.012075134168157423,0.00849731663685152,0.01744186046511628,0.009838998211091235,0.01073345259391771,0.012522361359570662,0.011627906976744186,0.01073345259391771,0.009838998211091235,0.00849731663685152,0.008944543828264758,0.011180679785330949,0.005813953488372093,0.007602862254025045,0.006708407871198569,0.004472271914132379,0.007155635062611807,0.006708407871198569,0.004472271914132379,0.0031305903398926656,0.005366726296958855,0.004025044722719142,0.005366726296958855,0.005813953488372093,0.004919499105545617,0.0013416815742397137,0.0022361359570661895,0.004919499105545617,0.0035778175313059034,0.0031305903398926656,0.0022361359570661895,0.0022361359570661895,0.0017889087656529517,0.004025044722719142,0.0022361359570661895,0.0026833631484794273,0.006708407871198569,0.004025044722719142,0.0017889087656529517,0.004472271914132379,0.0031305903398926656,0.0026833631484794273,0.0026833631484794273,0.0013416815742397137,0.0008944543828264759,0.0004472271914132379,0.0022361359570661895,0.0017889087656529517,0.0,0.03398926654740608
welding_0010_17-38-24_p6,0.009221311475409836,0.022711748633879782,0.01758879781420765,0.012978142076502733,0.01724726775956284,0.030054644808743168,0.034665300546448084,0.036543715846994534,0.029883879781420764,0.029883879781420764,0.03500683060109289,0.03671448087431694,0.03500683060109289,0.03244535519125683,0.029883879781420764,0.02817622950819672,0.040300546448087435,0.033299180327868855,0.02920081967213115,0.02851775956284153,0.02578551912568306,0.025102459016393443,0.022540983606557378,0.017418032786885244,0.016905737704918034,0.02185792349726776,0.02219945355191257,0.019296448087431695,0.018271857923497267,0.020662568306010928,0.015710382513661202,0.014002732240437158,0.016564207650273225,0.01912568306010929,0.012978142076502733,0.012807377049180328,0.010416666666666666,0.010245901639344262,0.007342896174863388,0.0056352459016393444,0.0047814207650273225,0.004610655737704918,0.004439890710382513,0.005122950819672131,0.003927595628415301,0.0029030054644808745,0.00426912568306011,0.004098360655737705,0.0029030054644808745,0.0023907103825136613,0.0010245901639344263,0.001366120218579235,0.0023907103825136613,0.003586065573770492,0.0022199453551912567,0.0017076502732240437,0.001878415300546448,0.0020491803278688526,0.0025614754098360654,0.001366120218579235,0.0020491803278688526,0.0008538251366120218,0.0008538251366120218,0.03244535519125683
welding_0010_17-38-24_p7,0.026227678571428572,0.08212425595238096,0.09933035714285714,0.08556547619047619,0.09319196428571429,0.07449776785714286,0.04650297619047619,0.03571428571428571,0.029017857142857144,0.025762648809523808,0.023251488095238096,0.024832589285714284,0.023251488095238096,0.02613467261904762,0.023251488095238096,0.02101934523809524,0.024460565476190476,0.021112351190476192,0.016741071428571428,0.015718005952380952,0.016927083333333332,0.01329985119047619,0.014787946428571428,0.010881696428571428,0.011904761904761904,0.011439732142857142,0.008277529761904762,0.007719494047619048,0.005673363095238095,0.006417410714285714,0.00548735119047619,0.004650297619047619,0.005394345238095238,0.0032552083333333335,0.003162202380952381,0.00390625,0.002883184523809524,0.002976190476190476,0.003162202380952381,0.0030691964285714285,0.0015811011904761905,0.0018601190476190475,0.002883184523809524,0.0013020833333333333,0.0010230654761904762,0.0018601190476190475,0.0011160714285714285,0.0017671130952380952,0.0003720238095238095,0.000744047619047619,0.0008370535714285714,0.0006510416666666666,0.0005580357142857143,0.001209077380952381,0.0008370535714285714,0.000744047619047619,0.0008370535714285714,0.00018601190476190475,0.0006510416666666666,0.0005580357142857143,0.0003720238095238095,0.0004650297619047619,9.300595238095238e-05,0.014508928571428572
welding_0010_17-38-24_p8,0.004667207792207792,0.010349025974025974,0.024147727272727272,0.026278409090909092,0.044541396103896104,0.05783279220779221,0.049411525974025976,0.0505275974025974,0.049005681818181816,0.04697646103896104,0.04017857142857143,0.041700487012987016,0.03835227272727273,0.03439529220779221,0.029931006493506492,0.028916396103896104,0.02932224025974026,0.023944805194805196,0.025162337662337664,0.020799512987012988,0.02130681818181818,0.01755275974025974,0.016436688311688312,0.012885551948051948,0.01572646103896104,0.018161525974025976,0.016538149350649352,0.016335227272727272,0.015523538961038962,0.013291396103896104,0.01166801948051948,0.00984172077922078,0.008116883116883116,0.00872564935064935,0.006392045454545455,0.008319805194805194,0.00679788961038961,0.005783279220779221,0.007102272727272727,0.00588474025974026,0.005174512987012987,0.004565746753246753,0.004768668831168831,0.0033482142857142855,0.004261363636363636,0.00294237012987013,0.003145292207792208,0.003956980519480519,0.002435064935064935,0.0019277597402597403,0.0019277597402597403,0.0017248376623376623,0.0015219155844155845,0.0018262987012987013,0.0013189935064935065,0.0016233766233766235,0.0011160714285714285,0.0010146103896103895,0.0019277597402597403,0.0014204545454545455,0.0013189935064935065,0.0012175324675324675,0.0009131493506493506,0.025771103896103896
welding_0010_17-38-24_p9,0.012115384615384615,0.03288461538461539,0.039038461538461536,0.03884615384615384,0.031153846153846153,0.03346153846153846,0.031153846153846153,0.03826923076923077,0.038461538461538464,0.03538461538461538,0.033846153846153845,0.03634615384615385,0.04403846153846154,0.03865384615384616,0.035,0.029038461538461537,0.03403846153846154,0.02653846153846154,0.026346153846153846,0.026153846153846153,0.021346153846153845,0.01942307692307692,0.017115384615384616,0.01653846153846154,0.014807692307692308,0.0175,0.014615384615384615,0.009038461538461539,0.012115384615384615,0.011346153846153846,0.010192307692307691,0.009038461538461539,0.010576923076923078,0.009230769230769232,0.01,0.008653846153846154,0.0075,0.007115384615384615,0.004807692307692308,0.005192307692307692,0.002692307692307692,0.003076923076923077,0.004423076923076923,0.004615384615384616,0.001346153846153846,0.002307692307692308,0.0028846153846153848,0.0034615384615384616,0.0015384615384615385,0.0017307692307692308,0.002307692307692308,0.0017307692307692308,0.002307692307692308,0.003076923076923077,0.002307692307692308,0.0019230769230769232,0.0017307692307692308,0.0019230769230769232,0.0019230769230769232,0.0015384615384615385,0.0025,0.0007692307692307692,0.000576923076923077,0.05038461538461538
welding_0010_17-38-24_p10,0.0007012622720897616,0.004207573632538569,0.016129032258064516,0.017180925666199158,0.020687237026647966,0.01753155680224404,0.03751753155680224,0.04067321178120617,0.043478260869565216,0.052594670406732116,0.03611500701262272,0.028751753155680224,0.047335203366058905,0.043478260869565216,0.04663394109396914,0.038569424964936885,0.03927068723702665,0.034361851332398316,0.029453015427769985,0.028050490883590462,0.02769985974754558,0.023492286115007012,0.018934081346423562,0.01753155680224404,0.016479663394109396,0.014726507713884993,0.014375876577840112,0.01367461430575035,0.015778401122019635,0.014726507713884993,0.014375876577840112,0.011921458625525946,0.007713884992987377,0.014025245441795231,0.010869565217391304,0.01332398316970547,0.00876577840112202,0.004908835904628331,0.008415147265077139,0.008064516129032258,0.004908835904628331,0.0038569424964936885,0.005259467040673212,0.004207573632538569,0.004207573632538569,0.0038569424964936885,0.004207573632538569,0.0038569424964936885,0.005259467040673212,0.0017531556802244039,0.0024544179523141654,0.003155680224403927,0.001402524544179523,0.002805049088359046,0.0021037868162692847,0.001402524544179523,0.001402524544179523,0.0010518934081346423,0.0017531556802244039,0.002805049088359046,0.0024544179523141654,0.0024544179523141654,0.001402524544179523,0.029453015427769985
welding_0010_18-06-32_p0,0.0485958485958486,0.12722832722832722,0.09224664224664225,0.07521367521367521,0.0695970695970696,0.08382173382173382,0.08876678876678877,0.059218559218559216,0.03235653235653236,0.021794871794871794,0.016483516483516484,0.011294261294261294,0.013858363858363858,0.013980463980463981,0.01391941391941392,0.010378510378510378,0.009768009768009768,0.005555555555555556,0.008547008547008548,0.003663003663003663,0.00231990231990232,0.0037240537240537243,0.002258852258852259,0.0015262515262515263,0.002136752136752137,0.004334554334554335,0.0019536019536019536,0.0019536019536019536,0.0009768009768009768,0.0016483516483516484,0.0009157509157509158,0.004517704517704518,0.004884004884004884,0.0014652014652014652,0.0017704517704517705,0.001343101343101343,0.001098901098901099,0.0006105006105006105,0.004945054945054945,0.0019536019536019536,0.00042735042735042735,0.0006715506715506716,0.010073260073260074,0.0003663003663003663,0.0008547008547008547,0.0026251526251526254,0.0009157509157509158,0.006166056166056166,0.0007326007326007326,0.001221001221001221,0.0009157509157509158,0.0014652014652014652,0.001282051282051282,0.0037240537240537243,0.0017704517704517705,0.001221001221001221,0.0008547008547008547,0.001221001221001221,0.0008547008547008547,0.0005494505494505495,0.0004884004884004884,0.0004884004884004884,0.00042735042735042735,0.10805860805860806
welding_0010_18-06-32_p1,0.005916159567275186,0.004394861392832995,0.008958755916159567,0.058231913455037185,0.11883029073698445,0.17385057471264367,0.12922582826233941,0.10488505747126436,0.06110547667342799,0.04437119675456389,0.03718728870858688,0.023664638269100743,0.01977687626774848,0.016903313049357674,0.012339418526031102,0.008620689655172414,0.007014874915483435,0.006254225828262339,0.007014874915483435,0.005070993914807302,0.0058316430020283975,0.004732927653820149,0.003887762001352265,0.00414131169709263,0.004986477349560514,0.004479377958079784,0.003887762001352265,0.00414131169709263,0.0037187288708586883,0.002704530087897228,0.0033806626098715348,0.002704530087897228,0.002704530087897228,0.0030425963488843813,0.0032961460446247464,0.0038032454361054766,0.002789046653144016,0.002958079783637593,0.003211629479377958,0.0033806626098715348,0.0026200135226504394,0.0021974306964164976,0.0026200135226504394,0.0019438810006761325,0.001605814739688979,0.0012677484787018255,0.002958079783637593,0.0024509803921568627,0.0014367816091954023,0.0014367816091954023,0.0016903313049357674,0.002281947261663286,0.0015212981744421906,0.001605814739688979,0.0015212981744421906,0.0010987153482082488,0.001605814739688979,0.0010141987829614604,0.0017748478701825558,0.0019438810006761325,0.0009296822177146721,0.0015212981744421906,0.0008451656524678837,0.0327079107505071
welding_0010_18-06-32_p2,0.03208705357142857,0.07700892857142858,0.08816964285714286,0.07735770089285714,0.07575334821428571,0.07198660714285714,0.06522042410714286,0.03850446428571429,0.022879464285714284,0.020089285714285716,0.016741071428571428,0.011648995535714286,0.01220703125,0.013602120535714286,0.020089285714285716,0.014020647321428572,0.012625558035714286,0.0068359375,0.006277901785714286,0.005719866071428571,0.005719866071428571,0.008021763392857142,0.005440848214285714,0.005789620535714286,0.007463727678571429,0.008021763392857142,0.007463727678571429,0.010114397321428572,0.0078125,0.008649553571428572,0.010532924107142858,0.01513671875,0.012834821428571428,0.009556361607142858,0.009556361607142858,0.009486607142857142,0.007952008928571428,0.007184709821428571,0.008858816964285714,0.0068359375,0.003138950892857143,0.0023018973214285715,0.009765625,0.00146484375,0.0013950892857142857,0.002232142857142857,0.0020228794642857145,0.004743303571428571,0.0011858258928571428,0.0016043526785714285,0.0013253348214285715,0.0023716517857142855,0.0017438616071428572,0.0020926339285714285,0.0025809151785714285,0.0010463169642857143,0.0009765625,0.0006975446428571429,0.0018833705357142857,0.0009068080357142857,0.00048828125,0.00048828125,0.00048828125,0.091796875
welding_0010_18-06-32_p3,0.027361751152073732,0.05616359447004608,0.07560483870967742,0.13839285714285715,0.1461693548387097,0.10037442396313365,0.08899769585253456,0.07070852534562212,0.0527073732718894,0.03441820276497696,0.02131336405529954,0.019009216589861752,0.016273041474654377,0.013824884792626729,0.011376728110599078,0.011952764976958526,0.011232718894009217,0.008928571428571428,0.006336405529953917,0.0034562211981566822,0.003600230414746544,0.0037442396313364054,0.0033122119815668202,0.0034562211981566822,0.0037442396313364054,0.004752304147465438,0.002304147465437788,0.0018721198156682027,0.0017281105990783411,0.0025921658986175116,0.0017281105990783411,0.0021601382488479265,0.002304147465437788,0.0017281105990783411,0.0017281105990783411,0.0012960829493087558,0.001152073732718894,0.0008640552995391706,0.001152073732718894,0.0012960829493087558,0.0007200460829493088,0.0004320276497695853,0.001152073732718894,0.0004320276497695853,0.0007200460829493088,0.001152073732718894,0.000576036866359447,0.0020161290322580645,0.0,0.0007200460829493088,0.0008640552995391706,0.000576036866359447,0.0004320276497695853,0.0007200460829493088,0.0007200460829493088,0.0008640552995391706,0.000576036866359447,0.0008640552995391706,0.000576036866359447,0.0007200460829493088,0.0002880184331797235,0.0002880184331797235,0.00014400921658986175,0.023329493087557603
welding_0010_18-06-32_p4,0.05327635327635328,0.09957264957264957,0.13603988603988604,0.10327635327635327,0.08219373219373219,0.05868945868945869,0.048575498575498574,0.0349002849002849,0.03347578347578348,0.03034188034188034,0.02378917378917379,0.024643874643874644,0.02094017094017094,0.017236467236467237,0.012393162393162393,0.011111111111111112,0.010113960113960114,0.010398860398860399,0.009544159544159544,0.011253561253561254,0.00698005698005698,0.007264957264957265,0.005128205128205128,0.005128205128205128,0.007834757834757835,0.006125356125356125,0.005982905982905983,0.0065527065527065526,0.0035612535612535613,0.005982905982905983,0.004131054131054131,0.003988603988603989,0.004843304843304843,0.0032763532763532763,0.003703703703703704,0.002136752136752137,0.002564102564102564,0.0029914529914529917,0.001851851851851852,0.002849002849002849,0.001282051282051282,0.0027065527065527066,0.002849002849002849,0.002279202279202279,0.001282051282051282,0.0014245014245014246,0.001282051282051282,0.0014245014245014246,0.001282051282051282,0.0019943019943019944,0.00042735042735042735,0.0017094017094017094,0.0005698005698005698,0.0011396011396011395,0.0015669515669515669,0.001282051282051282,0.0011396011396011395,0.0007122507122507123,0.0009971509971509972,0.0005698005698005698,0.0009971509971509972,0.0009971509971509972,0.00042735042735042735,0.045014245014245016
welding_0010_18-06-32_p5,0.09791666666666667,0.13923611111111112,0.11215277777777778,0.08611111111111111,0.07025462962962963,0.05011574074074074,0.03923611111111111,0.027777777777777776,0.02696759259259259,0.02210648148148148,0.021296296296296296,0.02141203703703704,0.016203703703703703,0.014814814814814815,0.009722222222222222,0.010069444444444445,0.01099537037037037,0.008449074074074074,0.008564814814814815,0.00798611111111111,0.006481481481481481,0.00798611111111111,0.004050925925925926,0.0045138888888888885,0.006828703703703704,0.006597222222222222,0.005555555555555556,0.005555555555555556,0.004166666666666667,0.005555555555555556,0.0030092592592592593,0.0045138888888888885,0.004976851851851852,0.0030092592592592593,0.0033564814814814816,0.0030092592592592593,0.001851851851851852,0.0024305555555555556,0.002199074074074074,0.002662037037037037,0.0010416666666666667,0.002662037037037037,0.005092592592592593,0.0020833333333333333,0.001851851851851852,0.001851851851851852,0.0015046296296296296,0.003125,0.0010416666666666667,0.002199074074074074,0.0005787037037037037,0.002199074074074074,0.0010416666666666667,0.0023148148148148147,0.0024305555555555556,0.001851851851851852,0.0011574074074074073,0.000462962962962963,0.0015046296296296296,0.0008101851851851852,0.0005787037037037037,0.0008101851851851852,0.0005787037037037037,0.07152777777777777
welding_0010_18-06-32_p6,0.13428792569659442,0.14241486068111456,0.10797213622291021,0.08784829721362229,0.05379256965944272,0.04373065015479876,0.04760061919504644,0.030959752321981424,0.023606811145510834,0.013157894736842105,0.014705882352941176,0.013157894736842105,0.012770897832817337,0.013157894736842105,0.01431888544891641,0.015092879256965945,0.01741486068111455,0.010061919504643963,0.013157894736842105,0.006191950464396285,0.011609907120743035,0.007739938080495356,0.0046439628482972135,0.0042569659442724455,0.00696594427244582,0.005804953560371517,0.00890092879256966,0.006191950464396285,0.00696594427244582,0.0046439628482972135,0.003869969040247678,0.0030959752321981426,0.0027089783281733747,0.0030959752321981426,0.0030959752321981426,0.0046439628482972135,0.0023219814241486067,0.0023219814241486067,0.001934984520123839,0.00348297213622291,0.0030959752321981426,0.0007739938080495357,0.0015479876160990713,0.0030959752321981426,0.0015479876160990713,0.003869969040247678,0.001934984520123839,0.0027089783281733747,0.0015479876160990713,0.0011609907120743034,0.0011609907120743034,0.001934984520123839,0.0011609907120743034,0.0023219814241486067,0.0015479876160990713,0.0003869969040247678,0.0007739938080495357,0.0003869969040247678,0.001934984520123839,0.0007739938080495357,0.0011609907120743034,0.0015479876160990713,0.0011609907120743034,0.048761609907120744
welding_0010_18-19-59_p0,0.019371345029239765,0.07322124756335283,0.09734405458089669,0.15838206627680312,0.12085769980506822,0.0908869395711501,0.05445906432748538,0.0297270955165692,0.03155458089668616,0.0297270955165692,0.02570662768031189,0.02107699805068226,0.020224171539961013,0.017178362573099414,0.01644736842105263,0.01547270955165692,0.014498050682261208,0.014498050682261208,0.01364522417153996,0.014619883040935672,0.014376218323586744,0.009746588693957114,0.007919103313840156,0.005847953216374269,0.005969785575048733,0.005238791423001949,0.003654970760233918,0.003167641325536062,0.001827485380116959,0.0028021442495126704,0.001949317738791423,0.003289473684210526,0.0021929824561403508,0.002071150097465887,0.0024366471734892786,0.001705653021442495,0.0013401559454191032,0.001827485380116959,0.001949317738791423,0.0009746588693957114,0.0006091617933723197,0.0013401559454191032,0.0013401559454191032,0.0007309941520467836,0.0008528265107212475,0.0010964912280701754,0.0007309941520467836,0.0013401559454191032,0.0004873294346978557,0.0009746588693957114,0.0008528265107212475,0.0010964912280701754,0.0007309941520467836,0.0006091617933723197,0.0012183235867446393,0.0009746588693957114,0.001583820662768031,0.00024366471734892786,0.001827485380116959,0.001583820662768031,0.0006091617933723197,0.0012183235867446393,0.00024366471734892786,0.018518518518518517
welding_0010_18-19-59_p1,0.008719135802469136,0.013040123456790124,0.02507716049382716,0.022916666666666665,0.0345679012345679,0.03587962962962963,0.030169753086419754,0.03225308641975309,0.03958333333333333,0.037731481481481484,0.042978395061728396,0.039274691358024694,0.0375,0.03325617283950617,0.03580246913580247,0.03510802469135803,0.027160493827160494,0.025771604938271606,0.024382716049382715,0.026929012345679012,0.022685185185185187,0.022762345679012346,0.020987654320987655,0.020987654320987655,0.021450617283950618,0.02214506172839506,0.019212962962962963,0.018055555555555554,0.01751543209876543,0.018132716049382717,0.017824074074074076,0.018827160493827162,0.021064814814814814,0.02199074074074074,0.02044753086419753,0.01728395061728395,0.01103395061728395,0.009259259259259259,0.006558641975308642,0.005401234567901234,0.004552469135802469,0.0032407407407407406,0.003935185185185185,0.0030092592592592593,0.0024691358024691358,0.0023148148148148147,0.0012345679012345679,0.0019290123456790122,0.0013117283950617284,0.0014660493827160495,0.0010802469135802468,0.0010030864197530865,0.0006944444444444445,0.0008487654320987654,0.00030864197530864197,0.0006944444444444445,0.0008487654320987654,0.000462962962962963,0.000462962962962963,0.0005401234567901234,0.00038580246913580245,0.00015432098765432098,0.00015432098765432098,0.005169753086419753
welding_0010_18-19-59_p2,0.001989247311827957,0.008064516129032258,0.016559139784946237,0.016774193548387096,0.020967741935483872,0.03655913978494624,0.05403225806451613,0.06876344086021505,0.08661290322580645,0.08623655913978495,0.06913978494623656,0.054462365591397846,0.042150537634408604,0.03021505376344086,0.029193548387096774,0.02666666666666667,0.02596774193548387,0.02586021505376344,0.021989247311827956,0.020483870967741936,0.02032258064516129,0.01870967741935484,0.015268817204301075,0.01435483870967742,0.014408602150537634,0.014139784946236559,0.013118279569892474,0.014086021505376344,0.015376344086021506,0.015698924731182794,0.011989247311827957,0.008387096774193548,0.008064516129032258,0.0070967741935483875,0.0070967741935483875,0.005967741935483871,0.005913978494623656,0.003870967741935484,0.0040860215053763445,0.0038172043010752687,0.0033870967741935483,0.004838709677419355,0.0038172043010752687,0.004193548387096774,0.0047849462365591395,0.0022043010752688173,0.002096774193548387,0.0011290322580645162,0.0008064516129032258,0.0006989247311827957,0.00043010752688172043,0.0005376344086021505,0.0003225806451612903,0.0003225806451612903,0.00043010752688172043,5.3763440860215054e-05,0.00021505376344086021,0.0004838709677419355,0.00026881720430107527,0.0,0.0003763440860215054,0.00026881720430107527,0.00021505376344086021,0.0036559139784946237
welding_0010_18-19-59_p3,0.026379870129870128,0.20819805194805194,0.17329545454545456,0.17329545454545456,0.18222402597402598,0.06534090909090909,0.025162337662337664,0.018262987012987012,0.010957792207792208,0.010551948051948052,0.007711038961038961,0.007305194805194805,0.008116883116883116,0.005275974025974026,0.00487012987012987,0.006493506493506494,0.006899350649350649,0.002840909090909091,0.002840909090909091,0.0036525974025974025,0.003246753246753247,0.002029220779220779,0.0008116883116883117,0.0012175324675324675,0.002435064935064935,0.0012175324675324675,0.0012175324675324675,0.002029220779220779,0.0008116883116883117,0.0008116883116883117,0.002029220779220779,0.0016233766233766235,0.002840909090909091,0.002435064935064935,0.0012175324675324675,0.004058441558441558,0.0012175324675324675,0.00040584415584415587,0.002029220779220779,0.002840909090909091,0.00040584415584415587,0.0012175324675324675,0.0008116883116883117,0.0016233766233766235,0.00040584415584415587,0.00040584415584415587,0.00040584415584415587,0.0012175324675324675,0.0,0.0,0.0,0.0,0.0,0.0,0.0,0.0,0.0,0.00040584415584415587,0.0,0.0,0.0,0.0,0.0,0.006899350649350649
welding_0010_18-19-59_p4,0.10902255639097744,0.04398496240601504,0.07894736842105263,0.07969924812030076,0.0868421052631579,0.10977443609022557,0.06879699248120301,0.038345864661654135,0.03007518796992481,0.019548872180451128,0.02518796992481203,0.015037593984962405,0.017293233082706767,0.013909774436090226,0.017293233082706767,0.014661654135338346,0.015789473684210527,0.015037593984962405,0.013157894736842105,0.010526315789473684,0.009398496240601503,0.009774436090225564,0.008270676691729323,0.007142857142857143,0.007894736842105263,0.008270676691729323,0.007142857142857143,0.005639097744360902,0.007142857142857143,0.005263157894736842,0.006766917293233083,0.005639097744360902,0.004887218045112782,0.007518796992481203,0.004887218045112782,0.010150375939849625,0.004887218045112782,0.004511278195488722,0.002631578947368421,0.006390977443609023,0.0015037593984962407,0.002255639097744361,0.0030075187969924814,0.0033834586466165413,0.0030075187969924814,0.002631578947368421,0.0030075187969924814,0.0018796992481203006,0.0033834586466165413,0.0015037593984962407,0.004511278195488722,0.0018796992481203006,0.0015037593984962407,0.0015037593984962407,0.00037593984962406017,0.0007518796992481203,0.0,0.00037593984962406017,0.00037593984962406017,0.0015037593984962407,0.00037593984962406017,0.0,0.0,0.004135338345864661
welding_0010_18-35-46_p0,0.01663998932906496,0.031579298386021075,0.04715219421101774,0.07379618514072296,0.1092436974789916,0.12755102040816327,0.11698012538348673,0.07279578498065893,0.11307856475923703,0.05528878217953848,0.02717753768173936,0.016906762705082033,0.01457249566493264,0.011571295184740564,0.007869814592503669,0.00636921435240763,0.007269574496465253,0.005535547552354275,0.004435107376283847,0.0038682139522475656,0.004134987328264639,0.0033013205282112846,0.002834467120181406,0.0028011204481792717,0.00246765372815793,0.0020674936641323196,0.0033013205282112846,0.0020674936641323196,0.002134187008136588,0.00246765372815793,0.0022008803521408565,0.0021008403361344537,0.00246765372815793,0.002334267040149393,0.0014672535680939041,0.0015672935841003067,0.001600640256102441,0.0014005602240896359,0.0020008003201280513,0.002367613712151527,0.0012004801920768306,0.001233826864078965,0.0022675736961451248,0.001800720288115246,0.0017340269441109778,0.0016339869281045752,0.0015672935841003067,0.0024009603841536613,0.0017006802721088435,0.001967453648125917,0.0015339469120981726,0.0020674936641323196,0.001600640256102441,0.001967453648125917,0.0017340269441109778,0.0008336668000533547,0.001233826864078965,0.0007669734560490863,0.0009670534880618914,0.0006002400960384153,0.0008003201280512205,0.0006335867680405496,0.00036681339202347603,0.05062024809923969
welding_0010_18-35-46_p1,0.048004079254079256,0.0692016317016317,0.06650641025641026,0.06067890442890443,0.060533216783216784,0.05128205128205128,0.038097319347319344,0.03620337995337995,0.03139568764568765,0.028481934731934732,0.02607808857808858,0.026733682983682984,0.024694055944055944,0.021270396270396272,0.020906177156177156,0.017992424242424244,0.02258158508158508,0.017191142191142192,0.014277389277389278,0.013257575757575758,0.013767482517482518,0.013257575757575758,0.013986013986013986,0.007721445221445221,0.009251165501165502,0.007721445221445221,0.010635198135198136,0.008231351981351982,0.006118881118881119,0.007648601398601399,0.006555944055944056,0.006046037296037296,0.007284382284382284,0.005608974358974359,0.00641025641025641,0.006847319347319347,0.006555944055944056,0.005317599067599068,0.006701631701631702,0.00692016317016317,0.004443473193473193,0.004807692307692308,0.007502913752913753,0.003350815850815851,0.0024766899766899765,0.004152097902097902,0.0030594405594405595,0.003205128205128205,0.0016754079254079255,0.002768065268065268,0.0015297202797202797,0.002913752913752914,0.001456876456876457,0.003787878787878788,0.0031322843822843825,0.0021853146853146855,0.0024766899766899765,0.001384032634032634,0.0025495337995337995,0.0024766899766899765,0.0016754079254079255,0.0012383449883449883,0.0008741258741258741,0.07692307692307693
welding_0010_18-35-46_p2,0.018191964285714287,0.017075892857142855,0.02466517857142857,0.036941964285714286,0.03761160714285714,0.04631696428571429,0.05915178571428571,0.05178571428571429,0.05022321428571429,0.045089285714285714,0.049107142857142856,0.044642857142857144,0.04006696428571429,0.04196428571428571,0.030357142857142857,0.03046875,0.023549107142857142,0.024776785714285713,0.020535714285714286,0.01875,0.01953125,0.015625,0.021205357142857144,0.015736607142857142,0.014732142857142857,0.015625,0.012834821428571428,0.011830357142857142,0.010491071428571428,0.009375,0.007254464285714286,0.0077008928571428575,0.007142857142857143,0.006361607142857143,0.005245535714285714,0.00625,0.005022321428571429,0.004464285714285714,0.004241071428571428,0.004464285714285714,0.003236607142857143,0.003236607142857143,0.0033482142857142855,0.003125,0.0035714285714285713,0.0010044642857142856,0.0013392857142857143,0.0034598214285714284,0.00234375,0.002455357142857143,0.0016741071428571428,0.00234375,0.002455357142857143,0.0014508928571428572,0.0025669642857142857,0.0012276785714285714,0.0010044642857142856,0.0017857142857142857,0.0015625,0.0013392857142857143,0.0013392857142857143,0.0011160714285714285,0.0006696428571428571,0.0359375
