roi_pixels,h_mean,h_std,h_min,h_max,h_p1,h_p5,h_p25,h_p50,h_p75,h_p95,h_p99,h_p99_9,s_mean,s_std,s_min,s_max,s_p1,s_p5,s_p25,s_p50,s_p75,s_p95,s_p99,s_p99_9,v_mean,v_std,v_min,v_max,v_p1,v_p5,v_p25,v_p50,v_p75,v_p95,v_p99,v_p99_9,hot_frac,orange_frac,hot_orange_frac,roi_id,image,image_path,source_dir,label,frame_index,person_index,person_conf,score,method,weld_score,weld_area_frac,weld_flicker,cut_score
9088,102.315,47.838,0.0,179.0,0.0,8.0,90.0,112.0,135.0,165.0,175.0,177.0,40.824,53.54,0.0,255.0,0.0,4.0,13.0,25.0,40.0,181.3,255.0,255.0,129.754,66.637,0.0,255.0,4.0,18.0,76.0,137.0,173.0,244.0,255.0,255.0,0.327465,0.019476,0.00066,welding_0001_17-38-12_p0,0001_17-38-12.jpg,data/welding/0001_17-38-12.jpg,data/welding,not_welding,0,0,0.8423,0.0396,welding,0.0396,0.0053,0.0,0.0
8432,100.936,47.011,0.0,179.0,0.0,8.0,83.0,112.0,130.0,164.0,175.0,178.0,44.554,55.606,0.0,255.0,0.0,4.0,16.0,27.0,45.0,201.45,255.0,255.0,122.863,66.494,0.0,255.0,3.0,16.0,68.0,132.0,165.0,245.0,255.0,255.0,0.287951,0.030242,0.002016,welding_0001_17-38-12_p1,0001_17-38-12.jpg,data/welding/0001_17-38-12.jpg,data/welding,not_welding,0,1,0.7925,0.145,welding,0.145,0.0193,0.0,0.0
19264,80.816,58.164,0.0,178.0,0.0,9.0,23.0,66.0,140.0,165.0,173.0,177.0,27.824,29.173,0.0,255.0,3.0,5.0,13.0,20.0,31.0,93.0,148.0,255.0,149.747,51.452,3.0,255.0,33.0,57.0,113.0,151.0,188.0,221.0,244.37,255.0,0.459406,0.050197,0.018117,welding_0001_17-38-12_p2,0001_17-38-12.jpg,data/welding/0001_17-38-12.jpg,data/welding,not_welding,0,2,0.7627,0.5833,cutting,0.4939,0.0658,0.0,0.5833
5900,78.33,60.208,0.0,179.0,0.0,0.0,26.0,50.0,140.0,170.0,177.0,179.0,39.175,60.998,0.0,255.0,0.0,3.0,8.0,16.0,34.0,223.2,255.0,255.0,134.298,75.347,0.0,255.0,1.0,9.0,68.0,138.0,203.0,243.0,255.0,255.0,0.41678,0.037119,0.001864,welding_0001_17-38-12_p3,0001_17-38-12.jpg,data/welding/0001_17-38-12.jpg,data/welding,not_welding,0,3,0.728,0.0,welding,0.0,0.0,0.0,0.0
13200,56.705,56.17,0.0,179.0,0.0,0.0,13.0,35.0,75.0,176.0,179.0,179.0,40.136,53.892,0.0,255.0,0.0,5.0,12.0,22.0,36.0,172.05,255.0,255.0,142.834,61.977,0.0,255.0,5.0,23.0,99.0,166.0,184.0,220.0,255.0,255.0,0.551439,0.044167,0.012121,welding_0001_17-38-12_p4,0001_17-38-12.jpg,data/welding/0001_17-38-12.jpg,data/welding,welding,0,4,0.6514,0.0991,welding,0.0991,0.0132,0.0,0.0
2320,77.682,53.521,0.0,179.0,0.0,3.0,21.0,94.0,120.0,164.0,177.0,178.0,60.51,75.012,0.0,255.0,0.0,3.0,14.0,26.0,72.0,255.0,255.0,255.0,144.353,83.389,0.0,255.0,2.0,9.0,62.0,162.0,219.0,255.0,255.0,255.0,0.511638,0.044828,0.001293,welding_0001_17-38-12_p5,0001_17-38-12.jpg,data/welding/0001_17-38-12.jpg,data/welding,not_welding,0,5,0.645,0.1422,welding,0.1422,0.019,0.0,0.0
8320,89.431,52.205,0.0,179.0,0.0,5.0,50.75,96.0,116.0,173.0,177.0,178.0,24.483,34.988,0.0,255.0,0.0,4.0,9.0,15.0,25.0,71.0,255.0,255.0,148.202,56.323,0.0,255.0,10.0,41.0,107.0,163.0,190.0,227.0,250.0,255.0,0.515385,0.010096,0.001442,welding_0001_17-38-12_p6,0001_17-38-12.jpg,data/welding/0001_17-38-12.jpg,data/welding,not_welding,0,6,0.6343,0.0,welding,0.0,0.0,0.0,0.0
25800,61.81,38.387,0.0,179.0,0.0,2.0,34.0,60.0,83.0,122.0,177.0,179.0,49.582,56.522,0.0,255.0,2.0,6.0,17.0,30.0,49.0,179.0,255.0,255.0,131.304,58.325,0.0,255.0,3.0,16.0,94.0,146.0,173.0,210.0,236.0,255.0,0.379535,0.021047,0.002868,welding_0001_17-38-12_p7,0001_17-38-12.jpg,data/welding/0001_17-38-12.jpg,data/welding,not_welding,0,7,0.6055,0.0,welding,0.0,0.0,0.0,0.0
34592,88.431,50.443,0.0,179.0,0.0,0.0,36.0,106.0,125.0,165.0,173.0,177.0,49.308,73.786,0.0,255.0,0.0,1.0,7.0,17.0,51.0,255.0,255.0,255.0,114.08,87.285,0.0,255.0,1.0,2.0,27.0,99.0,203.0,253.0,255.0,255.0,0.357135,0.011737,0.0,welding_0001_17-38-17_p0,0001_17-38-17.jpg,data/welding/0001_17-38-17.jpg,data/welding,not_welding,1,0,0.8843,0.0,welding,0.0,0.0,0.0,0.0
15708,81.818,63.329,0.0,179.0,0.0,0.0,14.0,90.0,135.0,173.0,177.0,179.0,59.746,75.426,0.0,255.0,0.0,2.0,8.0,27.0,76.0,255.0,255.0,255.0,113.458,75.817,0.0,255.0,1.0,5.0,45.0,108.0,184.0,232.0,255.0,255.0,0.33136,0.069009,0.013815,welding_0001_17-38-17_p1,0001_17-38-17.jpg,data/welding/0001_17-38-17.jpg,data/welding,not_welding,1,1,0.8735,0.4341,welding,0.4341,0.0046,1.0,0.0
7504,104.182,55.899,0.0,179.0,0.0,2.0,90.0,116.0,145.0,175.0,178.0,179.0,90.809,80.548,0.0,255.0,4.0,9.15,29.0,60.0,130.0,255.0,255.0,255.0,97.298,75.23,0.0,255.0,3.0,7.0,36.0,75.0,152.0,253.0,255.0,255.0,0.231743,0.06823,0.022788,welding_0001_17-38-17_p2,0001_17-38-17.jpg,data/welding/0001_17-38-17.jpg,data/welding,not_welding,1,2,0.8677,0.8643,welding,0.8643,0.0619,1.0,0.2917
6000,91.81,62.196,0.0,179.0,0.0,0.95,21.0,113.0,140.0,175.0,178.0,179.0,99.511,83.141,0.0,255.0,4.0,11.0,33.0,68.0,156.0,255.0,255.0,255.0,94.657,71.427,0.0,255.0,3.0,6.0,34.0,77.0,148.0,231.0,255.0,255.0,0.216833,0.101,0.0285,welding_0001_17-38-17_p3,0001_17-38-17.jpg,data/welding/0001_17-38-17.jpg,data/welding,not_welding,1,3,0.8374,0.7931,welding,0.7931,0.0524,1.0,0.0
8584,80.603,64.704,0.0,179.0,0.0,0.0,15.0,103.0,141.0,173.0,177.0,179.0,89.286,81.882,0.0,255.0,3.0,7.0,26.0,58.0,127.0,255.0,255.0,255.0,106.876,75.119,0.0,255.0,3.0,6.0,39.0,97.0,169.0,240.0,255.0,255.0,0.287861,0.126514,0.022134,welding_0001_17-38-17_p4,0001_17-38-17.jpg,data/welding/0001_17-38-17.jpg,data/welding,not_welding,1,4,0.8257,0.4738,welding,0.4738,0.0098,1.0,0.2917
10404,87.66,61.93,0.0,179.0,0.0,0.0,16.0,111.0,140.0,170.0,177.0,179.0,80.864,83.974,0.0,255.0,2.0,6.0,14.0,45.0,122.0,255.0,255.0,255.0,108.942,77.802,0.0,255.0,2.0,5.0,37.0,99.0,180.0,237.0,255.0,255.0,0.314014,0.102845,0.020473,welding_0001_17-38-17_p5,0001_17-38-17.jpg,data/welding/0001_17-38-17.jpg,data/welding,not_welding,1,5,0.8086,0.2917,cutting,0.0,0.0,0.0,0.2917
7688,81.86,66.055,0.0,179.0,0.0,0.0,15.0,101.0,144.0,175.0,178.0,179.0,102.603,82.809,0.0,255.0,6.0,15.0,37.0,70.0,158.0,255.0,255.0,255.0,97.217,74.493,0.0,255.0,3.0,7.0,33.0,77.0,156.0,237.0,255.0,255.0,0.241545,0.118887,0.025364,welding_0001_17-38-17_p6,0001_17-38-17.jpg,data/welding/0001_17-38-17.jpg,data/welding,not_welding,1,6,0.8037,0.8499,welding,0.8499,0.0673,0.8625,0.0
7200,95.085,59.304,0.0,179.0,0.0,0.0,20.0,120.0,133.0,174.0,178.0,179.0,80.865,85.033,0.0,255.0,0.0,3.0,12.0,46.0,126.0,255.0,255.0,255.0,99.44,74.418,0.0,255.0,1.0,5.0,34.0,85.0,162.0,230.0,255.0,255.0,0.256528,0.076667,0.021667,welding_0001_17-38-17_p7,0001_17-38-17.jpg,data/welding/0001_17-38-17.jpg,data/welding,not_welding,1,7,0.7529,0.2274,welding,0.2274,0.0128,0.329,0.0
7296,96.037,60.438,0.0,179.0,0.0,0.0,20.0,124.0,140.0,170.0,177.0,179.0,87.511,86.071,0.0,255.0,0.0,6.0,18.0,52.0,137.0,255.0,255.0,255.0,87.739,72.482,0.0,255.0,1.0,4.0,27.0,64.0,142.0,231.0,255.0,255.0,0.198328,0.082237,0.022204,welding_0001_17-38-17_p8,0001_17-38-17.jpg,data/welding/0001_17-38-17.jpg,data/welding,not_welding,1,8,0.7407,0.3682,welding,0.3682,0.0159,0.6224,0.0
3400,78.559,49.424,0.0,179.0,0.0,0.0,30.0,83.0,110.0,165.0,173.0,177.601,42.185,67.014,0.0,255.0,0.0,1.0,6.0,17.0,37.25,255.0,255.0,255.0,140.693,84.096,0.0,255.0,1.0,4.0,64.0,148.0,215.0,255.0,255.0,255.0,0.469706,0.031471,0.004118,welding_0001_17-38-17_p9,0001_17-38-17.jpg,data/welding/0001_17-38-17.jpg,data/welding,not_welding,1,9,0.5703,0.5845,welding,0.5845,0.0315,0.8711,0.0
16704,109.442,55.234,0.0,179.0,0.0,0.0,96.0,125.0,140.0,174.0,177.0,178.0,51.953,73.138,0.0,255.0,0.0,0.0,10.0,22.0,51.0,255.0,255.0,255.0,102.177,63.248,0.0,255.0,0.0,2.0,48.0,116.0,149.0,192.0,253.0,255.0,0.176305,0.020055,0.008261,welding_0001_18-06-25_p0,0001_18-06-25.jpg,data/welding/0001_18-06-25.jpg,data/welding,not_welding,2,0,0.9116,0.5549,welding,0.5549,0.0207,1.0,0.0
14336,106.093,53.286,0.0,179.0,0.0,0.0,103.0,120.0,140.0,174.0,177.0,179.0,66.361,74.962,0.0,255.0,0.0,4.0,14.0,28.0,103.0,255.0,255.0,255.0,109.444,63.297,0.0,255.0,1.0,3.0,58.0,126.0,153.0,199.0,255.0,255.0,0.202637,0.027693,0.011928,welding_0001_18-06-25_p1,0001_18-06-25.jpg,data/welding/0001_18-06-25.jpg,data/welding,not_welding,2,1,0.8662,0.5794,welding,0.5794,0.0306,0.8743,0.0
11520,117.53,42.297,0.0,178.0,0.0,13.0,111.0,126.0,145.0,163.05,173.0,175.962,43.941,59.978,0.0,255.0,2.0,5.0,13.0,23.0,39.0,237.1,255.0,255.0,109.092,62.858,0.0,255.0,2.0,6.0,54.0,117.0,159.0,202.0,230.0,255.0,0.248351,0.016753,0.006771,welding_0001_18-06-25_p2,0001_18-06-25.jpg,data/welding/0001_18-06-25.jpg,data/welding,not_welding,2,2,0.8198,0.5087,welding,0.5087,0.0145,1.0,0.0
10528,43.499,50.936,0.0,179.0,0.0,2.0,14.0,24.0,42.0,174.0,178.0,179.0,48.629,57.657,0.0,255.0,3.0,12.0,19.0,26.0,44.0,207.65,255.0,255.0,169.834,63.569,0.0,255.0,4.0,24.0,155.0,195.0,207.0,241.0,255.0,255.0,0.737462,0.06345,0.019377,welding_0001_18-06-25_p3,0001_18-06-25.jpg,data/welding/0001_18-06-25.jpg,data/welding,not_welding,2,3,0.7935,0.8239,welding,0.8239,0.0565,1.0,0.0
34304,66.695,63.89,0.0,179.0,0.0,0.0,13.0,30.0,126.0,174.0,177.0,179.0,42.493,56.423,0.0,255.0,2.0,5.0,15.0,23.0,40.0,198.0,255.0,255.0,148.771,72.258,0.0,255.0,3.0,14.0,85.0,180.0,205.0,232.0,255.0,255.0,0.589319,0.041599,0.006355,welding_0001_18-06-25_p4,0001_18-06-25.jpg,data/welding/0001_18-06-25.jpg,data/welding,not_welding,2,4,0.7295,0.436,welding,0.436,0.0048,1.0,0.0
12880,89.293,41.37,0.0,179.0,0.0,11.0,66.0,103.0,116.0,146.0,174.0,179.0,46.879,50.625,0.0,255.0,0.0,4.0,13.0,25.0,65.0,147.0,255.0,255.0,149.534,66.961,0.0,255.0,16.0,38.0,97.0,148.0,209.0,252.0,255.0,255.0,0.462888,0.046506,0.026009,welding_0001_18-19-52_p0,0001_18-19-52.jpg,data/welding/0001_18-19-52.jpg,data/welding,not_welding,3,0,0.8711,0.5106,welding,0.5106,0.0148,1.0,0.0
11808,108.761,41.852,0.0,179.0,0.0,9.0,110.0,116.0,122.0,167.0,177.0,179.0,73.802,47.719,0.0,255.0,4.0,13.0,39.0,63.0,102.0,161.0,241.79,255.0,137.099,51.378,1.0,255.0,31.0,60.0,102.0,129.0,175.0,236.0,255.0,255.0,0.325796,0.026507,0.012788,welding_0001_18-19-52_p1,0001_18-19-52.jpg,data/welding/0001_18-19-52.jpg,data/welding,not_welding,3,1,0.8042,0.588,welding,0.588,0.0251,1.0,0.0
18232,112.779,6.072,0.0,173.0,90.0,103.0,110.0,113.0,116.0,120.0,126.0,138.0,72.798,37.741,0.0,255.0,15.0,28.0,46.0,63.0,93.0,141.0,206.69,255.0,170.682,50.367,7.0,255.0,36.0,76.0,143.75,172.0,204.0,255.0,255.0,255.0,0.641839,0.0,0.0,welding_0001_18-19-52_p2,0001_18-19-52.jpg,data/welding/0001_18-19-52.jpg,data/welding,not_welding,3,2,0.7856,1.0,welding,1.0,0.1225,1.0,0.0
2520,77.123,29.983,0.0,177.0,0.0,34.0,51.0,75.0,109.0,120.0,120.0,173.0,23.938,40.007,0.0,255.0,0.0,2.0,9.0,14.0,20.0,87.0,255.0,255.0,174.173,70.469,1.0,255.0,4.19,35.0,124.0,205.0,227.0,254.0,255.0,255.0,0.655159,0.000397,0.0,welding_0001_18-19-52_p3,0001_18-19-52.jpg,data/welding/0001_18-19-52.jpg,data/welding,not_welding,3,3,0.5977,0.4863,welding,0.4863,0.0115,1.0,0.0
10584,112.637,33.914,0.0,179.0,0.0,16.0,111.0,115.0,120.0,164.0,177.0,179.0,79.154,45.589,0.0,255.0,4.0,17.0,46.0,73.0,105.0,162.0,218.17,255.0,159.469,55.39,3.0,255.0,47.0,75.0,117.0,152.0,202.0,255.0,255.0,255.0,0.461168,0.022109,0.011716,welding_0001_18-19-52_p4,0001_18-19-52.jpg,data/welding/0001_18-19-52.jpg,data/welding,not_welding,3,4,0.5942,0.9556,welding,0.9556,0.0741,1.0,0.1458
13728,92.523,52.977,0.0,179.0,0.0,6.0,30.0,115.0,128.0,165.0,173.0,178.0,72.261,70.711,0.0,255.0,0.0,4.0,16.0,47.0,106.0,255.0,255.0,255.0,121.676,75.294,0.0,255.0,4.0,14.0,60.0,110.0,185.0,255.0,255.0,255.0,0.338287,0.041812,0.011291,welding_0001_18-35-38_p0,0001_18-35-38.jpg,data/welding/0001_18-35-38.jpg,data/welding,not_welding,4,0,0.8657,0.8209,welding,0.8209,0.0561,1.0,0.0
13720,109.55,43.685,0.0,179.0,0.0,9.0,112.0,117.0,127.0,166.0,176.0,178.281,71.494,63.851,0.0,255.0,2.0,6.0,23.0,50.0,106.0,213.0,255.0,255.0,137.604,70.135,0.0,255.0,7.0,25.0,77.0,140.0,198.0,248.0,255.0,255.0,0.42828,0.03863,0.017493,welding_0001_18-35-38_p1,0001_18-35-38.jpg,data/welding/0001_18-35-38.jpg,data/welding,not_welding,4,1,0.8374,1.0,welding,1.0,0.0886,1.0,0.0
29200,106.717,33.7,0.0,179.0,0.0,20.0,104.0,114.0,125.0,142.0,165.0,175.0,68.869,68.952,0.0,255.0,0.0,3.0,18.0,42.0,101.0,253.0,255.0,255.0,117.009,84.188,0.0,255.0,2.0,7.0,37.0,107.0,192.0,255.0,255.0,255.0,0.353836,0.009521,0.000685,welding_0001_18-35-38_p2,0001_18-35-38.jpg,data/welding/0001_18-35-38.jpg,data/welding,welding,4,2,0.7759,1.0,welding,1.0,0.0967,1.0,0.0
10400,96.929,49.301,0.0,179.0,0.0,8.0,55.0,116.0,123.0,164.0,176.0,179.0,71.965,59.32,0.0,255.0,2.0,8.0,28.0,55.0,100.0,202.0,255.0,255.0,124.562,64.477,1.0,255.0,13.0,29.0,75.0,116.0,175.0,239.0,255.0,255.0,0.282981,0.044615,0.014904,welding_0001_18-35-38_p3,0001_18-35-38.jpg,data/welding/0001_18-35-38.jpg,data/welding,not_welding,4,3,0.7744,0.6874,welding,0.6874,0.0383,1.0,0.2333
9672,103.812,44.705,0.0,179.0,0.0,8.0,111.0,116.0,120.0,167.0,177.0,179.0,76.689,62.117,0.0,255.0,2.0,10.0,27.0,61.0,110.0,218.45,255.0,255.0,118.54,64.734,2.0,255.0,12.0,25.0,67.0,110.5,166.0,239.0,255.0,255.0,0.269334,0.032568,0.012717,welding_0001_18-35-38_p4,0001_18-35-38.jpg,data/welding/0001_18-35-38.jpg,data/welding,not_welding,4,4,0.6484,0.7063,welding,0.7063,0.0408,1.0,0.2333
16348,96.184,41.487,0.0,179.0,0.0,20.0,55.0,114.0,120.0,146.0,170.0,177.0,58.883,55.181,0.0,255.0,0.0,4.0,18.0,41.0,87.0,166.0,255.0,255.0,155.721,72.509,0.0,255.0,9.0,34.0,93.0,165.0,221.0,255.0,255.0,255.0,0.520308,0.024101,0.013641,welding_0001_18-35-38_p5,0001_18-35-38.jpg,data/welding/0001_18-35-38.jpg,data/welding,not_welding,4,5,0.6455,0.8659,welding,0.8659,0.0621,1.0,0.0
11152,48.382,53.391,0.0,179.0,0.0,0.0,13.0,28.0,45.0,170.0,177.0,179.0,67.525,77.025,0.0,255.0,2.0,7.0,19.0,32.0,81.0,255.0,255.0,255.0,138.429,85.644,0.0,255.0,2.0,7.0,55.0,144.0,222.0,255.0,255.0,255.0,0.460904,0.097561,0.012016,welding_0001_18-35-38_p6,0001_18-35-38.jpg,data/welding/0001_18-35-38.jpg,data/welding,not_welding,4,6,0.606,0.5543,welding,0.5543,0.0206,1.0,0.2333
23736,75.988,55.779,0.0,179.0,0.0,6.0,22.0,66.0,120.0,164.0,174.0,178.0,29.105,33.408,0.0,255.0,0.0,4.0,12.0,20.0,32.0,95.0,186.0,255.0,147.46,57.647,1.0,255.0,20.0,41.0,109.0,147.0,196.0,227.0,252.0,255.0,0.446368,0.041835,0.014872,welding_0002_17-38-12_p0,0002_17-38-12.jpg,data/welding/0002_17-38-12.jpg,data/welding,not_welding,5,0,0.9058,0.9064,welding,0.9064,0.0675,1.0,0.0972
7688,97.876,41.996,0.0,179.0,0.0,8.0,87.0,111.0,120.0,150.0,176.0,179.0,40.107,43.623,0.0,255.0,0.0,6.0,18.0,28.0,44.0,127.0,255.0,255.0,124.36,58.849,0.0,255.0,7.0,26.0,73.0,131.0,162.0,228.0,255.0,255.0,0.26847,0.022373,0.004162,welding_0002_17-38-12_p1,0002_17-38-12.jpg,data/welding/0002_17-38-12.jpg,data/welding,not_welding,5,1,0.6963,1.0,welding,1.0,0.198,1.0,0.0
1904,80.88,55.806,0.0,179.0,0.0,3.0,21.0,97.0,120.0,170.0,177.0,179.0,64.446,77.016,0.0,255.0,1.0,5.0,15.0,31.0,74.0,255.0,255.0,255.0,139.234,82.688,0.0,255.0,2.0,6.0,61.75,158.0,213.0,255.0,255.0,255.0,0.492122,0.058824,0.004202,welding_0002_17-38-12_p2,0002_17-38-12.jpg,data/welding/0002_17-38-12.jpg,data/welding,not_welding,5,2,0.6743,0.8353,welding,0.8353,0.058,1.0,0.0
10976,50.371,49.661,0.0,179.0,0.0,0.0,15.0,35.0,63.0,175.25,178.0,179.0,37.876,50.895,0.0,255.0,0.0,5.0,11.0,21.0,35.0,153.25,255.0,255.0,149.574,58.796,1.0,255.0,9.0,32.0,119.0,170.0,185.0,225.0,255.0,255.0,0.596483,0.052387,0.015762,welding_0002_17-38-12_p3,0002_17-38-12.jpg,data/welding/0002_17-38-12.jpg,data/welding,not_welding,5,3,0.6245,0.8961,welding,0.8961,0.0661,1.0,0.0
8120,111.018,48.555,0.0,179.0,0.19,8.0,113.0,120.0,136.0,172.0,178.0,179.0,81.564,58.73,0.0,255.0,7.0,17.0,35.0,65.0,116.0,202.05,255.0,255.0,129.202,63.158,4.0,255.0,16.0,37.0,80.0,119.0,181.0,241.0,255.0,255.0,0.341749,0.049877,0.022783,welding_0002_17-38-18_p0,0002_17-38-18.jpg,data/welding/0002_17-38-18.jpg,data/welding,not_welding,6,0,0.7622,0.5921,welding,0.5921,0.0256,1.0,0.2917
6440,105.989,37.946,0.0,178.0,3.0,21.0,103.0,114.0,122.0,160.0,171.0,177.0,93.21,66.76,0.0,255.0,5.0,12.0,35.0,83.0,132.0,243.05,255.0,255.0,107.395,67.168,0.0,255.0,7.0,22.0,56.0,86.0,160.0,241.0,255.0,255.0,0.250311,0.044099,0.021739,welding_0002_17-38-18_p1,0002_17-38-18.jpg,data/welding/0002_17-38-18.jpg,data/welding,not_welding,6,1,0.752,0.7995,welding,0.7995,0.0533,1.0,0.0
8120,111.299,38.711,0.0,179.0,1.0,11.0,113.0,119.0,125.0,164.0,177.0,179.0,91.442,64.172,0.0,255.0,7.0,14.0,38.0,79.0,129.0,230.0,255.0,255.0,105.43,61.457,4.0,255.0,10.0,21.0,57.0,91.0,153.0,216.05,253.0,255.0,0.224507,0.037808,0.017241,welding_0002_17-38-18_p2,0002_17-38-18.jpg,data/welding/0002_17-38-18.jpg,data/welding,not_welding,6,2,0.7329,0.8221,welding,0.8221,0.0563,1.0,0.0972
5984,97.709,37.032,0.0,178.0,3.0,22.0,86.75,111.0,119.0,145.0,168.0,177.0,79.014,63.483,0.0,255.0,3.0,8.0,27.0,67.0,111.0,226.85,255.0,255.0,111.046,68.059,0.0,255.0,6.0,23.0,55.0,91.0,172.0,235.0,255.0,255.0,0.290274,0.04111,0.018717,welding_0002_17-38-18_p3,0002_17-38-18.jpg,data/welding/0002_17-38-18.jpg,data/welding,not_welding,6,3,0.73,0.5736,welding,0.5736,0.0231,1.0,0.0
6480,93.019,42.659,0.0,179.0,3.0,16.0,43.0,110.0,119.0,164.0,171.0,177.0,68.715,59.074,0.0,255.0,3.0,7.0,23.0,50.0,101.0,191.0,255.0,255.0,119.933,66.236,1.0,255.0,11.0,29.0,59.0,110.0,184.0,223.0,255.0,255.0,0.346296,0.048457,0.028086,welding_0002_17-38-18_p4,0002_17-38-18.jpg,data/welding/0002_17-38-18.jpg,data/welding,not_welding,6,4,0.7085,0.7628,welding,0.7628,0.0484,1.0,0.0
3264,95.83,38.517,0.0,179.0,0.0,14.0,85.0,103.0,120.0,145.0,173.0,177.0,43.967,53.868,0.0,255.0,1.0,3.0,11.0,23.0,57.0,170.0,255.0,255.0,142.27,75.595,1.0,255.0,6.0,20.0,72.0,141.0,210.0,255.0,255.0,255.0,0.450368,0.018995,0.003983,welding_0002_17-38-18_p5,0002_17-38-18.jpg,data/welding/0002_17-38-18.jpg,data/welding,not_welding,6,5,0.6665,0.6263,welding,0.6263,0.0302,1.0,0.0
8112,107.791,42.595,0.0,179.0,0.0,9.0,108.0,119.0,126.0,166.0,176.0,179.0,66.343,59.025,0.0,255.0,3.0,8.0,20.0,47.0,98.0,191.0,255.0,255.0,112.973,64.744,1.0,255.0,5.0,17.0,62.0,106.0,170.0,214.0,245.0,255.0,0.291667,0.018984,0.005917,welding_0002_17-38-18_p6,0002_17-38-18.jpg,data/welding/0002_17-38-18.jpg,data/welding,not_welding,6,6,0.6641,0.6686,welding,0.6686,0.0358,1.0,0.0
21888,111.551,14.179,0.0,165.0,30.0,90.0,110.0,114.0,118.0,123.0,128.0,150.0,67.398,47.964,0.0,255.0,1.0,8.0,29.0,52.0,105.0,153.65,182.0,229.113,178.419,60.353,9.0,255.0,37.0,62.0,137.0,183.0,232.0,255.0,255.0,255.0,0.637792,0.0,0.0,welding_0002_17-38-18_p7,0002_17-38-18.jpg,data/welding/0002_17-38-18.jpg,data/welding,welding,6,7,0.6572,0.9213,welding,0.9213,0.0695,1.0,0.0
5088,109.492,51.77,0.0,179.0,0.0,4.0,116.0,120.0,132.0,175.0,179.0,179.0,96.08,61.341,0.0,255.0,9.0,19.0,48.0,86.0,126.0,234.0,255.0,255.0,114.518,63.788,3.0,255.0,11.0,24.0,70.0,100.0,156.0,244.0,255.0,255.0,0.238404,0.067217,0.03125,welding_0002_17-38-18_p8,0002_17-38-18.jpg,data/welding/0002_17-38-18.jpg,data/welding,not_welding,6,8,0.6406,0.9336,welding,0.9336,0.0711,1.0,0.1944
3224,58.002,52.279,0.0,179.0,0.0,6.0,21.0,28.0,114.0,165.0,174.0,177.0,50.117,48.556,0.0,255.0,2.0,5.0,21.0,42.0,54.0,152.85,255.0,255.0,131.257,57.383,1.0,255.0,8.0,28.0,95.0,138.0,157.0,234.85,255.0,255.0,0.229218,0.037221,0.002792,welding_0002_17-38-18_p9,0002_17-38-18.jpg,data/welding/0002_17-38-18.jpg,data/welding,not_welding,6,9,0.6323,0.6757,welding,0.6757,0.0368,1.0,0.0
2924,90.83,46.521,0.0,179.0,0.0,5.0,56.0,103.0,125.0,164.0,177.0,177.0,46.421,57.352,0.0,255.0,0.0,1.0,10.0,21.0,63.0,181.85,255.0,255.0,142.106,75.796,1.0,255.0,7.0,27.0,70.0,141.0,208.0,255.0,255.0,255.0,0.444254,0.065663,0.044802,welding_0002_17-38-18_p10,0002_17-38-18.jpg,data/welding/0002_17-38-18.jpg,data/welding,not_welding,6,10,0.6113,0.6458,welding,0.6458,0.0385,0.893,0.0
1820,58.213,48.033,0.0,178.0,0.0,13.0,26.0,34.0,114.0,145.0,173.0,177.181,28.658,25.327,0.0,255.0,2.19,6.0,15.0,23.0,35.0,61.0,118.05,255.0,146.862,51.769,1.0,255.0,14.0,55.0,117.0,156.0,169.0,242.0,255.0,255.0,0.454396,0.004945,0.0,welding_0002_17-38-18_p11,0002_17-38-18.jpg,data/welding/0002_17-38-18.jpg,data/welding,not_welding,6,11,0.6021,0.7091,welding,0.7091,0.0412,1.0,0.0
16240,106.484,54.633,0.0,179.0,0.0,0.0,80.0,120.0,140.0,174.0,177.0,178.0,54.978,77.031,0.0,255.0,0.0,0.0,10.0,22.0,53.0,255.0,255.0,255.0,101.496,64.001,0.0,255.0,0.0,2.0,46.0,116.0,148.0,192.0,254.0,255.0,0.177278,0.02032,0.008621,welding_0002_18-06-26_p0,0002_18-06-26.jpg,data/welding/0002_18-06-26.jpg,data/welding,not_welding,7,0,0.9136,0.5639,welding,0.5639,0.0219,1.0,0.0
9660,111.468,50.35,0.0,179.0,0.0,6.0,103.0,126.0,150.0,166.0,173.0,177.0,44.119,59.899,0.0,255.0,0.0,4.0,12.0,23.0,43.0,223.0,255.0,255.0,108.897,64.634,0.0,255.0,2.0,6.0,52.0,116.0,162.0,204.0,229.41,255.0,0.26294,0.021118,0.003313,welding_0002_18-06-26_p1,0002_18-06-26.jpg,data/welding/0002_18-06-26.jpg,data/welding,not_welding,7,1,0.8721,0.6015,welding,0.6015,0.0269,1.0,0.0
13888,100.609,54.525,0.0,179.0,0.0,0.0,60.0,112.0,135.0,174.0,177.0,179.0,65.458,76.465,0.0,255.0,0.0,3.0,13.0,27.0,100.0,255.0,255.0,255.0,107.903,64.247,0.0,255.0,0.0,2.0,53.0,124.0,152.0,198.0,255.0,255.0,0.196933,0.02729,0.011809,welding_0002_18-06-26_p2,0002_18-06-26.jpg,data/welding/0002_18-06-26.jpg,data/welding,not_welding,7,2,0.8628,0.636,welding,0.636,0.0315,1.0,0.0
11656,37.797,48.205,0.0,179.0,0.0,0.0,11.0,21.0,35.0,174.0,178.0,179.0,51.121,60.522,0.0,255.0,3.0,11.0,20.0,28.0,46.0,226.0,255.0,255.0,167.226,65.312,0.0,255.0,4.0,19.0,149.0,193.0,206.0,241.0,255.0,255.0,0.729839,0.071294,0.020161,welding_0002_18-06-26_p3,0002_18-06-26.jpg,data/welding/0002_18-06-26.jpg,data/welding,not_welding,7,3,0.7788,0.7513,welding,0.7513,0.0468,1.0,0.0972
1976,72.889,47.751,0.0,179.0,0.0,11.0,36.0,58.5,109.0,163.0,173.0,178.0,34.136,54.345,0.0,255.0,1.0,2.0,6.0,13.0,32.0,168.0,255.0,255.0,157.75,77.242,1.0,255.0,2.75,19.0,96.0,167.0,230.25,255.0,255.0,255.0,0.533401,0.057692,0.019231,welding_0002_18-06-26_p4,0002_18-06-26.jpg,data/welding/0002_18-06-26.jpg,data/welding,not_welding,7,4,0.561,0.7625,welding,0.7625,0.0483,1.0,0.0
11264,68.43,41.58,0.0,179.0,0.0,11.0,35.0,62.0,109.0,126.0,170.0,177.0,35.387,48.07,0.0,255.0,0.0,3.0,10.0,17.0,39.0,128.0,255.0,255.0,154.208,74.031,1.0,255.0,11.0,28.0,87.0,176.0,218.0,252.0,255.0,255.0,0.542436,0.044389,0.002042,welding_0002_18-19-53_p0,0002_18-19-53.jpg,data/welding/0002_18-19-53.jpg,data/welding,not_welding,8,0,0.8428,0.4792,welding,0.4792,0.0106,1.0,0.0
14880,105.267,31.844,0.0,179.0,0.0,34.0,107.0,116.0,124.0,129.0,150.0,173.0,43.43,39.952,0.0,255.0,0.0,6.0,15.0,29.0,60.0,123.0,171.21,255.0,144.238,59.176,1.0,255.0,23.0,43.0,92.0,156.0,191.0,230.0,255.0,255.0,0.482258,0.01371,0.008804,welding_0002_18-19-53_p1,0002_18-19-53.jpg,data/welding/0002_18-19-53.jpg,data/welding,not_welding,8,1,0.8296,1.0,welding,1.0,0.098,1.0,0.0
11972,101.582,44.707,0.0,179.0,1.0,9.0,104.0,114.0,120.0,167.0,177.0,179.0,71.904,46.541,0.0,255.0,3.0,12.0,38.0,61.0,100.0,154.0,221.0,255.0,132.577,52.148,4.0,255.0,30.71,54.0,95.0,127.0,169.0,229.0,255.0,255.0,0.309305,0.030905,0.012947,welding_0002_18-19-53_p2,0002_18-19-53.jpg,data/welding/0002_18-19-53.jpg,data/welding,not_welding,8,2,0.8276,0.5821,welding,0.5821,0.0336,0.8257,0.0972
17748,113.985,11.805,0.0,177.0,42.0,104.0,111.0,115.0,119.0,125.0,133.0,165.0,55.417,36.097,0.0,255.0,7.0,17.0,29.0,44.0,75.0,125.0,170.0,255.0,146.892,48.495,0.0,255.0,32.47,60.0,117.0,152.0,175.0,231.0,255.0,255.0,0.390861,0.0,0.0,welding_0002_18-19-53_p3,0002_18-19-53.jpg,data/welding/0002_18-19-53.jpg,data/welding,welding,8,3,0.814,0.9707,welding,0.9707,0.0761,1.0,0.0
18620,99.007,40.759,0.0,179.0,0.0,0.0,102.0,112.0,117.0,146.0,170.0,177.0,54.098,39.547,0.0,255.0,0.0,0.0,25.0,50.0,76.0,128.0,165.0,255.0,183.009,64.592,6.0,255.0,32.0,59.0,138.0,194.0,248.0,255.0,255.0,255.0,0.678786,0.008324,0.002954,welding_0002_18-19-53_p4,0002_18-19-53.jpg,data/welding/0002_18-19-53.jpg,data/welding,welding,8,4,0.751,1.0,welding,1.0,0.1897,1.0,0.0
11972,109.895,32.535,0.0,179.0,3.0,13.0,112.0,114.0,117.0,154.0,170.0,178.0,82.767,46.325,0.0,255.0,8.0,22.0,49.0,73.0,114.0,163.0,229.0,255.0,150.078,57.889,9.0,255.0,37.0,62.0,103.0,149.0,193.0,250.0,255.0,255.0,0.44128,0.015703,0.008687,welding_0002_18-19-53_p5,0002_18-19-53.jpg,data/welding/0002_18-19-53.jpg,data/welding,not_welding,8,5,0.7134,0.9209,welding,0.9209,0.0695,1.0,0.1944
2760,65.085,32.347,0.0,177.0,0.0,30.0,42.0,55.0,80.0,120.0,170.0,177.0,26.162,44.799,0.0,255.0,1.59,4.0,9.0,14.0,20.0,96.05,255.0,255.0,172.35,75.552,1.0,255.0,3.0,20.0,111.0,209.0,227.0,253.0,255.0,255.0,0.657246,0.005797,0.0,welding_0002_18-19-53_p6,0002_18-19-53.jpg,data/welding/0002_18-19-53.jpg,data/welding,not_welding,8,6,0.5928,0.5019,welding,0.5019,0.0136,1.0,0.0
14144,96.105,51.183,0.0,179.0,0.0,7.0,40.0,120.0,129.0,165.0,171.0,177.0,71.641,70.976,0.0,255.0,0.0,3.0,16.0,47.0,107.0,255.0,255.0,255.0,119.528,76.921,0.0,255.0,3.0,11.0,54.0,109.5,184.0,255.0,255.0,255.0,0.334205,0.04136,0.010959,welding_0002_18-35-39_p0,0002_18-35-39.jpg,data/welding/0002_18-35-39.jpg,data/welding,not_welding,9,0,0.8755,0.8239,welding,0.8239,0.0565,1.0,0.0972
14016,111.668,40.475,0.0,179.0,0.0,12.0,112.0,120.0,127.0,165.0,175.0,179.0,68.136,64.967,0.0,255.0,2.15,7.0,20.0,41.0,102.25,220.0,255.0,255.0,131.931,66.277,0.0,255.0,4.0,22.0,73.0,137.0,189.0,228.0,255.0,255.0,0.395548,0.034175,0.013913,welding_0002_18-35-39_p1,0002_18-35-39.jpg,data/welding/0002_18-35-39.jpg,data/welding,not_welding,9,1,0.832,1.0,welding,1.0,0.0806,1.0,0.0972
15360,97.899,41.28,0.0,179.0,0.0,20.0,57.0,116.0,125.0,140.0,165.0,177.0,53.412,56.112,0.0,255.0,0.0,3.0,16.0,31.0,75.0,169.0,255.0,255.0,148.279,72.591,0.0,255.0,4.0,28.0,85.0,156.0,213.0,255.0,255.0,255.0,0.487956,0.021224,0.008854,welding_0002_18-35-39_p2,0002_18-35-39.jpg,data/welding/0002_18-35-39.jpg,data/welding,not_welding,9,2,0.645,0.9105,welding,0.9105,0.0681,1.0,0.0
28728,72.363,56.392,0.0,179.0,0.0,0.0,21.0,53.0,120.0,170.0,177.0,177.0,26.787,33.158,0.0,255.0,0.0,3.0,10.0,19.0,29.0,85.0,204.0,255.0,146.485,61.426,0.0,255.0,14.0,36.0,104.0,151.0,201.0,229.0,255.0,255.0,0.470482,0.02099,0.007345,welding_0003_17-38-13_p0,0003_17-38-13.jpg,data/welding/0003_17-38-13.jpg,data/welding,not_welding,10,0,0.9023,0.4513,welding,0.4513,0.0068,1.0,0.0
6468,102.081,45.201,0.0,179.0,0.0,6.0,103.0,113.0,125.0,165.0,175.0,178.0,40.027,41.063,0.0,255.0,2.0,8.0,20.0,27.0,46.0,108.0,255.0,255.0,124.17,56.079,0.0,255.0,4.0,30.0,79.0,131.0,161.0,219.0,246.0,255.0,0.25603,0.028912,0.006648,welding_0003_17-38-13_p1,0003_17-38-13.jpg,data/welding/0003_17-38-13.jpg,data/welding,not_welding,10,1,0.729,0.7212,welding,0.7212,0.0428,1.0,0.0
11424,80.031,59.381,0.0,179.0,0.0,5.0,23.0,75.0,125.0,170.0,177.0,177.0,26.489,34.765,0.0,255.0,0.0,3.0,10.0,19.0,30.0,75.0,255.0,255.0,141.238,63.397,1.0,255.0,12.0,33.0,92.0,148.0,200.0,227.0,252.0,255.0,0.45737,0.005952,0.001576,welding_0003_17-38-13_p2,0003_17-38-13.jpg,data/welding/0003_17-38-13.jpg,data/welding,not_welding,10,2,0.729,0.7722,welding,0.7722,0.0496,1.0,0.0
8320,106.705,28.937,0.0,177.0,0.0,30.0,100.0,107.0,115.0,156.0,173.0,177.0,30.022,24.143,0.0,181.0,0.0,2.0,13.0,23.0,40.0,81.0,101.0,146.681,183.061,48.763,31.0,255.0,55.0,90.0,160.0,192.0,213.0,255.0,255.0,255.0,0.75024,0.0,0.0,welding_0003_17-38-13_p3,0003_17-38-13.jpg,data/welding/0003_17-38-13.jpg,data/welding,welding,10,3,0.6592,1.0,welding,1.0,0.0946,1.0,0.0
22892,109.59,19.944,0.0,177.0,20.0,70.0,109.0,114.0,118.0,125.0,147.0,170.0,61.9,53.426,0.0,255.0,1.0,6.0,19.0,44.0,97.0,156.0,227.0,255.0,154.313,64.536,0.0,255.0,15.0,44.0,110.0,148.0,209.0,255.0,255.0,255.0,0.446095,8.7e-05,0.0,welding_0003_17-38-18_p0,0003_17-38-18.jpg,data/welding/0003_17-38-18.jpg,data/welding,welding,11,0,0.8579,0.9781,welding,0.9781,0.0771,1.0,0.0
5632,90.988,48.725,0.0,179.0,0.0,11.0,35.0,112.0,125.0,167.0,177.0,179.0,72.376,61.727,0.0,255.0,2.0,8.0,21.0,55.0,108.0,206.9,255.0,255.0,109.74,67.895,0.0,255.0,5.0,23.0,54.0,91.0,172.0,225.0,255.0,255.0,0.281783,0.033026,0.016158,welding_0003_17-38-18_p1,0003_17-38-18.jpg,data/welding/0003_17-38-18.jpg,data/welding,not_welding,11,1,0.8237,0.7349,welding,0.7349,0.0447,1.0,0.0
7680,105.89,55.775,0.0,179.0,0.0,9.0,35.0,123.0,146.0,172.0,177.0,179.0,87.116,60.924,0.0,255.0,6.0,15.0,40.0,74.0,121.0,219.0,255.0,255.0,108.382,60.566,0.0,255.0,9.0,29.0,65.0,93.0,144.0,228.0,255.0,255.0,0.21224,0.065885,0.025391,welding_0003_17-38-18_p2,0003_17-38-18.jpg,data/welding/0003_17-38-18.jpg,data/welding,not_welding,11,2,0.7969,0.9571,welding,0.9571,0.0743,1.0,0.0972
5964,96.986,40.568,0.0,178.0,0.0,22.0,82.25,111.0,122.0,148.0,170.0,177.0,79.955,65.511,0.0,255.0,3.0,12.0,27.0,61.0,113.0,248.85,255.0,255.0,106.316,68.522,0.0,255.0,5.0,18.0,52.0,84.0,166.0,227.0,255.0,255.0,0.268947,0.0223,0.010731,welding_0003_17-38-18_p3,0003_17-38-18.jpg,data/welding/0003_17-38-18.jpg,data/welding,not_welding,11,3,0.7734,0.593,welding,0.593,0.0257,1.0,0.0
11180,103.649,49.072,0.0,179.0,0.0,6.0,96.0,120.0,129.0,170.0,177.0,179.0,51.462,53.152,0.0,255.0,3.0,7.0,16.0,31.0,70.0,164.0,255.0,255.0,120.692,64.195,2.0,255.0,8.0,21.0,66.0,124.0,176.0,217.0,242.0,255.0,0.338462,0.031127,0.004741,welding_0003_17-38-18_p4,0003_17-38-18.jpg,data/welding/0003_17-38-18.jpg,data/welding,not_welding,11,4,0.7617,0.9521,welding,0.9521,0.0736,1.0,0.0972
5600,111.874,53.259,0.0,179.0,0.0,4.0,116.0,123.0,138.25,175.0,178.0,179.0,90.142,59.851,0.0,255.0,8.0,20.0,44.0,77.5,120.0,231.0,255.0,255.0,104.927,57.703,4.0,255.0,12.0,25.0,66.0,93.5,134.0,224.0,255.0,255.0,0.173036,0.055893,0.020714,welding_0003_17-38-18_p5,0003_17-38-18.jpg,data/welding/0003_17-38-18.jpg,data/welding,not_welding,11,5,0.7231,0.935,welding,0.935,0.0713,1.0,0.2222
8296,105.26,56.438,0.0,179.0,0.0,4.0,50.0,124.0,138.0,174.0,178.0,179.0,76.879,62.622,0.0,255.0,3.0,9.0,27.0,58.0,112.0,211.25,255.0,255.0,121.259,62.413,0.0,255.0,12.0,31.0,74.0,111.0,168.0,238.0,255.0,255.0,0.280014,0.071842,0.02893,welding_0003_17-38-18_p6,0003_17-38-18.jpg,data/welding/0003_17-38-18.jpg,data/welding,not_welding,11,6,0.7222,0.6224,welding,0.6224,0.0297,1.0,0.2222
2880,106.614,66.446,0.0,179.0,0.0,5.0,19.0,133.0,163.0,174.0,178.0,179.0,88.046,60.464,0.0,255.0,11.0,19.0,44.0,72.0,117.0,230.15,255.0,255.0,112.666,61.415,4.0,255.0,11.79,30.0,69.0,97.0,153.0,229.0,255.0,255.0,0.234028,0.084722,0.030903,welding_0003_17-38-18_p7,0003_17-38-18.jpg,data/welding/0003_17-38-18.jpg,data/welding,not_welding,11,7,0.6914,1.0,welding,1.0,0.104,1.0,0.0972
2820,87.991,41.49,0.0,179.0,0.0,13.0,52.0,96.0,120.0,144.0,165.0,173.181,42.004,58.134,0.0,255.0,0.0,2.0,7.0,20.0,49.0,185.0,255.0,255.0,136.818,77.964,0.0,255.0,4.0,17.0,64.0,137.0,207.0,255.0,255.0,255.0,0.433333,0.020922,0.001773,welding_0003_17-38-18_p8,0003_17-38-18.jpg,data/welding/0003_17-38-18.jpg,data/welding,not_welding,11,8,0.6831,0.6686,welding,0.6686,0.0358,1.0,0.0
8732,102.911,46.207,0.0,179.0,0.0,8.0,104.0,120.0,124.0,168.0,177.0,179.0,71.318,57.569,0.0,255.0,3.0,8.0,24.0,57.0,103.0,191.0,255.0,255.0,101.513,61.331,1.0,255.0,7.0,18.0,54.0,86.0,150.0,212.0,252.0,255.0,0.210376,0.045236,0.013972,welding_0003_17-38-18_p9,0003_17-38-18.jpg,data/welding/0003_17-38-18.jpg,data/welding,not_welding,11,9,0.6626,0.8028,welding,0.8028,0.0537,1.0,0.0972
10608,102.458,50.82,0.0,179.0,0.0,5.0,109.0,120.0,125.0,173.0,178.0,179.0,63.589,58.208,0.0,255.0,3.0,9.0,20.0,42.0,93.0,191.0,255.0,255.0,122.41,65.433,0.0,255.0,10.0,25.0,67.0,117.0,178.0,226.65,255.0,255.0,0.345494,0.053262,0.01678,welding_0003_17-38-18_p10,0003_17-38-18.jpg,data/welding/0003_17-38-18.jpg,data/welding,not_welding,11,10,0.645,1.0,welding,1.0,0.0913,1.0,0.3056
3072,66.499,52.93,0.0,179.0,0.0,11.0,25.0,30.0,120.0,164.45,175.0,178.0,45.756,44.284,0.0,255.0,2.0,6.0,23.0,35.0,50.0,136.0,255.0,255.0,125.615,56.236,4.0,255.0,11.0,29.55,84.0,135.0,157.0,229.0,255.0,255.0,0.211263,0.027669,0.004232,welding_0003_17-38-18_p11,0003_17-38-18.jpg,data/welding/0003_17-38-18.jpg,data/welding,not_welding,11,11,0.6206,0.6588,welding,0.6588,0.0345,1.0,0.0
16704,109.175,50.212,0.0,179.0,0.0,3.0,96.0,120.0,140.0,174.0,177.0,178.0,60.062,79.994,0.0,255.0,0.0,4.0,12.0,24.0,56.0,255.0,255.0,255.0,102.243,64.001,0.0,255.0,1.0,2.0,48.0,117.0,149.0,195.0,254.0,255.0,0.182771,0.020833,0.008202,welding_0003_18-06-27_p0,0003_18-06-27.jpg,data/welding/0003_18-06-27.jpg,data/welding,not_welding,12,0,0.916,0.5632,welding,0.5632,0.0218,1.0,0.0972
9100,108.399,49.704,0.0,178.0,0.0,6.0,101.0,120.0,145.0,164.05,173.0,177.0,44.994,61.253,0.0,255.0,0.0,3.0,11.0,22.0,46.0,255.0,255.0,255.0,109.097,65.759,0.0,255.0,1.0,5.0,51.0,116.0,163.25,207.0,233.0,255.0,0.268242,0.015824,0.003297,welding_0003_18-06-27_p1,0003_18-06-27.jpg,data/welding/0003_18-06-27.jpg,data/welding,not_welding,12,1,0.8496,0.8385,welding,0.8385,0.0585,1.0,0.0
13764,103.183,48.891,0.0,179.0,0.0,8.0,93.0,114.0,129.0,173.0,177.0,178.0,67.414,76.893,0.0,255.0,0.0,4.0,14.0,28.0,106.0,255.0,255.0,255.0,107.747,64.059,0.0,255.0,1.0,3.0,55.0,124.0,153.0,201.0,255.0,255.0,0.198561,0.025356,0.009881,welding_0003_18-06-27_p2,0003_18-06-27.jpg,data/welding/0003_18-06-27.jpg,data/welding,not_welding,12,2,0.8154,0.6381,welding,0.6381,0.0317,1.0,0.0
9936,40.821,49.14,0.0,179.0,0.0,1.0,14.0,23.0,41.0,174.0,178.0,179.0,47.153,56.9,0.0,255.0,4.0,12.0,19.0,25.0,41.0,201.0,255.0,255.0,169.8,61.849,0.0,255.0,4.0,33.0,152.0,195.0,206.0,241.0,255.0,255.0,0.728563,0.075886,0.023048,welding_0003_18-06-27_p3,0003_18-06-27.jpg,data/welding/0003_18-06-27.jpg,data/welding,not_welding,12,3,0.792,0.7801,welding,0.7801,0.0507,1.0,0.0972
10080,76.388,44.355,0.0,179.0,0.0,11.0,43.0,69.0,110.0,170.0,177.0,177.0,37.018,48.835,0.0,255.0,0.0,3.0,11.0,18.0,40.0,132.0,255.0,255.0,156.195,74.138,1.0,255.0,11.0,29.95,88.0,180.0,222.0,249.0,255.0,255.0,0.550298,0.030357,0.002877,welding_0003_18-19-54_p0,0003_18-19-54.jpg,data/welding/0003_18-19-54.jpg,data/welding,not_welding,13,0,0.894,0.4889,welding,0.4889,0.0119,1.0,0.0
18020,113.149,8.867,35.0,174.0,80.0,102.0,111.0,114.0,117.0,123.0,127.0,150.0,61.559,37.408,1.0,255.0,8.0,20.0,33.0,51.0,83.0,130.0,175.0,255.0,159.818,51.336,1.0,255.0,35.0,69.0,128.0,160.0,191.0,254.0,255.0,255.0,0.511099,0.0,0.0,welding_0003_18-19-54_p1,0003_18-19-54.jpg,data/welding/0003_18-19-54.jpg,data/welding,welding,13,1,0.8149,1.0,welding,1.0,0.1625,1.0,0.0
11972,102.496,43.345,0.0,179.0,1.0,11.0,105.0,114.0,119.0,170.0,176.0,179.0,70.801,44.563,0.0,255.0,6.0,15.0,39.0,61.0,95.0,151.0,228.0,255.0,133.434,52.019,2.0,255.0,28.0,56.0,95.0,127.0,169.0,239.0,255.0,255.0,0.305713,0.036418,0.017875,welding_0003_18-19-54_p2,0003_18-19-54.jpg,data/welding/0003_18-19-54.jpg,data/welding,not_welding,13,2,0.7925,0.549,welding,0.549,0.0365,0.6888,0.2083
8512,111.361,36.678,0.0,179.0,2.0,10.0,112.0,116.0,123.0,162.0,174.0,179.0,70.639,40.654,0.0,255.0,6.0,13.0,37.0,69.0,98.0,137.0,182.0,255.0,134.413,56.852,4.0,255.0,24.0,50.0,94.0,125.0,178.0,237.0,255.0,255.0,0.320489,0.006579,0.003289,welding_0003_18-19-54_p3,0003_18-19-54.jpg,data/welding/0003_18-19-54.jpg,data/welding,not_welding,13,3,0.6973,0.8956,welding,0.8956,0.0661,1.0,0.0
17856,99.426,42.231,0.0,179.0,0.0,0.0,100.0,111.0,117.0,154.0,173.0,178.145,52.318,38.456,0.0,255.0,0.0,0.0,24.0,49.0,76.0,119.0,159.0,255.0,177.659,64.944,6.0,255.0,29.0,59.0,130.0,184.0,243.0,255.0,255.0,255.0,0.647849,0.009521,0.004592,welding_0003_18-19-54_p4,0003_18-19-54.jpg,data/welding/0003_18-19-54.jpg,data/welding,welding,13,4,0.6455,1.0,welding,1.0,0.1794,1.0,0.0972
2464,62.528,29.05,0.0,177.0,12.26,34.0,40.0,51.0,83.0,115.0,125.0,170.0,28.608,46.239,0.0,255.0,2.0,5.0,11.0,16.0,22.0,107.85,255.0,255.0,170.196,76.01,0.0,255.0,2.0,19.0,112.75,207.0,228.0,251.85,255.0,255.0,0.644075,0.000406,0.0,welding_0003_18-19-54_p5,0003_18-19-54.jpg,data/welding/0003_18-19-54.jpg,data/welding,not_welding,13,5,0.6392,0.5065,welding,0.5065,0.0142,1.0,0.0
14632,103.354,34.747,0.0,179.0,0.0,28.0,99.0,116.0,121.0,140.0,170.0,177.0,39.044,39.844,0.0,255.0,0.0,3.0,13.0,25.0,52.0,114.0,208.0,255.0,140.627,57.326,0.0,255.0,19.0,43.0,92.0,152.0,182.0,229.0,255.0,255.0,0.452228,0.013737,0.009226,welding_0003_18-19-54_p6,0003_18-19-54.jpg,data/welding/0003_18-19-54.jpg,data/welding,welding,13,6,0.6167,0.6596,welding,0.6596,0.0346,1.0,0.1944
28908,106.137,34.28,0.0,179.0,0.0,20.0,103.0,114.0,125.0,145.0,158.0,173.0,69.374,68.16,0.0,255.0,0.0,3.0,17.0,49.0,96.0,255.0,255.0,255.0,116.095,87.451,0.0,255.0,1.0,5.0,30.0,106.0,197.0,255.0,255.0,255.0,0.349626,0.008856,0.000588,welding_0003_18-35-40_p0,0003_18-35-40.jpg,data/welding/0003_18-35-40.jpg,data/welding,welding,14,0,0.8779,1.0,welding,1.0,0.1087,1.0,0.0
17556,100.054,48.919,0.0,179.0,0.0,8.0,60.0,115.0,133.0,167.0,174.0,178.0,64.729,70.747,0.0,255.0,0.0,4.0,12.0,35.0,91.0,255.0,255.0,255.0,125.616,77.063,0.0,255.0,4.0,13.0,53.0,124.0,193.0,254.0,255.0,255.0,0.375598,0.029335,0.006323,welding_0003_18-35-40_p1,0003_18-35-40.jpg,data/welding/0003_18-35-40.jpg,data/welding,not_welding,14,1,0.8628,0.5213,welding,0.5213,0.0162,1.0,0.1944
15048,87.827,45.556,0.0,177.0,0.0,11.0,40.0,111.0,124.25,140.0,170.0,176.0,47.616,55.613,0.0,255.0,0.0,3.0,13.0,27.0,58.0,170.0,255.0,255.0,148.775,74.744,0.0,255.0,3.0,19.0,83.0,161.0,214.0,255.0,255.0,255.0,0.506512,0.031433,0.010566,welding_0003_18-35-40_p2,0003_18-35-40.jpg,data/welding/0003_18-35-40.jpg,data/welding,not_welding,14,2,0.8193,0.7267,welding,0.7267,0.0436,1.0,0.0972
13056,112.162,43.016,0.0,179.0,0.0,13.0,109.0,118.0,135.0,170.0,175.0,179.0,65.553,69.781,0.0,255.0,2.0,6.0,12.0,37.0,96.0,247.0,255.0,255.0,123.984,69.401,0.0,255.0,4.0,17.0,59.0,126.0,186.0,225.0,255.0,255.0,0.371247,0.027267,0.005898,welding_0003_18-35-40_p3,0003_18-35-40.jpg,data/welding/0003_18-35-40.jpg,data/welding,not_welding,14,3,0.7964,0.9653,welding,0.9653,0.0754,1.0,0.1944
7280,112.036,50.705,0.0,179.0,0.0,6.0,110.0,124.0,142.0,171.0,177.0,179.0,86.904,72.841,0.0,255.0,3.0,8.0,27.0,68.0,124.0,255.0,255.0,255.0,96.79,64.25,0.0,255.0,4.0,12.0,44.0,80.0,149.0,210.0,255.0,255.0,0.214148,0.046154,0.00989,welding_0003_18-35-40_p4,0003_18-35-40.jpg,data/welding/0003_18-35-40.jpg,data/welding,not_welding,14,4,0.6685,0.7616,welding,0.7616,0.0482,1.0,0.0
13440,50.962,49.147,0.0,179.0,0.0,3.0,20.0,34.0,57.0,169.0,177.0,178.0,30.113,44.042,0.0,255.0,0.0,4.0,9.0,18.0,24.0,120.05,255.0,255.0,161.895,64.091,0.0,255.0,11.0,35.0,128.0,182.0,210.0,234.0,255.0,255.0,0.699182,0.031176,0.008482,welding_0004_17-38-14_p0,0004_17-38-14.jpg,data/welding/0004_17-38-14.jpg,data/welding,not_welding,15,0,0.8652,0.6402,welding,0.6402,0.032,1.0,0.0
3360,96.507,33.968,0.0,177.0,0.0,30.0,90.0,106.0,113.0,140.05,169.41,173.0,51.559,62.919,0.0,255.0,0.0,3.0,11.0,25.0,64.0,217.1,255.0,255.0,115.248,66.33,1.0,254.0,5.0,15.0,52.0,124.0,173.0,210.0,227.0,243.641,0.34881,0.012202,0.00506,welding_0004_17-38-14_p1,0004_17-38-14.jpg,data/welding/0004_17-38-14.jpg,data/welding,not_welding,15,1,0.6206,0.5127,welding,0.5127,0.015,1.0,0.0
9776,73.51,49.859,0.0,179.0,0.0,3.0,20.0,76.0,106.0,170.0,177.0,178.0,24.312,31.191,0.0,255.0,0.0,3.0,9.0,17.0,27.0,69.25,193.25,255.0,151.202,53.403,0.0,255.0,18.0,52.0,112.0,167.0,189.0,224.0,245.0,255.0,0.542042,0.009104,0.001534,welding_0004_17-38-14_p2,0004_17-38-14.jpg,data/welding/0004_17-38-14.jpg,data/welding,welding,15,2,0.5859,1.0,welding,1.0,0.093,1.0,0.0
9328,49.376,52.067,0.0,179.0,0.0,0.0,13.0,30.0,63.0,176.0,178.0,179.0,48.054,60.776,0.0,255.0,3.0,7.0,14.0,24.0,48.0,216.0,255.0,255.0,150.322,62.32,0.0,255.0,5.0,23.0,113.0,172.0,188.0,229.0,255.0,255.0,0.645369,0.077509,0.016831,welding_0004_17-38-14_p3,0004_17-38-14.jpg,data/welding/0004_17-38-14.jpg,data/welding,not_welding,15,3,0.5732,0.6866,welding,0.6866,0.0382,1.0,0.0972
9048,81.178,47.43,0.0,179.0,0.0,10.0,34.0,96.0,116.0,156.0,177.0,179.0,63.117,61.447,0.0,255.0,2.0,9.0,23.0,41.0,79.0,227.65,255.0,255.0,114.121,71.58,0.0,255.0,5.0,19.0,48.0,102.0,181.25,229.65,255.0,255.0,0.329023,0.051393,0.018568,welding_0004_17-38-19_p0,0004_17-38-19.jpg,data/welding/0004_17-38-19.jpg,data/welding,not_welding,16,0,0.8418,0.6462,welding,0.6462,0.0328,1.0,0.0
22420,103.36,32.544,0.0,178.0,0.0,16.0,104.0,114.0,120.0,125.0,165.0,177.0,55.023,52.739,0.0,255.0,0.0,3.0,13.0,36.0,85.0,149.05,234.81,255.0,143.745,68.74,0.0,255.0,9.0,29.0,93.0,135.0,203.0,255.0,255.0,255.0,0.412266,0.00446,0.0,welding_0004_17-38-19_p1,0004_17-38-19.jpg,data/welding/0004_17-38-19.jpg,data/welding,welding,16,1,0.8403,0.9409,welding,0.9409,0.0721,1.0,0.0
12220,89.299,61.705,0.0,179.0,0.0,2.0,17.0,115.0,136.0,173.0,178.0,179.0,77.235,67.412,0.0,255.0,3.0,8.0,24.0,56.0,109.0,244.0,255.0,255.0,113.797,64.767,0.0,255.0,10.0,25.0,59.0,105.0,162.0,234.0,255.0,255.0,0.260802,0.103355,0.030933,welding_0004_17-38-19_p2,0004_17-38-19.jpg,data/welding/0004_17-38-19.jpg,data/welding,not_welding,16,2,0.8086,0.8167,welding,0.8167,0.0556,1.0,0.3333
8064,84.593,66.262,0.0,179.0,0.0,2.0,15.0,113.0,141.0,175.0,179.0,179.0,92.459,65.354,0.0,255.0,8.0,19.0,43.0,74.0,121.0,255.0,255.0,255.0,102.929,64.762,0.0,255.0,8.0,23.0,53.0,86.0,139.0,231.0,255.0,255.0,0.206473,0.130456,0.03063,welding_0004_17-38-19_p3,0004_17-38-19.jpg,data/welding/0004_17-38-19.jpg,data/welding,not_welding,16,3,0.7822,0.8515,welding,0.8515,0.0602,1.0,0.2222
3960,81.324,52.24,0.0,179.0,0.0,5.0,29.0,98.0,116.0,167.1,177.0,179.0,69.387,60.874,0.0,255.0,3.0,13.0,28.0,48.0,88.0,242.05,255.0,255.0,101.102,70.767,0.0,255.0,4.0,17.0,42.0,78.0,167.0,225.0,255.0,255.0,0.262374,0.07197,0.019949,welding_0004_17-38-19_p4,0004_17-38-19.jpg,data/welding/0004_17-38-19.jpg,data/welding,not_welding,16,4,0.7671,0.7551,welding,0.7551,0.0473,1.0,0.0
11524,80.942,58.942,0.0,179.0,0.0,3.0,16.0,110.0,126.0,170.0,177.0,179.0,51.884,57.808,0.0,255.0,0.0,3.0,10.0,31.0,74.0,181.0,255.0,255.0,116.556,65.839,0.0,255.0,4.0,15.0,58.0,123.0,172.0,212.0,241.0,255.0,0.313867,0.071937,0.007376,welding_0004_17-38-19_p5,0004_17-38-19.jpg,data/welding/0004_17-38-19.jpg,data/welding,not_welding,16,5,0.7378,0.7088,welding,0.7088,0.0412,1.0,0.0972
2664,57.421,53.059,0.0,178.0,0.0,8.0,24.0,29.0,119.0,165.0,177.0,177.0,44.004,41.006,0.0,255.0,0.0,4.0,19.0,36.0,53.0,106.85,255.0,255.0,130.958,55.49,1.0,255.0,10.63,33.0,87.0,145.0,161.0,225.0,253.0,255.0,0.26952,0.031532,0.001502,welding_0004_17-38-19_p6,0004_17-38-19.jpg,data/welding/0004_17-38-19.jpg,data/welding,not_welding,16,6,0.7119,0.6928,welding,0.6928,0.039,1.0,0.0
3264,80.365,41.036,0.0,178.0,0.0,14.15,48.0,83.0,113.0,144.85,170.0,177.0,39.364,57.252,0.0,255.0,0.0,2.0,6.0,18.0,44.25,182.85,255.0,255.0,139.192,79.374,0.0,255.0,2.0,12.0,68.75,142.5,211.0,255.0,255.0,255.0,0.4519,0.022672,0.00337,welding_0004_17-38-19_p7,0004_17-38-19.jpg,data/welding/0004_17-38-19.jpg,data/welding,not_welding,16,7,0.7065,0.6493,welding,0.6493,0.0332,1.0,0.0
6048,91.155,63.399,0.0,179.0,0.0,2.0,16.0,116.0,138.0,175.0,179.0,179.0,95.213,63.051,0.0,255.0,10.0,21.0,48.0,77.0,129.0,246.0,255.0,255.0,98.989,60.905,0.0,255.0,11.0,25.35,54.0,84.0,128.0,229.0,255.0,255.0,0.166997,0.113095,0.025794,welding_0004_17-38-19_p8,0004_17-38-19.jpg,data/welding/0004_17-38-19.jpg,data/welding,not_welding,16,8,0.6782,0.9897,welding,0.9897,0.0786,1.0,0.2083
11844,94.441,54.204,0.0,179.0,0.0,4.0,34.0,119.0,129.0,170.0,177.0,179.0,68.779,60.467,0.0,255.0,0.0,4.0,20.0,54.0,98.0,199.0,255.0,255.0,99.066,64.541,0.0,255.0,6.0,15.0,45.0,84.0,150.0,214.0,252.0,255.0,0.21074,0.063492,0.013931,welding_0004_17-38-19_p9,0004_17-38-19.jpg,data/welding/0004_17-38-19.jpg,data/welding,not_welding,16,9,0.6387,0.8151,welding,0.8151,0.0553,1.0,0.0
2688,80.06,45.636,0.0,179.0,0.0,5.0,39.0,83.0,120.0,146.0,173.0,178.0,46.621,65.994,0.0,255.0,0.0,1.0,5.0,16.0,58.0,212.0,255.0,255.0,135.534,80.683,0.0,255.0,3.87,13.0,61.75,136.0,207.0,255.0,255.0,255.0,0.433036,0.076637,0.043155,welding_0004_17-38-19_p10,0004_17-38-19.jpg,data/welding/0004_17-38-19.jpg,data/welding,not_welding,16,10,0.6074,0.7306,welding,0.7306,0.0441,1.0,0.0
16848,107.893,50.633,0.0,179.0,0.0,2.0,90.0,120.0,140.0,174.0,177.0,178.0,59.319,79.681,0.0,255.0,0.0,4.0,12.0,24.0,54.0,255.0,255.0,255.0,102.298,64.027,0.0,255.0,1.0,2.0,48.0,118.0,150.0,195.0,254.0,255.0,0.181624,0.02018,0.008013,welding_0004_18-06-28_p0,0004_18-06-28.jpg,data/welding/0004_18-06-28.jpg,data/welding,not_welding,17,0,0.9131,0.6032,welding,0.6032,0.0271,1.0,0.0972
7020,105.147,54.423,0.0,178.0,0.0,5.0,60.0,120.0,150.0,165.0,174.0,177.0,42.286,57.444,0.0,255.0,0.0,3.0,11.0,21.0,43.0,187.0,255.0,255.0,106.772,63.678,0.0,255.0,0.0,5.0,49.0,114.0,159.0,200.05,234.0,255.0,0.244444,0.030199,0.007123,welding_0004_18-06-28_p1,0004_18-06-28.jpg,data/welding/0004_18-06-28.jpg,data/welding,not_welding,17,1,0.8862,0.603,welding,0.603,0.0271,1.0,0.0
14208,102.339,49.15,0.0,179.0,0.0,6.0,90.0,113.0,130.0,170.0,177.0,178.0,68.528,76.845,0.0,255.0,0.0,4.0,14.0,29.0,112.25,255.0,255.0,255.0,108.366,63.502,0.0,255.0,1.0,3.0,55.0,125.0,152.0,199.0,255.0,255.0,0.195383,0.024845,0.009924,welding_0004_18-06-28_p2,0004_18-06-28.jpg,data/welding/0004_18-06-28.jpg,data/welding,not_welding,17,2,0.8169,0.5618,welding,0.5618,0.0216,1.0,0.0
11408,36.249,44.75,0.0,179.0,0.0,1.0,12.0,22.0,35.0,174.0,178.0,179.0,49.037,58.726,0.0,255.0,3.0,10.0,20.0,27.0,43.0,213.0,255.0,255.0,165.97,65.629,0.0,255.0,3.0,22.0,146.0,194.0,206.0,239.0,255.0,255.0,0.715813,0.071704,0.020775,welding_0004_18-06-28_p3,0004_18-06-28.jpg,data/welding/0004_18-06-28.jpg,data/welding,not_welding,17,3,0.7993,0.7498,welding,0.7498,0.0466,1.0,0.1944
8856,72.27,65.146,0.0,179.0,0.0,0.0,16.0,32.0,132.0,175.0,178.0,179.0,40.163,49.833,0.0,255.0,0.0,3.0,10.0,22.0,49.0,143.0,255.0,255.0,125.834,66.621,0.0,255.0,7.0,23.0,68.0,126.0,190.0,219.0,247.0,255.0,0.382565,0.030939,0.002145,welding_0004_18-06-28_p4,0004_18-06-28.jpg,data/welding/0004_18-06-28.jpg,data/welding,not_welding,17,4,0.6499,1.0,welding,1.0,0.2211,1.0,0.0
8840,74.005,44.902,0.0,179.0,0.0,11.0,40.0,66.0,106.0,170.0,177.0,178.0,37.675,49.747,0.0,255.0,1.0,4.0,11.0,18.0,40.0,143.0,255.0,255.0,163.032,74.408,1.0,255.0,11.0,31.0,95.0,199.0,224.0,253.0,255.0,255.0,0.587557,0.029977,0.010068,welding_0004_18-19-55_p0,0004_18-19-55.jpg,data/welding/0004_18-19-55.jpg,data/welding,not_welding,18,0,0.8452,0.4827,welding,0.4827,0.011,1.0,0.0
12432,112.426,36.567,0.0,179.0,0.0,14.0,112.0,117.0,122.0,167.0,177.0,179.0,77.084,45.869,0.0,255.0,3.0,11.0,43.0,69.0,109.0,156.0,199.0,255.0,146.22,48.025,10.0,255.0,39.0,71.0,114.0,142.0,179.0,245.0,255.0,255.0,0.375563,0.026866,0.013594,welding_0004_18-19-55_p1,0004_18-19-55.jpg,data/welding/0004_18-19-55.jpg,data/welding,not_welding,18,1,0.7349,0.6559,welding,0.6559,0.0426,0.841,0.3194
16932,116.321,7.977,0.0,165.0,90.0,100.0,114.0,117.0,121.0,124.0,126.0,150.0,58.642,26.635,0.0,255.0,5.0,21.0,43.0,55.0,71.0,108.0,140.0,186.138,179.769,50.47,15.0,255.0,51.0,87.0,149.0,180.0,217.0,255.0,255.0,255.0,0.696669,0.0,0.0,welding_0004_18-19-55_p2,0004_18-19-55.jpg,data/welding/0004_18-19-55.jpg,data/welding,welding,18,2,0.6689,1.0,welding,1.0,0.1807,1.0,0.0
13800,115.902,23.646,0.0,179.0,13.0,83.0,114.0,118.0,123.0,146.0,170.0,177.0,74.095,40.816,0.0,255.0,3.0,11.0,41.0,75.0,103.0,140.0,170.0,255.0,162.928,63.452,6.0,255.0,33.0,52.0,114.0,168.0,215.0,255.0,255.0,255.0,0.535725,0.005507,0.003406,welding_0004_18-19-55_p3,0004_18-19-55.jpg,data/welding/0004_18-19-55.jpg,data/welding,not_welding,18,3,0.666,0.9677,welding,0.9677,0.0757,1.0,0.0
2552,66.307,31.296,0.0,126.0,13.0,34.0,43.0,51.0,101.0,120.0,120.0,126.0,26.918,36.67,0.0,255.0,4.0,7.0,12.0,16.0,24.0,85.0,255.0,255.0,172.302,74.789,1.0,255.0,5.0,25.0,115.0,208.0,228.0,253.0,255.0,255.0,0.662226,0.000392,0.0,welding_0004_18-19-55_p4,0004_18-19-55.jpg,data/welding/0004_18-19-55.jpg,data/welding,not_welding,18,4,0.5776,0.5087,welding,0.5087,0.0145,1.0,0.0
17484,107.358,34.798,0.0,179.0,0.0,0.0,108.0,114.0,119.0,150.0,173.0,178.0,62.61,40.628,0.0,255.0,0.0,0.0,32.0,62.0,88.0,132.0,168.0,255.0,190.883,60.52,6.0,255.0,40.0,69.0,152.0,204.0,249.0,255.0,255.0,255.0,0.725749,0.005891,0.003546,welding_0004_18-19-55_p5,0004_18-19-55.jpg,data/welding/0004_18-19-55.jpg,data/welding,welding,18,5,0.5601,1.0,welding,1.0,0.1746,1.0,0.0
16500,96.467,52.052,0.0,179.0,0.0,6.0,46.0,114.0,135.0,165.0,174.0,178.0,64.912,69.838,0.0,255.0,0.0,3.0,13.0,36.0,96.0,255.0,255.0,255.0,120.343,77.443,0.0,255.0,3.0,11.0,48.0,114.0,187.0,254.0,255.0,255.0,0.344424,0.033879,0.007091,welding_0004_18-35-41_p0,0004_18-35-41.jpg,data/welding/0004_18-35-41.jpg,data/welding,not_welding,19,0,0.8545,0.5961,welding,0.5961,0.0262,1.0,0.0
15180,81.344,48.725,0.0,179.0,0.0,4.0,34.0,103.0,124.0,141.0,170.0,177.0,46.184,57.989,0.0,255.0,0.0,2.0,12.0,24.0,55.0,190.0,255.0,255.0,145.23,76.79,0.0,255.0,2.0,14.0,76.0,158.0,213.0,255.0,255.0,255.0,0.494466,0.03307,0.009091,welding_0004_18-35-41_p1,0004_18-35-41.jpg,data/welding/0004_18-35-41.jpg,data/welding,not_welding,19,1,0.854,0.797,welding,0.797,0.0529,1.0,0.0
14308,103.114,51.765,0.0,179.0,0.0,0.0,75.0,117.0,138.0,169.0,176.0,179.0,57.845,67.243,0.0,255.0,0.0,2.0,9.0,27.0,87.0,235.0,255.0,255.0,120.206,69.062,0.0,255.0,3.0,14.0,55.0,122.0,182.0,223.0,249.93,255.0,0.349804,0.028306,0.005242,welding_0004_18-35-41_p2,0004_18-35-41.jpg,data/welding/0004_18-35-41.jpg,data/welding,not_welding,19,2,0.8481,1.0,welding,1.0,0.085,1.0,0.0
11036,44.359,50.798,0.0,179.0,0.0,0.0,13.0,27.0,34.0,165.0,177.0,179.0,71.658,81.79,0.0,255.0,0.0,6.0,19.0,31.0,94.0,255.0,255.0,255.0,136.583,85.672,0.0,255.0,1.0,5.0,52.0,143.0,222.0,254.0,255.0,255.0,0.45116,0.118431,0.013229,welding_0004_18-35-41_p3,0004_18-35-41.jpg,data/welding/0004_18-35-41.jpg,data/welding,not_welding,19,3,0.7114,0.6953,welding,0.6953,0.0394,1.0,0.0
8280,109.028,54.54,0.0,179.0,0.0,1.0,103.0,124.0,146.0,170.0,177.0,179.0,76.896,70.597,0.0,255.0,0.0,3.0,18.0,60.0,115.0,255.0,255.0,255.0,98.732,65.532,0.0,255.0,3.0,10.0,42.0,89.0,153.0,208.05,252.0,255.0,0.223792,0.041425,0.006159,welding_0004_18-35-41_p4,0004_18-35-41.jpg,data/welding/0004_18-35-41.jpg,data/welding,not_welding,19,4,0.6816,0.7646,welding,0.7646,0.0486,1.0,0.0
23296,56.553,52.501,0.0,179.0,0.0,3.0,19.0,35.0,95.0,170.0,177.0,178.0,28.46,38.96,0.0,255.0,0.0,3.0,8.0,18.0,28.0,100.0,255.0,255.0,153.278,65.42,0.0,255.0,12.0,33.0,101.0,172.0,206.0,233.0,255.0,255.0,0.592891,0.028717,0.008886,welding_0005_17-38-15_p0,0005_17-38-15.jpg,data/welding/0005_17-38-15.jpg,data/welding,not_welding,20,0,0.9062,0.5391,welding,0.5391,0.0185,1.0,0.0
11800,52.766,53.327,0.0,179.0,0.0,0.0,13.0,35.0,66.0,174.0,178.0,179.0,42.339,57.842,0.0,255.0,0.0,6.0,12.0,22.0,37.0,201.0,255.0,255.0,147.882,60.932,0.0,255.0,6.0,25.0,117.0,169.0,185.0,225.0,255.0,255.0,0.592966,0.058729,0.014237,welding_0005_17-38-15_p1,0005_17-38-15.jpg,data/welding/0005_17-38-15.jpg,data/welding,not_welding,20,1,0.8335,0.665,welding,0.665,0.0353,1.0,0.2917
8360,102.462,52.931,0.0,178.0,0.0,3.0,80.0,114.0,138.0,170.0,177.0,178.0,35.62,42.191,0.0,255.0,0.0,6.0,14.0,24.0,37.0,142.0,229.23,255.0,123.271,53.847,0.0,255.0,6.0,33.0,82.0,127.0,159.25,214.0,251.0,255.0,0.25,0.0561,0.036722,welding_0005_17-38-15_p2,0005_17-38-15.jpg,data/welding/0005_17-38-15.jpg,data/welding,not_welding,20,2,0.8013,0.8468,welding,0.8468,0.0596,1.0,0.0
9180,67.148,45.288,0.0,179.0,0.0,5.0,20.0,70.0,101.0,141.0,173.0,177.0,24.315,32.801,0.0,255.0,0.0,4.0,8.0,17.0,26.0,74.0,213.63,255.0,149.456,55.865,0.0,255.0,11.0,46.95,107.0,166.0,190.0,226.0,244.0,255.0,0.539978,0.009259,0.000436,welding_0005_17-38-15_p3,0005_17-38-15.jpg,data/welding/0005_17-38-15.jpg,data/welding,not_welding,20,3,0.5996,1.0,welding,1.0,0.0897,1.0,0.0
11008,76.048,52.952,0.0,179.0,0.0,5.0,21.0,93.0,120.0,163.0,177.0,179.0,65.062,59.071,0.0,255.0,1.0,9.0,25.0,43.0,87.0,204.0,255.0,255.0,113.965,71.732,0.0,255.0,5.0,19.0,47.0,102.0,182.0,227.0,255.0,255.0,0.346112,0.069313,0.008812,welding_0005_17-38-20_p0,0005_17-38-20.jpg,data/welding/0005_17-38-20.jpg,data/welding,not_welding,21,0,0.8091,0.6116,welding,0.6116,0.0282,1.0,0.0
11592,97.342,55.039,0.0,179.0,0.0,4.0,35.0,120.0,129.0,170.0,177.0,179.0,66.006,62.322,0.0,255.0,0.0,5.0,17.0,49.0,93.0,217.0,255.0,255.0,98.02,65.497,0.0,255.0,3.0,12.0,44.0,85.0,149.0,217.0,255.0,255.0,0.212819,0.06401,0.012681,welding_0005_17-38-20_p1,0005_17-38-20.jpg,data/welding/0005_17-38-20.jpg,data/welding,not_welding,21,1,0.7729,0.6954,welding,0.6954,0.0394,1.0,0.0972
6032,94.247,62.868,0.0,179.0,0.0,1.0,25.0,118.0,140.0,177.0,179.0,179.0,96.123,67.535,0.0,255.0,5.0,16.0,43.0,76.0,140.0,255.0,255.0,255.0,101.702,64.275,2.0,255.0,10.0,23.0,52.0,83.0,143.0,225.0,255.0,255.0,0.211041,0.066479,0.023541,welding_0005_17-38-20_p2,0005_17-38-20.jpg,data/welding/0005_17-38-20.jpg,data/welding,not_welding,21,2,0.7495,0.7674,welding,0.7674,0.049,1.0,0.2917
3040,49.055,44.323,0.0,177.0,0.0,11.0,23.0,29.0,50.0,128.0,170.0,177.0,42.541,31.132,0.0,255.0,3.0,7.0,24.0,39.0,53.0,91.0,182.0,255.0,137.171,53.701,0.0,255.0,19.78,45.0,100.0,144.0,161.0,241.0,255.0,255.0,0.272039,0.033224,0.001316,welding_0005_17-38-20_p3,0005_17-38-20.jpg,data/welding/0005_17-38-20.jpg,data/welding,not_welding,21,3,0.7432,0.5221,welding,0.5221,0.0163,1.0,0.0
22800,109.288,22.432,0.0,177.0,0.0,66.0,108.0,115.0,119.0,125.0,163.0,173.0,56.908,50.816,0.0,255.0,0.0,4.0,15.0,40.0,90.0,148.0,205.01,255.0,160.168,66.517,0.0,255.0,17.0,46.0,109.0,158.0,218.0,255.0,255.0,255.0,0.494956,0.0,0.0,welding_0005_17-38-20_p4,0005_17-38-20.jpg,data/welding/0005_17-38-20.jpg,data/welding,welding,21,4,0.7163,0.5883,welding,0.5883,0.0251,1.0,0.0
10320,94.248,64.219,0.0,179.0,0.0,2.0,16.0,120.0,145.0,176.0,179.0,179.0,75.361,66.017,0.0,255.0,4.0,10.0,24.0,54.0,105.0,235.0,255.0,255.0,116.466,67.599,1.0,255.0,6.0,21.0,58.0,108.0,169.0,242.0,255.0,255.0,0.285078,0.100775,0.028391,welding_0005_17-38-20_p5,0005_17-38-20.jpg,data/welding/0005_17-38-20.jpg,data/welding,not_welding,21,5,0.6997,0.7805,welding,0.7805,0.0507,1.0,0.3194
8704,91.759,66.684,0.0,179.0,0.0,1.0,16.0,118.0,152.0,177.0,179.0,179.0,91.169,67.074,0.0,255.0,6.0,15.0,38.0,71.0,128.0,255.0,255.0,255.0,102.62,63.985,0.0,255.0,6.0,21.15,54.0,87.0,141.0,232.0,255.0,255.0,0.203699,0.086627,0.026999,welding_0005_17-38-20_p6,0005_17-38-20.jpg,data/welding/0005_17-38-20.jpg,data/welding,not_welding,21,6,0.6895,0.503,welding,0.503,0.0303,0.6898,0.4167
3264,68.822,41.346,0.0,179.0,0.0,3.0,34.0,66.0,105.0,130.0,168.37,177.0,38.013,57.072,0.0,255.0,0.0,1.0,6.0,18.0,38.0,191.0,255.0,255.0,138.764,81.476,0.0,255.0,1.0,10.0,62.0,143.0,213.0,255.0,255.0,255.0,0.451593,0.017157,0.001532,welding_0005_17-38-20_p7,0005_17-38-20.jpg,data/welding/0005_17-38-20.jpg,data/welding,not_welding,21,7,0.6855,0.6493,welding,0.6493,0.0332,1.0,0.0
10248,86.694,62.503,0.0,179.0,0.0,0.0,16.0,110.0,136.0,174.0,177.0,179.0,49.758,57.969,0.0,255.0,0.0,3.0,10.0,29.0,67.0,189.0,255.0,255.0,117.373,65.727,0.0,255.0,3.0,15.0,60.0,119.0,173.0,215.0,245.0,255.0,0.323283,0.057865,0.005464,welding_0005_17-38-20_p8,0005_17-38-20.jpg,data/welding/0005_17-38-20.jpg,data/welding,not_welding,21,8,0.6382,0.6236,welding,0.6236,0.0298,1.0,0.0
2992,64.31,46.675,0.0,179.0,0.0,0.0,30.0,50.0,110.0,146.0,173.0,179.0,42.275,65.829,0.0,255.0,0.0,0.0,4.0,13.0,42.0,218.45,255.0,255.0,139.68,82.108,0.0,255.0,2.0,12.0,60.0,143.0,214.0,255.0,255.0,255.0,0.452206,0.067848,0.041778,welding_0005_17-38-20_p9,0005_17-38-20.jpg,data/welding/0005_17-38-20.jpg,data/welding,not_welding,21,9,0.5977,0.4748,welding,0.4748,0.0314,0.5978,0.0
15912,100.122,57.194,0.0,179.0,0.0,0.0,42.0,120.0,133.0,174.0,177.0,178.0,51.74,74.552,0.0,255.0,0.0,0.0,10.0,21.0,47.0,255.0,255.0,255.0,101.886,64.058,0.0,255.0,0.0,2.0,48.0,116.0,149.0,193.0,254.0,255.0,0.180178,0.021619,0.008987,welding_0005_18-06-28_p0,0005_18-06-28.jpg,data/welding/0005_18-06-28.jpg,data/welding,not_welding,22,0,0.9155,0.6119,welding,0.6119,0.0282,1.0,0.1944
13888,90.887,57.764,0.0,179.0,0.0,0.0,24.0,111.0,130.0,173.0,177.0,178.0,56.925,71.004,0.0,255.0,0.0,0.0,10.0,23.0,84.0,255.0,255.0,255.0,107.651,64.385,0.0,255.0,0.0,2.0,55.0,124.0,153.0,199.0,255.0,255.0,0.200317,0.027578,0.011881,welding_0005_18-06-28_p1,0005_18-06-28.jpg,data/welding/0005_18-06-28.jpg,data/welding,not_welding,22,1,0.8511,0.6406,welding,0.6406,0.0321,1.0,0.0
6588,118.041,44.419,0.0,179.0,0.0,6.0,111.0,125.0,150.0,165.0,175.13,179.0,49.334,66.517,0.0,255.0,0.0,4.0,13.0,23.0,47.0,255.0,255.0,255.0,103.67,61.423,0.0,255.0,2.0,4.0,50.0,112.5,152.0,193.0,232.0,255.0,0.205829,0.028537,0.009107,welding_0005_18-06-28_p2,0005_18-06-28.jpg,data/welding/0005_18-06-28.jpg,data/welding,not_welding,22,2,0.8442,0.9783,welding,0.9783,0.0771,1.0,0.0
9752,34.676,43.115,0.0,179.0,0.0,1.0,13.0,22.0,34.0,174.0,178.0,179.0,49.255,55.55,0.0,255.0,9.0,14.0,22.0,28.0,42.0,196.0,255.0,255.0,172.247,61.249,0.0,255.0,8.0,36.0,158.75,195.0,208.0,242.45,255.0,255.0,0.745693,0.077317,0.02297,welding_0005_18-06-28_p3,0005_18-06-28.jpg,data/welding/0005_18-06-28.jpg,data/welding,not_welding,22,3,0.6343,0.7768,welding,0.7768,0.0502,1.0,0.3056
9408,70.163,44.86,0.0,179.0,0.0,17.0,38.0,57.0,103.0,170.0,177.0,178.0,45.162,58.155,0.0,255.0,2.0,5.0,13.0,19.0,51.0,190.0,255.0,255.0,170.54,74.003,1.0,255.0,11.07,30.0,103.0,210.0,227.0,254.0,255.0,255.0,0.629145,0.066008,0.035289,welding_0005_18-19-55_p0,0005_18-19-55.jpg,data/welding/0005_18-19-55.jpg,data/welding,not_welding,23,0,0.8525,0.4307,welding,0.4307,0.0041,1.0,0.4306
19760,113.02,8.127,0.0,177.0,90.0,103.0,110.0,113.0,117.0,123.0,130.0,156.964,66.276,35.757,0.0,255.0,10.0,24.0,38.0,58.0,88.0,135.0,167.0,243.482,168.482,51.106,3.0,255.0,44.0,76.0,139.0,167.0,202.0,255.0,255.0,255.0,0.596711,0.0,0.0,welding_0005_18-19-55_p1,0005_18-19-55.jpg,data/welding/0005_18-19-55.jpg,data/welding,welding,23,1,0.6851,1.0,welding,1.0,0.1632,1.0,0.0
12264,110.015,38.686,0.0,179.0,0.0,12.0,110.0,116.0,121.0,166.0,177.0,179.0,77.003,48.37,0.0,255.0,3.0,11.0,40.0,68.0,108.0,164.0,220.0,255.0,140.75,52.166,8.0,255.0,28.0,56.0,104.0,137.0,176.0,246.0,255.0,255.0,0.359915,0.028294,0.014269,welding_0005_18-19-55_p2,0005_18-19-55.jpg,data/welding/0005_18-19-55.jpg,data/welding,not_welding,23,2,0.6675,0.7458,welding,0.7458,0.0461,1.0,0.4028
14112,97.82,56.14,0.0,179.0,0.0,0.0,36.0,114.0,136.0,169.0,175.0,178.0,58.531,68.329,0.0,255.0,0.0,2.0,8.0,27.0,85.0,236.45,255.0,255.0,119.962,69.232,0.0,255.0,3.0,13.0,54.0,123.0,182.0,222.0,250.0,255.0,0.351545,0.03536,0.005244,welding_0005_18-35-42_p0,0005_18-35-42.jpg,data/welding/0005_18-35-42.jpg,data/welding,not_welding,24,0,0.8643,1.0,welding,1.0,0.0831,1.0,0.0972
15180,74.433,50.259,0.0,178.0,0.0,0.0,30.0,63.0,122.0,140.0,170.0,177.0,46.881,60.39,0.0,255.0,0.0,1.0,11.0,24.0,55.0,207.0,255.0,255.0,144.527,79.037,0.0,255.0,1.0,9.0,73.0,158.0,214.0,255.0,255.0,255.0,0.493808,0.038933,0.008564,welding_0005_18-35-42_p1,0005_18-35-42.jpg,data/welding/0005_18-35-42.jpg,data/welding,not_welding,24,1,0.8486,0.7394,welding,0.7394,0.0453,1.0,0.0972
29304,111.069,25.37,0.0,178.0,0.0,50.0,110.0,116.0,124.0,135.0,150.0,173.0,70.688,64.938,0.0,255.0,1.0,4.0,21.0,48.0,102.0,213.0,255.0,255.0,120.465,82.289,0.0,255.0,2.0,10.0,42.0,115.0,194.0,255.0,255.0,255.0,0.365684,0.004539,0.000307,welding_0005_18-35-42_p2,0005_18-35-42.jpg,data/welding/0005_18-35-42.jpg,data/welding,welding,24,2,0.8379,1.0,welding,1.0,0.1128,1.0,0.0
17500,93.851,55.694,0.0,179.0,0.0,2.0,36.0,114.0,138.0,168.0,175.0,178.0,65.056,71.199,0.0,255.0,0.0,3.0,12.0,36.0,92.0,255.0,255.0,255.0,119.185,77.759,0.0,255.0,3.0,10.0,47.0,113.0,186.0,254.0,255.0,255.0,0.343486,0.037657,0.006514,welding_0005_18-35-42_p3,0005_18-35-42.jpg,data/welding/0005_18-35-42.jpg,data/welding,not_welding,24,3,0.8276,0.4853,welding,0.4853,0.0114,1.0,0.0
10336,91.245,51.438,0.0,179.0,0.0,8.0,30.0,112.0,120.0,170.0,177.0,179.0,61.398,44.567,0.0,255.0,2.0,11.0,30.0,51.0,82.0,147.0,243.0,255.0,124.13,59.334,1.0,255.0,24.0,45.0,79.0,110.0,163.0,236.0,255.0,255.0,0.257159,0.048471,0.01519,welding_0005_18-35-42_p4,0005_18-35-42.jpg,data/welding/0005_18-35-42.jpg,data/welding,not_welding,24,4,0.7588,0.7566,welding,0.7566,0.0476,1.0,0.3889
9984,102.777,43.232,0.0,179.0,1.0,11.0,106.0,114.0,120.0,166.0,177.0,179.0,62.386,47.964,0.0,255.0,2.0,8.0,26.0,51.0,89.0,151.0,252.0,255.0,122.824,59.352,1.0,255.0,22.0,40.0,79.0,110.0,163.0,234.0,255.0,255.0,0.261418,0.029748,0.011218,welding_0005_18-35-42_p5,0005_18-35-42.jpg,data/welding/0005_18-35-42.jpg,data/welding,not_welding,24,5,0.7007,0.7317,welding,0.7317,0.0442,1.0,0.3889
11880,47.173,54.012,0.0,179.0,0.0,0.0,13.0,28.0,35.0,170.0,177.0,179.0,72.587,83.123,0.0,255.0,0.0,6.0,19.0,31.0,94.0,255.0,255.0,255.0,136.766,84.826,0.0,255.0,1.0,5.0,56.0,142.0,221.0,254.0,255.0,255.0,0.449747,0.113047,0.010354,welding_0005_18-35-42_p6,0005_18-35-42.jpg,data/welding/0005_18-35-42.jpg,data/welding,not_welding,24,6,0.6143,0.6743,welding,0.6743,0.0366,1.0,0.0
32568,78.821,54.858,0.0,179.0,0.0,6.0,25.0,75.0,124.0,169.0,177.0,177.0,28.381,36.167,0.0,255.0,0.0,3.0,10.0,19.0,29.0,96.0,242.33,255.0,144.655,63.735,1.0,255.0,13.0,33.0,94.0,152.0,199.0,230.0,253.0,255.0,0.474638,0.026376,0.01001,welding_0006_17-38-16_p0,0006_17-38-16.jpg,data/welding/0006_17-38-16.jpg,data/welding,not_welding,25,0,0.9214,0.67,welding,0.67,0.036,1.0,0.0
12792,93.812,57.895,0.0,179.0,0.0,0.0,25.0,116.0,140.0,170.0,177.0,178.0,36.765,49.651,0.0,255.0,0.0,3.0,9.0,19.0,35.0,169.0,210.0,255.0,129.761,50.894,3.0,255.0,26.0,38.0,93.0,134.0,165.0,209.0,255.0,255.0,0.288383,0.10147,0.074578,welding_0006_17-38-16_p1,0006_17-38-16.jpg,data/welding/0006_17-38-16.jpg,data/welding,not_welding,25,1,0.8369,0.7843,welding,0.7843,0.0512,1.0,0.0
13400,55.8,54.548,0.0,179.0,0.0,0.0,14.0,35.0,75.0,174.0,178.0,179.0,42.389,57.086,0.0,255.0,0.0,4.0,11.0,21.0,40.0,185.05,255.0,255.0,141.774,63.437,0.0,255.0,4.0,23.0,93.0,167.0,184.0,221.0,255.0,255.0,0.552985,0.068209,0.012761,welding_0006_17-38-16_p2,0006_17-38-16.jpg,data/welding/0006_17-38-16.jpg,data/welding,not_welding,25,2,0.8276,0.9295,welding,0.9295,0.0706,1.0,0.3194
9200,99.597,42.007,0.0,177.0,0.0,5.0,93.0,106.0,119.0,165.0,173.0,177.0,22.412,20.486,0.0,255.0,0.0,2.0,9.0,18.0,29.0,57.0,98.0,237.403,170.708,50.932,3.0,255.0,43.0,77.0,137.0,182.0,203.0,255.0,255.0,255.0,0.652609,0.000109,0.0,welding_0006_17-38-16_p3,0006_17-38-16.jpg,data/welding/0006_17-38-16.jpg,data/welding,welding,25,3,0.6665,1.0,welding,1.0,0.0886,1.0,0.0
2340,72.473,50.325,0.0,178.0,3.0,11.0,25.0,83.0,106.0,169.05,174.0,177.0,60.757,65.908,0.0,255.0,2.0,3.95,9.0,27.0,104.0,196.0,255.0,255.0,172.411,73.783,4.0,255.0,27.39,45.0,102.0,188.0,246.0,255.0,255.0,255.0,0.610256,0.230342,0.12265,welding_0006_17-38-16_p4,0006_17-38-16.jpg,data/welding/0006_17-38-16.jpg,data/welding,not_welding,25,4,0.5723,1.0,welding,1.0,0.6519,1.0,0.0972
8112,95.673,55.935,0.0,179.0,0.0,5.0,33.0,115.0,126.0,174.0,178.0,179.0,81.083,61.474,0.0,255.0,5.0,14.0,30.0,65.0,116.0,213.0,255.0,255.0,110.079,65.463,0.0,255.0,7.0,23.0,57.0,95.5,163.0,227.0,251.89,255.0,0.259122,0.042899,0.016272,welding_0006_17-38-21_p0,0006_17-38-21.jpg,data/welding/0006_17-38-21.jpg,data/welding,not_welding,26,0,0.8599,0.5402,welding,0.5402,0.0197,0.9807,0.1944
8184,106.956,59.007,0.0,179.0,0.0,5.0,34.0,123.0,156.0,175.0,178.0,179.0,87.197,63.61,0.0,255.0,7.0,15.0,39.0,71.0,117.0,243.0,255.0,255.0,106.252,63.05,0.0,255.0,6.83,20.0,61.0,93.0,144.0,233.0,255.0,255.0,0.208822,0.049976,0.019306,welding_0006_17-38-21_p1,0006_17-38-21.jpg,data/welding/0006_17-38-21.jpg,data/welding,not_welding,26,1,0.8105,0.9948,welding,0.9948,0.0793,1.0,0.3889
3040,43.973,39.752,0.0,177.0,0.0,12.0,23.0,29.0,34.0,125.0,170.0,173.0,41.467,33.496,0.0,255.0,3.39,7.0,22.0,38.0,50.0,86.05,255.0,255.0,141.503,54.846,0.0,255.0,10.0,48.0,105.0,149.0,164.0,247.0,255.0,255.0,0.323026,0.029934,0.001645,welding_0006_17-38-21_p2,0006_17-38-21.jpg,data/welding/0006_17-38-21.jpg,data/welding,not_welding,26,2,0.8047,0.5727,welding,0.5727,0.023,1.0,0.0
8352,83.919,53.248,0.0,179.0,0.0,6.0,22.0,109.0,120.0,167.0,175.0,178.0,70.257,58.879,0.0,255.0,3.0,10.0,28.0,50.0,97.0,207.9,255.0,255.0,105.897,67.738,0.0,255.0,7.0,20.0,48.0,86.0,169.0,222.0,255.0,255.0,0.279813,0.068487,0.009698,welding_0006_17-38-21_p3,0006_17-38-21.jpg,data/welding/0006_17-38-21.jpg,data/welding,not_welding,26,3,0.7891,0.5809,welding,0.5809,0.0241,1.0,0.0972
10032,102.322,57.134,0.0,179.0,0.0,4.0,26.0,122.0,138.0,173.0,177.0,179.0,77.279,65.38,0.0,255.0,5.0,13.0,26.0,57.0,105.0,240.0,255.0,255.0,121.34,67.114,1.0,255.0,8.0,22.0,65.0,114.0,176.0,239.0,255.0,255.0,0.317683,0.077153,0.029306,welding_0006_17-38-21_p4,0006_17-38-21.jpg,data/welding/0006_17-38-21.jpg,data/welding,not_welding,26,4,0.7217,0.6426,welding,0.6426,0.0323,1.0,0.2917
10836,102.835,48.909,0.0,179.0,0.0,7.0,103.0,120.0,128.0,166.0,176.0,179.0,70.231,59.24,0.0,255.0,1.0,6.0,22.0,58.0,100.0,197.0,255.0,255.0,101.891,64.096,0.0,255.0,8.0,17.0,50.0,86.0,153.0,217.0,255.0,255.0,0.224252,0.060262,0.015412,welding_0006_17-38-21_p5,0006_17-38-21.jpg,data/welding/0006_17-38-21.jpg,data/welding,not_welding,26,5,0.707,0.752,welding,0.752,0.0469,1.0,0.1944
3264,72.385,40.957,0.0,177.0,0.0,0.0,36.0,75.0,106.0,132.0,165.0,174.0,35.64,55.081,0.0,255.0,0.0,0.0,5.0,17.0,36.0,170.0,255.0,255.0,137.96,82.198,0.0,255.0,1.0,10.0,62.0,143.0,214.0,255.0,255.0,255.0,0.44761,0.021752,0.001838,welding_0006_17-38-21_p6,0006_17-38-21.jpg,data/welding/0006_17-38-21.jpg,data/welding,not_welding,26,6,0.6992,0.6229,welding,0.6229,0.0297,1.0,0.0
10004,96.803,57.955,0.0,179.0,0.0,5.0,25.0,120.0,133.0,173.0,178.0,179.0,50.735,53.897,0.0,255.0,0.0,4.0,12.0,32.0,70.0,168.0,255.0,255.0,118.7,65.521,0.0,255.0,7.0,18.0,64.0,117.0,177.0,215.0,242.0,255.0,0.330168,0.058976,0.007397,welding_0006_17-38-21_p7,0006_17-38-21.jpg,data/welding/0006_17-38-21.jpg,data/welding,not_welding,26,7,0.6567,0.6796,welding,0.6796,0.0373,1.0,0.0972
2924,66.262,45.802,0.0,179.0,0.0,0.0,26.0,70.0,110.0,145.0,170.0,178.0,41.561,65.145,0.0,255.0,0.0,0.0,4.0,12.0,43.0,215.85,255.0,255.0,137.1,82.609,0.0,255.0,1.0,11.15,59.75,140.0,213.0,255.0,255.0,255.0,0.44015,0.072845,0.04104,welding_0006_17-38-21_p8,0006_17-38-21.jpg,data/welding/0006_17-38-21.jpg,data/welding,not_welding,26,8,0.624,0.4606,welding,0.4606,0.0238,0.7057,0.0
10600,102.468,50.13,0.0,179.0,0.0,5.0,103.0,120.0,128.0,170.0,177.0,179.0,66.823,60.919,0.0,255.0,4.0,8.0,20.0,48.0,95.0,209.05,255.0,255.0,119.155,66.278,2.0,255.0,11.0,22.0,61.0,114.0,176.0,229.0,255.0,255.0,0.327264,0.064717,0.019151,welding_0006_17-38-21_p9,0006_17-38-21.jpg,data/welding/0006_17-38-21.jpg,data/welding,not_welding,26,9,0.5952,0.8019,welding,0.8019,0.0536,1.0,0.0972
2880,110.884,69.732,0.0,179.0,0.0,4.0,17.0,150.0,167.0,177.0,179.0,179.0,97.624,66.888,0.0,255.0,11.0,19.0,48.0,77.0,138.0,255.0,255.0,255.0,116.106,65.812,2.0,255.0,7.0,20.0,67.0,104.0,164.0,239.0,255.0,255.0,0.262847,0.073958,0.033681,welding_0006_17-38-21_p10,0006_17-38-21.jpg,data/welding/0006_17-38-21.jpg,data/welding,not_welding,26,10,0.5718,0.7073,welding,0.7073,0.041,1.0,0.3889
15912,107.943,52.861,0.0,179.0,0.0,0.0,99.0,120.0,140.0,173.0,177.0,178.0,52.785,73.571,0.0,255.0,0.0,0.0,12.0,22.0,51.0,255.0,255.0,255.0,102.437,63.881,0.0,255.0,0.0,2.0,50.0,116.0,149.0,194.0,255.0,255.0,0.179047,0.021493,0.008421,welding_0006_18-06-29_p0,0006_18-06-29.jpg,data/welding/0006_18-06-29.jpg,data/welding,not_welding,27,0,0.9155,0.6168,welding,0.6168,0.0289,1.0,0.0972
13320,98.958,55.204,0.0,179.0,0.0,0.0,60.0,113.0,133.0,170.0,177.0,178.0,59.875,73.067,0.0,255.0,0.0,0.0,11.0,24.0,87.0,255.0,255.0,255.0,107.443,64.478,0.0,255.0,0.0,2.0,55.0,124.0,153.0,200.0,255.0,255.0,0.201426,0.025676,0.011411,welding_0006_18-06-29_p1,0006_18-06-29.jpg,data/welding/0006_18-06-29.jpg,data/welding,not_welding,27,1,0.8545,0.6452,welding,0.6452,0.0327,1.0,0.0
7920,119.836,34.733,0.0,179.0,0.0,20.0,114.0,125.0,140.0,159.0,170.0,178.0,52.095,66.17,0.0,255.0,0.0,5.0,14.0,24.0,55.0,255.0,255.0,255.0,101.515,62.439,0.0,255.0,2.0,5.0,46.0,108.0,150.0,198.0,239.0,255.0,0.19596,0.019444,0.006818,welding_0006_18-06-29_p2,0006_18-06-29.jpg,data/welding/0006_18-06-29.jpg,data/welding,not_welding,27,2,0.8257,0.9028,welding,0.9028,0.067,1.0,0.0
9360,41.849,50.874,0.0,179.0,0.0,1.0,15.0,23.0,38.0,176.0,179.0,179.0,47.051,52.956,0.0,255.0,8.0,13.0,21.0,28.0,41.0,183.0,255.0,255.0,172.884,59.461,0.0,255.0,8.0,43.0,158.0,196.0,208.0,242.0,255.0,255.0,0.745085,0.072329,0.026175,welding_0006_18-06-29_p3,0006_18-06-29.jpg,data/welding/0006_18-06-29.jpg,data/welding,not_welding,27,3,0.7935,0.767,welding,0.767,0.0489,1.0,0.3194
1080,122.421,27.102,0.0,173.0,0.0,104.0,112.0,120.0,133.0,163.0,173.0,173.0,35.872,34.978,0.0,255.0,1.58,6.0,13.0,23.0,47.0,104.0,170.42,255.0,125.9,57.788,3.0,255.0,22.0,39.95,76.0,121.0,176.25,213.0,232.0,254.842,0.338889,0.0,0.0,welding_0006_18-06-29_p4,0006_18-06-29.jpg,data/welding/0006_18-06-29.jpg,data/welding,not_welding,27,4,0.6123,0.7299,welding,0.7299,0.044,1.0,0.0
1296,86.617,48.794,0.0,177.0,0.0,11.0,34.0,112.0,116.0,160.0,173.0,177.0,41.248,37.791,0.0,255.0,3.0,7.0,17.0,28.0,56.25,106.0,200.95,255.0,133.961,57.71,1.0,255.0,11.0,38.0,84.0,145.5,183.0,211.0,229.0,255.0,0.416667,0.013117,0.0,welding_0006_18-06-29_p5,0006_18-06-29.jpg,data/welding/0006_18-06-29.jpg,data/welding,not_welding,27,5,0.5781,0.7646,welding,0.7646,0.0486,1.0,0.0
10168,57.91,36.9,0.0,179.0,2.67,13.0,30.0,48.0,75.0,124.0,174.0,177.833,46.31,59.236,0.0,255.0,2.0,6.0,14.0,21.0,49.0,202.0,255.0,255.0,177.185,72.082,1.0,255.0,10.0,38.0,118.0,213.0,231.0,255.0,255.0,255.0,0.670142,0.082809,0.039044,welding_0006_18-19-56_p0,0006_18-19-56.jpg,data/welding/0006_18-19-56.jpg,data/welding,not_welding,28,0,0.8154,0.4443,welding,0.4443,0.0059,1.0,0.3333
18020,112.75,9.208,0.0,177.0,75.0,103.0,110.0,113.0,117.0,123.0,128.0,142.0,61.648,38.622,0.0,255.0,8.0,16.0,33.0,52.0,85.0,134.0,173.0,255.0,153.353,51.388,2.0,255.0,27.0,59.0,122.0,157.0,189.0,237.0,255.0,255.0,0.465372,0.0,0.0,welding_0006_18-19-56_p1,0006_18-19-56.jpg,data/welding/0006_18-19-56.jpg,data/welding,welding,28,1,0.7866,1.0,welding,1.0,0.082,1.0,0.0
12136,109.274,39.327,0.0,179.0,3.0,12.0,108.0,116.0,122.0,165.0,176.0,179.0,75.46,45.542,0.0,255.0,5.0,11.0,40.0,67.0,108.0,153.0,195.0,255.0,140.114,49.898,4.0,255.0,28.0,58.0,107.0,136.0,173.0,235.0,255.0,255.0,0.342947,0.020353,0.007663,welding_0006_18-19-56_p2,0006_18-19-56.jpg,data/welding/0006_18-19-56.jpg,data/welding,not_welding,28,2,0.7715,0.7319,welding,0.7319,0.0442,1.0,0.3056
9216,116.298,22.017,0.0,179.0,15.0,105.0,114.0,116.0,119.0,151.25,174.0,177.0,89.713,43.281,0.0,255.0,11.0,21.0,59.0,83.0,123.0,161.0,191.0,254.57,159.182,50.478,9.0,255.0,43.0,70.0,124.0,162.0,193.0,245.0,255.0,255.0,0.51454,0.011936,0.008681,welding_0006_18-19-56_p3,0006_18-19-56.jpg,data/welding/0006_18-19-56.jpg,data/welding,not_welding,28,3,0.7114,0.8,welding,0.8,0.0533,1.0,0.0972
11520,117.655,26.737,0.0,179.0,5.0,75.0,116.0,119.0,123.0,156.0,177.0,178.0,72.308,39.24,0.0,255.0,5.0,14.0,42.0,71.0,98.0,136.0,170.0,255.0,154.183,62.833,6.0,255.0,25.0,48.0,107.0,152.0,208.0,254.0,255.0,255.0,0.464931,0.006163,0.00408,welding_0006_18-19-56_p4,0006_18-19-56.jpg,data/welding/0006_18-19-56.jpg,data/welding,not_welding,28,4,0.6533,1.0,welding,1.0,0.0817,1.0,0.0972
2640,66.788,29.898,0.0,177.0,8.0,35.0,44.0,52.0,96.0,113.05,125.0,174.444,28.759,39.81,0.0,255.0,3.0,5.0,12.0,18.0,27.0,95.05,255.0,255.0,171.823,74.323,1.0,255.0,5.39,26.0,110.75,206.0,228.0,251.0,255.0,255.0,0.668561,0.001136,0.0,welding_0006_18-19-56_p5,0006_18-19-56.jpg,data/welding/0006_18-19-56.jpg,data/welding,not_welding,28,5,0.5947,0.5832,welding,0.5832,0.0244,1.0,0.0
16920,104.686,39.456,0.0,179.0,0.0,0.0,107.0,115.0,120.0,150.0,174.0,178.0,57.879,39.509,0.0,255.0,0.0,0.0,28.0,55.0,82.0,128.0,157.0,237.243,187.075,61.667,7.0,255.0,36.0,68.0,144.0,199.5,246.0,255.0,255.0,255.0,0.699173,0.006974,0.004019,welding_0006_18-19-56_p6,0006_18-19-56.jpg,data/welding/0006_18-19-56.jpg,data/welding,welding,28,6,0.5664,1.0,welding,1.0,0.2398,1.0,0.0972
29600,113.659,19.771,0.0,178.0,9.0,90.0,111.0,116.0,122.0,131.0,150.0,172.0,75.118,61.439,0.0,255.0,1.0,8.0,28.0,55.0,111.0,191.0,255.0,255.0,125.758,79.023,0.0,255.0,6.0,22.0,52.0,118.0,194.0,255.0,255.0,255.0,0.373446,0.001588,3.4e-05,welding_0006_18-35-43_p0,0006_18-35-43.jpg,data/welding/0006_18-35-43.jpg,data/welding,welding,29,0,0.8584,1.0,welding,1.0,0.107,1.0,0.0
15776,97.25,56.19,0.0,179.0,0.0,5.0,40.0,115.0,140.0,172.0,177.0,179.0,73.282,76.073,0.0,255.0,0.0,4.0,14.0,42.0,108.0,255.0,255.0,255.0,115.523,78.305,0.0,255.0,2.0,9.0,44.0,107.0,182.0,253.0,255.0,255.0,0.332023,0.042279,0.00805,welding_0006_18-35-43_p1,0006_18-35-43.jpg,data/welding/0006_18-35-43.jpg,data/welding,not_welding,29,1,0.8179,1.0,welding,1.0,0.173,1.0,0.0
10764,96.939,47.768,0.0,179.0,0.0,10.0,45.0,114.0,120.0,164.0,176.0,179.0,71.732,52.068,0.0,255.0,1.0,8.0,31.0,63.0,100.0,173.0,255.0,255.0,129.611,59.716,2.0,255.0,21.0,42.15,81.75,124.0,172.0,235.85,255.0,255.0,0.297938,0.034931,0.013378,welding_0006_18-35-43_p2,0006_18-35-43.jpg,data/welding/0006_18-35-43.jpg,data/welding,not_welding,29,2,0.7954,0.7902,welding,0.7902,0.052,1.0,0.2917
13248,103.016,55.093,0.0,179.0,0.0,0.0,66.0,120.0,138.0,173.0,177.0,179.0,63.381,74.835,0.0,255.0,0.0,2.0,8.0,27.0,96.0,255.0,255.0,255.0,119.423,70.671,0.0,255.0,2.0,12.0,52.0,123.0,182.0,222.0,252.0,255.0,0.353714,0.033439,0.005435,welding_0006_18-35-43_p3,0006_18-35-43.jpg,data/welding/0006_18-35-43.jpg,data/welding,not_welding,29,3,0.793,1.0,welding,1.0,0.3801,1.0,0.0972
14616,85.63,47.446,0.0,179.0,0.0,6.75,38.0,109.0,124.0,150.0,173.0,178.0,46.998,58.073,0.0,255.0,0.0,3.0,13.0,26.0,54.0,194.0,255.0,255.0,144.576,79.077,0.0,255.0,2.0,11.0,73.0,158.0,216.0,255.0,255.0,255.0,0.495758,0.029146,0.009442,welding_0006_18-35-43_p4,0006_18-35-43.jpg,data/welding/0006_18-35-43.jpg,data/welding,not_welding,29,4,0.79,0.9152,welding,0.9152,0.0687,1.0,0.0972
9984,106.319,40.204,0.0,179.0,0.0,12.0,110.0,114.0,119.0,169.0,177.0,179.0,72.212,55.375,0.0,255.0,1.0,7.0,27.0,60.0,108.0,177.0,255.0,255.0,125.536,60.054,2.0,255.0,18.83,36.0,79.0,118.0,169.0,234.0,255.0,255.0,0.290264,0.020633,0.009615,welding_0006_18-35-43_p5,0006_18-35-43.jpg,data/welding/0006_18-35-43.jpg,data/welding,not_welding,29,5,0.7285,0.7703,welding,0.7703,0.0494,1.0,0.0972
12880,49.594,57.875,0.0,179.0,0.0,0.0,12.0,27.0,42.0,170.0,177.0,179.0,71.634,84.012,0.0,255.0,0.0,6.0,17.0,30.0,90.0,255.0,255.0,255.0,136.109,85.566,0.0,255.0,1.0,4.0,53.0,142.0,220.0,254.0,255.0,255.0,0.451087,0.100233,0.008929,welding_0006_18-35-43_p6,0006_18-35-43.jpg,data/welding/0006_18-35-43.jpg,data/welding,not_welding,29,6,0.6265,0.5278,welding,0.5278,0.017,1.0,0.0972
28896,75.819,55.316,0.0,179.0,0.0,8.0,23.0,62.0,120.0,169.0,175.0,177.0,29.294,35.069,0.0,255.0,0.0,4.0,12.0,20.0,31.0,97.0,217.0,255.0,144.246,62.093,0.0,255.0,18.0,36.0,93.0,149.0,196.0,230.0,254.0,255.0,0.459199,0.033292,0.013358,welding_0007_17-38-16_p0,0007_17-38-16.jpg,data/welding/0007_17-38-16.jpg,data/welding,not_welding,30,0,0.9004,0.4383,welding,0.4383,0.0051,1.0,0.0
12936,56.189,53.896,0.0,179.0,0.0,0.0,15.0,37.0,70.0,174.0,178.0,179.0,41.125,57.646,0.0,255.0,0.0,4.0,10.0,20.0,37.0,194.0,255.0,255.0,141.07,63.569,0.0,255.0,4.0,22.0,93.75,165.0,184.0,222.0,255.0,255.0,0.54213,0.061379,0.013837,welding_0007_17-38-16_p1,0007_17-38-16.jpg,data/welding/0007_17-38-16.jpg,data/welding,not_welding,30,1,0.7632,0.9137,welding,0.9137,0.0685,1.0,0.3056
10512,105.362,56.067,0.0,179.0,0.0,6.0,42.0,125.0,147.0,170.0,177.0,178.0,28.972,39.297,0.0,255.0,0.0,5.0,9.0,18.0,29.0,123.0,203.78,255.0,126.586,44.737,0.0,255.0,28.0,59.0,90.0,127.0,159.0,194.0,254.0,255.0,0.2461,0.053082,0.029205,welding_0007_17-38-16_p2,0007_17-38-16.jpg,data/welding/0007_17-38-16.jpg,data/welding,not_welding,30,2,0.7593,0.883,welding,0.883,0.0644,1.0,0.0
7544,98.983,59.834,0.0,179.0,0.0,6.0,36.0,125.0,150.0,170.0,177.0,178.0,30.749,42.219,0.0,255.0,3.0,5.0,10.0,19.0,28.0,140.0,228.0,255.0,131.788,48.072,8.0,255.0,36.43,63.0,88.0,134.0,170.0,209.0,255.0,255.0,0.333908,0.060578,0.031681,welding_0007_17-38-16_p3,0007_17-38-16.jpg,data/welding/0007_17-38-16.jpg,data/welding,not_welding,30,3,0.7363,0.8643,welding,0.8643,0.0619,1.0,0.0
9024,104.641,40.267,0.0,177.0,0.0,6.0,95.0,106.0,120.0,170.0,173.0,177.0,22.556,21.622,0.0,255.0,0.0,2.0,10.0,19.0,28.0,54.0,117.0,231.908,171.905,49.46,8.0,255.0,44.0,82.0,142.0,183.0,202.0,255.0,255.0,255.0,0.667442,0.000111,0.0,welding_0007_17-38-16_p4,0007_17-38-16.jpg,data/welding/0007_17-38-16.jpg,data/welding,welding,30,4,0.689,1.0,welding,1.0,0.0857,1.0,0.0
7800,91.214,56.765,0.0,179.0,0.0,5.0,29.0,113.0,124.0,175.0,178.0,179.0,74.848,61.361,0.0,255.0,4.0,10.0,26.0,58.0,106.0,210.0,255.0,255.0,117.838,66.048,0.0,255.0,10.0,25.0,60.0,107.0,187.0,221.0,249.01,255.0,0.317564,0.040256,0.016154,welding_0007_17-38-22_p0,0007_17-38-22.jpg,data/welding/0007_17-38-22.jpg,data/welding,not_welding,31,0,0.8462,0.612,welding,0.612,0.0283,1.0,0.0972
7200,80.338,53.391,0.0,179.0,0.0,5.0,20.0,105.0,118.0,166.0,177.0,179.0,73.625,61.857,0.0,255.0,2.0,10.0,29.0,53.0,102.0,230.0,255.0,255.0,106.1,70.737,0.0,255.0,7.0,19.0,46.0,84.0,170.0,235.0,255.0,255.0,0.281389,0.091389,0.013194,welding_0007_17-38-22_p1,0007_17-38-22.jpg,data/welding/0007_17-38-22.jpg,data/welding,not_welding,31,1,0.8242,0.712,welding,0.712,0.0416,1.0,0.0972
8840,103.91,57.059,0.0,179.0,0.0,6.0,32.0,120.0,143.0,175.0,178.61,179.0,82.895,59.773,0.0,255.0,6.0,15.0,38.0,69.0,111.0,219.0,255.0,255.0,112.274,61.076,1.0,255.0,8.0,27.0,67.0,101.0,150.25,227.0,255.0,255.0,0.222964,0.045023,0.013235,welding_0007_17-38-22_p2,0007_17-38-22.jpg,data/welding/0007_17-38-22.jpg,data/welding,not_welding,31,2,0.792,0.6257,welding,0.6257,0.0301,1.0,0.2083
3444,41.037,35.508,0.0,173.0,0.0,12.0,22.0,29.0,34.0,122.0,140.0,173.0,41.823,32.34,0.0,255.0,4.0,9.0,24.0,36.0,50.0,87.0,203.84,255.0,142.571,53.926,1.0,255.0,15.0,48.0,107.75,151.0,166.0,245.0,255.0,255.0,0.353368,0.029617,0.002904,welding_0007_17-38-22_p3,0007_17-38-22.jpg,data/welding/0007_17-38-22.jpg,data/welding,not_welding,31,3,0.7529,0.5873,welding,0.5873,0.025,1.0,0.0
2400,70.536,49.639,0.0,177.0,0.0,0.0,25.0,75.0,115.0,152.0,170.0,176.601,42.246,62.745,0.0,255.0,0.0,0.0,4.0,14.0,51.25,209.05,255.0,255.0,132.265,79.925,0.0,255.0,1.0,14.0,59.0,127.0,204.0,255.0,255.0,255.0,0.401667,0.092083,0.045833,welding_0007_17-38-22_p4,0007_17-38-22.jpg,data/welding/0007_17-38-22.jpg,data/welding,not_welding,31,4,0.7432,0.6969,welding,0.6969,0.0396,1.0,0.0
11844,100.629,48.436,0.0,179.0,0.0,7.0,96.0,119.0,125.0,165.0,176.0,179.0,71.144,62.682,0.0,255.0,0.0,5.0,21.0,56.0,100.0,217.0,255.0,255.0,102.171,65.107,0.0,255.0,5.0,13.0,51.0,87.0,154.0,218.0,255.0,255.0,0.227879,0.058342,0.017393,welding_0007_17-38-22_p5,0007_17-38-22.jpg,data/welding/0007_17-38-22.jpg,data/welding,not_welding,31,5,0.7271,0.8189,welding,0.8189,0.0559,1.0,0.0
3008,73.92,43.885,0.0,177.0,0.0,0.0,35.0,75.0,110.0,143.65,165.0,173.993,34.425,51.751,0.0,255.0,0.0,0.0,5.0,17.0,38.0,149.0,255.0,255.0,139.265,79.375,0.0,255.0,1.0,13.0,68.0,144.0,212.0,255.0,255.0,255.0,0.447141,0.028923,0.003657,welding_0007_17-38-22_p6,0007_17-38-22.jpg,data/welding/0007_17-38-22.jpg,data/welding,not_welding,31,6,0.7183,0.6269,welding,0.6269,0.0303,1.0,0.0
2640,81.243,51.163,0.0,179.0,0.0,3.0,27.0,101.0,119.0,174.0,178.0,179.0,76.929,66.953,0.0,255.0,2.0,6.0,24.0,59.0,104.0,255.0,255.0,255.0,97.655,71.55,1.0,255.0,4.0,15.0,41.0,74.0,149.0,244.0,255.0,255.0,0.225758,0.075379,0.029545,welding_0007_17-38-22_p7,0007_17-38-22.jpg,data/welding/0007_17-38-22.jpg,data/welding,not_welding,31,7,0.7173,1.0,welding,1.0,0.1155,1.0,0.0972
3100,101.906,72.131,0.0,179.0,0.0,2.0,15.0,136.0,167.0,177.0,179.0,179.0,91.203,64.653,0.0,255.0,7.0,18.0,44.0,70.0,128.0,241.05,255.0,255.0,115.455,63.362,3.0,255.0,7.0,25.0,68.0,107.0,151.0,235.0,255.0,255.0,0.228387,0.080645,0.026774,welding_0007_17-38-22_p8,0007_17-38-22.jpg,data/welding/0007_17-38-22.jpg,data/welding,not_welding,31,8,0.6665,0.6395,welding,0.6395,0.0319,1.0,0.1944
10004,95.507,55.733,0.0,179.0,0.0,3.0,35.0,116.0,127.0,173.0,177.0,179.0,51.147,55.488,0.0,255.0,0.0,4.0,11.0,32.5,72.0,174.0,255.0,255.0,117.834,66.044,0.0,255.0,4.0,15.0,62.0,114.0,178.0,214.0,240.0,255.0,0.333766,0.04908,0.006897,welding_0007_17-38-22_p9,0007_17-38-22.jpg,data/welding/0007_17-38-22.jpg,data/welding,not_welding,31,9,0.6587,1.0,welding,1.0,0.1316,1.0,0.0
15912,108.26,51.844,0.0,179.0,0.0,0.0,101.0,120.0,135.0,173.0,177.0,178.0,54.965,76.228,0.0,255.0,0.0,0.0,12.0,23.0,53.0,255.0,255.0,255.0,102.503,63.95,0.0,255.0,0.0,2.0,49.0,116.0,149.0,193.0,255.0,255.0,0.179424,0.021179,0.008861,welding_0007_18-06-30_p0,0007_18-06-30.jpg,data/welding/0007_18-06-30.jpg,data/welding,not_welding,32,0,0.9111,0.6204,welding,0.6204,0.0294,1.0,0.0972
13320,100.67,52.386,0.0,179.0,0.0,0.0,96.0,114.0,132.0,170.0,177.0,178.0,62.653,74.605,0.0,255.0,0.0,0.0,12.0,25.0,95.0,255.0,255.0,255.0,107.709,64.335,0.0,255.0,0.0,2.0,55.0,124.0,153.0,200.0,255.0,255.0,0.200751,0.026802,0.012162,welding_0007_18-06-30_p1,0007_18-06-30.jpg,data/welding/0007_18-06-30.jpg,data/welding,not_welding,32,1,0.8477,0.6461,welding,0.6461,0.0328,1.0,0.0
9752,44.417,53.494,0.0,179.0,0.0,3.0,15.0,23.0,41.0,176.0,178.0,179.0,49.794,56.955,0.0,255.0,8.0,13.0,21.0,28.0,44.0,207.0,255.0,255.0,171.202,61.425,0.0,255.0,6.0,36.0,158.0,195.0,207.0,241.0,255.0,255.0,0.742617,0.073728,0.024815,welding_0007_18-06-30_p2,0007_18-06-30.jpg,data/welding/0007_18-06-30.jpg,data/welding,not_welding,32,2,0.7476,0.7549,welding,0.7549,0.0473,1.0,0.1944
7680,54.699,34.769,0.0,179.0,5.0,15.0,29.0,45.0,73.0,120.0,165.84,177.0,44.639,55.965,0.0,255.0,3.0,7.0,14.0,22.0,49.0,184.0,255.0,255.0,180.587,71.232,0.0,255.0,11.0,40.0,124.0,216.0,231.0,255.0,255.0,255.0,0.697135,0.074349,0.032031,welding_0007_18-19-57_p0,0007_18-19-57.jpg,data/welding/0007_18-19-57.jpg,data/welding,not_welding,33,0,0.8423,0.526,welding,0.526,0.0168,1.0,0.2083
11100,113.437,26.724,0.0,179.0,2.0,30.0,113.0,116.0,118.0,147.0,174.0,178.0,86.757,46.926,0.0,255.0,9.0,19.0,54.0,78.0,117.0,170.0,229.0,255.0,153.906,57.3,9.0,255.0,31.0,57.0,112.0,154.0,198.0,252.0,255.0,255.0,0.466577,0.011982,0.007568,welding_0007_18-19-57_p1,0007_18-19-57.jpg,data/welding/0007_18-19-57.jpg,data/welding,not_welding,33,1,0.7979,0.8561,welding,0.8561,0.0608,1.0,0.0972
18020,114.956,9.334,0.0,177.0,90.0,105.0,113.0,116.0,119.0,124.0,130.0,149.962,65.903,37.977,0.0,255.0,6.0,22.0,37.0,56.0,89.0,137.0,181.0,255.0,161.178,50.75,2.0,255.0,33.0,71.0,132.0,161.0,193.0,252.0,255.0,255.0,0.523918,0.0,0.0,welding_0007_18-19-57_p2,0007_18-19-57.jpg,data/welding/0007_18-19-57.jpg,data/welding,welding,33,2,0.7847,1.0,welding,1.0,0.1832,1.0,0.0
9048,113.961,31.492,0.0,179.0,1.0,20.0,114.0,117.0,122.0,152.0,174.0,178.0,78.302,45.186,0.0,255.0,8.47,17.0,40.0,76.0,110.0,152.0,207.0,255.0,138.371,57.754,6.0,255.0,20.0,39.0,98.0,137.0,186.0,229.0,255.0,255.0,0.374116,0.009726,0.005637,welding_0007_18-19-57_p3,0007_18-19-57.jpg,data/welding/0007_18-19-57.jpg,data/welding,not_welding,33,3,0.7607,0.8111,welding,0.8111,0.0548,1.0,0.0
11520,110.903,39.031,0.0,179.0,1.0,13.0,110.0,116.0,124.0,168.0,177.0,179.0,75.611,47.995,0.0,255.0,4.0,12.0,40.0,65.0,108.0,158.0,226.0,255.0,138.651,50.382,1.0,255.0,26.0,59.0,105.0,135.0,174.0,229.0,255.0,255.0,0.336806,0.020313,0.009375,welding_0007_18-19-57_p4,0007_18-19-57.jpg,data/welding/0007_18-19-57.jpg,data/welding,not_welding,33,4,0.7563,0.7519,welding,0.7519,0.0469,1.0,0.0972
2552,69.609,32.727,0.0,173.0,0.0,35.0,46.0,54.0,104.25,126.0,126.0,165.0,28.462,46.142,0.0,255.0,0.0,4.0,10.0,17.0,23.0,120.0,255.0,255.0,170.243,76.978,1.0,255.0,3.0,18.0,105.0,207.0,230.0,253.0,255.0,255.0,0.651646,0.001567,0.0,welding_0007_18-19-57_p5,0007_18-19-57.jpg,data/welding/0007_18-19-57.jpg,data/welding,not_welding,33,5,0.6099,0.5763,welding,0.5763,0.0235,1.0,0.0
13724,95.906,57.466,0.0,179.0,0.0,0.0,30.0,115.0,133.0,173.0,177.0,179.0,63.276,75.867,0.0,255.0,0.0,2.0,7.0,29.0,90.0,255.0,255.0,255.0,119.554,71.968,0.0,255.0,2.0,10.0,52.0,121.5,185.0,224.0,252.0,255.0,0.355436,0.037963,0.007505,welding_0007_18-35-43_p0,0007_18-35-43.jpg,data/welding/0007_18-35-43.jpg,data/welding,not_welding,34,0,0.8745,1.0,welding,1.0,0.0851,1.0,0.0972
29600,112.243,22.807,0.0,179.0,9.0,75.0,110.0,116.0,122.0,134.0,150.0,174.0,70.604,62.206,0.0,255.0,1.0,6.0,23.0,50.0,103.0,202.0,255.0,255.0,123.666,80.799,0.0,255.0,5.0,16.0,49.0,118.0,195.0,255.0,255.0,255.0,0.366284,0.004459,0.000169,welding_0007_18-35-43_p1,0007_18-35-43.jpg,data/welding/0007_18-35-43.jpg,data/welding,welding,34,1,0.8271,1.0,welding,1.0,0.1064,1.0,0.0
16320,94.052,56.04,0.0,179.0,0.0,5.0,33.0,113.0,136.0,173.0,176.0,179.0,70.15,76.567,0.0,255.0,0.0,4.0,13.0,37.0,99.0,255.0,255.0,255.0,116.335,79.026,0.0,255.0,2.0,8.0,44.0,108.0,186.0,253.0,255.0,255.0,0.335968,0.040319,0.008088,welding_0007_18-35-43_p2,0007_18-35-43.jpg,data/welding/0007_18-35-43.jpg,data/welding,not_welding,34,2,0.8135,0.4942,welding,0.4942,0.0126,1.0,0.0972
10920,95.778,49.953,0.0,179.0,0.0,8.0,36.0,113.0,121.25,170.0,177.0,179.0,69.951,52.378,0.0,255.0,1.0,8.0,30.0,62.0,94.0,174.0,255.0,255.0,127.522,59.199,3.0,255.0,22.0,39.95,84.0,119.0,167.0,236.0,255.0,255.0,0.276648,0.032418,0.012546,welding_0007_18-35-43_p3,0007_18-35-43.jpg,data/welding/0007_18-35-43.jpg,data/welding,not_welding,34,3,0.7871,0.7932,welding,0.7932,0.0524,1.0,0.2917
9880,104.631,43.208,0.0,179.0,0.0,10.0,109.0,114.0,121.0,170.0,177.0,179.0,71.588,56.184,0.0,255.0,1.0,6.0,26.0,59.0,106.0,182.0,255.0,255.0,122.937,60.153,2.0,255.0,17.0,33.0,78.0,114.0,167.0,235.0,255.0,255.0,0.276721,0.023988,0.010628,welding_0007_18-35-43_p4,0007_18-35-43.jpg,data/welding/0007_18-35-43.jpg,data/welding,not_welding,34,4,0.7549,0.7257,welding,0.7257,0.0434,1.0,0.0972
13216,85.481,46.799,0.0,179.0,0.0,9.0,38.0,110.0,121.0,145.0,173.0,177.0,50.729,62.023,0.0,255.0,0.0,3.0,12.0,27.0,61.0,234.25,255.0,255.0,139.632,78.872,0.0,255.0,1.0,9.0,70.0,149.0,212.0,253.0,255.0,255.0,0.466404,0.026332,0.00855,welding_0007_18-35-43_p5,0007_18-35-43.jpg,data/welding/0007_18-35-43.jpg,data/welding,not_welding,34,5,0.752,0.6826,welding,0.6826,0.0377,1.0,0.0972
13536,48.19,57.775,0.0,179.0,0.0,0.0,11.0,26.0,37.0,173.0,177.0,179.0,72.893,84.427,0.0,255.0,0.0,6.0,18.0,31.0,92.0,255.0,255.0,255.0,135.857,85.524,0.0,255.0,1.0,4.0,52.0,142.0,220.0,254.0,255.0,255.0,0.450281,0.105423,0.006649,welding_0007_18-35-43_p6,0007_18-35-43.jpg,data/welding/0007_18-35-43.jpg,data/welding,not_welding,34,6,0.6123,0.5216,welding,0.5216,0.0162,1.0,0.0972
28768,73.275,54.656,0.0,179.0,0.0,6.0,22.0,60.0,120.0,165.0,173.0,177.0,27.11,31.851,0.0,255.0,0.0,3.0,11.0,20.0,30.0,85.0,182.0,255.0,146.421,60.41,0.0,255.0,18.0,38.0,103.0,152.0,197.0,228.0,255.0,255.0,0.469689,0.028852,0.010567,welding_0008_17-38-17_p0,0008_17-38-17.jpg,data/welding/0008_17-38-17.jpg,data/welding,not_welding,35,0,0.8711,0.5882,welding,0.5882,0.0251,1.0,0.0
13000,56.014,56.068,0.0,179.0,0.0,0.0,13.0,35.0,74.0,175.0,178.0,179.0,42.618,60.04,0.0,255.0,0.0,4.0,12.0,20.0,37.0,219.0,255.0,255.0,144.146,63.054,0.0,255.0,4.0,20.0,104.0,169.0,184.0,223.0,255.0,255.0,0.571923,0.054769,0.013538,welding_0008_17-38-17_p1,0008_17-38-17.jpg,data/welding/0008_17-38-17.jpg,data/welding,not_welding,35,1,0.8037,0.848,welding,0.848,0.0597,1.0,0.0972
9744,99.931,56.274,0.0,179.0,0.0,8.0,42.0,120.0,150.0,170.0,177.0,178.0,22.202,25.684,0.0,255.0,3.0,6.0,10.0,17.0,23.0,57.0,151.0,255.0,133.135,46.04,0.0,255.0,24.0,60.0,94.0,139.0,170.0,192.0,231.0,255.0,0.338773,0.018062,0.006773,welding_0008_17-38-17_p2,0008_17-38-17.jpg,data/welding/0008_17-38-17.jpg,data/welding,not_welding,35,2,0.7773,0.9042,welding,0.9042,0.0672,1.0,0.0
9408,91.492,43.894,0.0,177.0,0.0,6.0,76.0,98.0,114.0,170.0,175.0,177.0,19.691,17.847,0.0,255.0,0.0,3.0,10.0,16.0,23.0,52.0,93.0,174.779,165.936,47.034,10.0,255.0,40.0,77.0,141.0,178.0,195.0,243.0,255.0,255.0,0.63074,0.000744,0.0,welding_0008_17-38-17_p3,0008_17-38-17.jpg,data/welding/0008_17-38-17.jpg,data/welding,welding,35,3,0.689,1.0,welding,1.0,0.0865,1.0,0.0
7452,94.165,62.101,0.0,179.0,0.0,5.0,30.0,109.0,156.0,173.0,177.0,178.0,25.995,31.611,0.0,255.0,3.0,7.0,12.0,18.0,26.0,77.0,194.98,255.0,131.453,49.104,0.0,255.0,15.0,49.0,87.0,142.0,170.0,193.0,232.0,255.0,0.345947,0.026033,0.006307,welding_0008_17-38-17_p4,0008_17-38-17.jpg,data/welding/0008_17-38-17.jpg,data/welding,not_welding,35,4,0.6377,0.8383,welding,0.8383,0.0584,1.0,0.0
8008,86.626,55.307,0.0,179.0,0.0,10.0,32.0,110.0,122.0,175.0,178.0,179.0,76.567,58.808,0.0,255.0,8.0,15.0,26.0,62.0,113.0,193.0,255.0,255.0,111.55,66.849,1.0,255.0,11.0,25.0,52.0,94.0,183.0,216.0,234.0,255.0,0.312313,0.04483,0.005994,welding_0008_17-38-23_p0,0008_17-38-23.jpg,data/welding/0008_17-38-23.jpg,data/welding,not_welding,36,0,0.8457,0.4721,welding,0.4721,0.0096,1.0,0.0
8960,93.913,59.479,0.0,179.0,0.0,3.0,22.0,115.0,134.0,174.0,178.0,179.0,78.681,55.559,0.0,255.0,5.0,15.0,37.0,65.0,105.0,194.0,255.0,255.0,111.49,60.166,0.0,255.0,13.0,30.0,66.0,101.0,146.0,231.0,255.0,255.0,0.20558,0.054911,0.017299,welding_0008_17-38-23_p1,0008_17-38-23.jpg,data/welding/0008_17-38-23.jpg,data/welding,not_welding,36,1,0.8066,0.6314,welding,0.6314,0.0309,1.0,0.2083
4048,99.28,43.317,0.0,178.0,0.0,11.0,83.0,111.0,122.0,164.0,173.0,177.0,69.505,65.012,0.0,255.0,2.0,7.0,21.0,49.0,92.0,255.0,255.0,255.0,104.77,72.96,0.0,255.0,3.0,16.0,44.0,85.0,159.0,247.0,255.0,255.0,0.248765,0.042737,0.018034,welding_0008_17-38-23_p2,0008_17-38-23.jpg,data/welding/0008_17-38-23.jpg,data/welding,not_welding,36,2,0.7788,1.0,welding,1.0,0.1813,1.0,0.0
10920,93.625,56.111,0.0,179.0,0.0,2.0,25.0,116.0,127.0,170.0,177.0,179.0,50.173,53.222,0.0,255.0,0.0,3.0,13.0,31.0,70.0,164.0,255.0,255.0,118.509,66.401,1.0,255.0,9.0,19.0,57.0,122.0,178.0,214.0,236.0,255.0,0.343407,0.043498,0.004487,welding_0008_17-38-23_p3,0008_17-38-23.jpg,data/welding/0008_17-38-23.jpg,data/welding,not_welding,36,3,0.749,0.867,welding,0.867,0.0623,1.0,0.0972
6440,84.361,51.53,0.0,179.0,0.0,6.95,22.0,106.0,116.0,169.0,178.0,179.0,81.863,62.591,0.0,255.0,6.0,13.0,33.0,65.0,117.0,235.0,255.0,255.0,99.944,65.614,1.0,255.0,7.0,19.0,47.0,80.0,152.0,221.0,255.0,255.0,0.230901,0.076087,0.014286,welding_0008_17-38-23_p4,0008_17-38-23.jpg,data/welding/0008_17-38-23.jpg,data/welding,not_welding,36,4,0.7197,0.7779,welding,0.7779,0.0504,1.0,0.0
2976,91.663,73.426,0.0,179.0,0.0,1.0,13.0,122.0,164.0,176.0,179.0,179.0,87.692,64.205,0.0,255.0,5.0,16.0,42.75,65.0,118.0,241.25,255.0,255.0,114.154,65.537,0.0,255.0,8.0,21.0,60.0,105.0,152.0,237.0,255.0,255.0,0.229839,0.093414,0.02453,welding_0008_17-38-23_p5,0008_17-38-23.jpg,data/welding/0008_17-38-23.jpg,data/welding,not_welding,36,5,0.6587,0.6558,welding,0.6558,0.0341,1.0,0.1944
2560,47.357,45.476,0.0,177.0,3.0,11.0,21.0,28.0,36.0,145.0,170.0,177.0,41.156,32.982,0.0,255.0,4.0,8.0,24.0,37.0,47.0,93.05,249.1,255.0,141.082,54.198,3.0,255.0,16.59,44.0,109.0,147.0,163.0,245.0,255.0,255.0,0.298047,0.034766,0.001172,welding_0008_17-38-23_p6,0008_17-38-23.jpg,data/welding/0008_17-38-23.jpg,data/welding,not_welding,36,6,0.6514,0.6095,welding,0.6095,0.0279,1.0,0.0
2700,94.243,36.71,0.0,179.0,0.0,12.0,80.0,109.0,115.0,132.0,170.0,177.301,84.226,73.193,0.0,255.0,5.0,9.0,26.0,57.0,123.0,255.0,255.0,255.0,94.108,71.294,0.0,255.0,2.0,10.95,34.75,73.0,149.25,233.05,255.0,255.0,0.220741,0.04037,0.018519,welding_0008_17-38-23_p7,0008_17-38-23.jpg,data/welding/0008_17-38-23.jpg,data/welding,not_welding,36,7,0.6406,1.0,welding,1.0,0.1115,1.0,0.0
22040,109.16,20.763,0.0,177.0,13.0,70.0,108.0,114.0,119.0,125.0,140.0,173.0,55.951,46.506,0.0,255.0,1.0,5.0,17.0,42.0,87.0,139.0,179.0,255.0,156.933,62.136,1.0,255.0,22.0,52.0,110.0,154.0,208.0,255.0,255.0,255.0,0.475544,0.0,0.0,welding_0008_17-38-23_p8,0008_17-38-23.jpg,data/welding/0008_17-38-23.jpg,data/welding,welding,36,8,0.6343,0.8083,welding,0.8083,0.0544,1.0,0.0
16240,103.634,58.908,0.0,179.0,0.0,0.0,40.0,120.0,146.0,174.0,177.0,179.0,55.84,78.602,0.0,255.0,0.0,0.0,10.0,23.0,51.0,255.0,255.0,255.0,100.897,64.351,0.0,255.0,0.0,2.0,44.0,115.0,148.0,193.0,254.0,255.0,0.177032,0.026478,0.008867,welding_0008_18-06-31_p0,0008_18-06-31.jpg,data/welding/0008_18-06-31.jpg,data/welding,not_welding,37,0,0.9116,0.6196,welding,0.6196,0.0293,1.0,0.0
10260,43.19,52.81,0.0,179.0,0.0,2.0,15.0,23.0,38.0,175.0,178.0,179.0,51.624,58.901,0.0,255.0,3.0,14.0,21.0,29.0,46.0,218.0,255.0,255.0,170.666,61.571,0.0,255.0,3.0,32.0,155.0,195.0,207.0,240.0,255.0,255.0,0.73577,0.079532,0.023197,welding_0008_18-06-31_p1,0008_18-06-31.jpg,data/welding/0008_18-06-31.jpg,data/welding,not_welding,37,1,0.8662,0.9654,welding,0.9654,0.0754,1.0,0.1111
14208,98.45,57.58,0.0,179.0,0.0,0.0,30.0,112.0,140.0,174.0,177.0,178.0,67.849,76.979,0.0,255.0,0.0,4.0,13.0,28.0,110.0,255.0,255.0,255.0,107.773,63.905,0.0,255.0,1.0,2.0,55.0,123.0,152.0,200.0,255.0,255.0,0.193694,0.031109,0.011332,welding_0008_18-06-31_p2,0008_18-06-31.jpg,data/welding/0008_18-06-31.jpg,data/welding,not_welding,37,2,0.8208,0.6383,welding,0.6383,0.0318,1.0,0.0
9280,49.946,32.963,0.0,179.0,3.0,12.0,27.0,38.0,71.0,116.0,169.0,177.0,46.074,54.987,0.0,255.0,3.0,6.0,14.0,24.0,56.0,177.0,255.0,255.0,177.752,72.747,1.0,255.0,11.0,36.0,116.0,210.0,233.0,255.0,255.0,255.0,0.684052,0.084159,0.014547,welding_0008_18-19-58_p0,0008_18-19-58.jpg,data/welding/0008_18-19-58.jpg,data/welding,not_welding,38,0,0.8716,0.4449,welding,0.4449,0.006,1.0,0.0972
17596,113.432,10.975,0.0,177.0,70.0,96.0,112.0,114.0,118.0,123.0,132.0,168.405,62.847,37.064,0.0,255.0,7.0,20.0,38.0,52.0,80.0,134.0,185.05,255.0,156.905,51.554,2.0,255.0,32.0,63.0,124.0,162.0,185.0,253.0,255.0,255.0,0.530746,0.000114,0.0,welding_0008_18-19-58_p1,0008_18-19-58.jpg,data/welding/0008_18-19-58.jpg,data/welding,welding,38,1,0.8257,1.0,welding,1.0,0.1174,1.0,0.0
11644,108.96,41.461,0.0,179.0,0.0,11.0,110.0,116.0,123.0,169.0,177.0,179.0,74.892,48.059,0.0,255.0,3.0,8.0,37.0,65.0,109.0,157.0,209.0,255.0,137.625,50.748,7.0,255.0,32.0,58.0,104.0,131.0,172.0,241.0,255.0,255.0,0.321539,0.030316,0.01563,welding_0008_18-19-58_p2,0008_18-19-58.jpg,data/welding/0008_18-19-58.jpg,data/welding,not_welding,38,2,0.7349,0.8274,welding,0.8274,0.057,1.0,0.3056
9272,112.613,33.63,0.0,179.0,0.0,20.0,112.0,117.0,121.0,158.0,177.0,179.0,74.16,45.318,0.0,255.0,4.0,12.0,36.0,72.0,103.0,150.0,204.0,255.0,132.139,56.531,1.0,255.0,18.0,39.0,93.0,128.0,179.0,222.0,255.0,255.0,0.332399,0.007657,0.003991,welding_0008_18-19-58_p3,0008_18-19-58.jpg,data/welding/0008_18-19-58.jpg,data/welding,not_welding,38,3,0.6504,0.6872,welding,0.6872,0.0383,1.0,0.0
14008,89.188,57.642,0.0,179.0,0.0,2.0,27.0,110.0,133.0,173.0,176.0,179.0,70.294,77.734,0.0,255.0,0.0,3.0,14.0,37.0,96.0,255.0,255.0,255.0,116.948,80.622,0.0,255.0,2.0,7.0,44.0,108.0,187.0,255.0,255.0,255.0,0.341234,0.050899,0.015705,welding_0008_18-35-44_p0,0008_18-35-44.jpg,data/welding/0008_18-35-44.jpg,data/welding,not_welding,39,0,0.875,0.5547,welding,0.5547,0.0206,1.0,0.0972
38556,108.979,30.784,0.0,179.0,0.0,25.0,109.0,116.0,124.0,138.0,165.0,177.0,57.022,58.07,0.0,255.0,0.0,4.0,16.0,36.0,78.0,170.0,255.0,255.0,110.092,76.088,0.0,255.0,2.0,9.0,36.0,111.0,173.0,234.25,255.0,255.0,0.324956,0.004331,0.000207,welding_0008_18-35-44_p1,0008_18-35-44.jpg,data/welding/0008_18-35-44.jpg,data/welding,not_welding,39,1,0.8525,1.0,welding,1.0,0.0955,1.0,0.0
12960,48.652,56.0,0.0,179.0,0.0,0.0,13.0,26.0,43.0,170.0,177.0,179.0,71.4,82.079,0.0,255.0,0.0,6.0,19.0,32.0,85.0,255.0,255.0,255.0,137.318,84.396,0.0,255.0,1.0,4.0,58.0,144.0,220.0,254.0,255.0,255.0,0.454707,0.098688,0.009028,welding_0008_18-35-44_p2,0008_18-35-44.jpg,data/welding/0008_18-35-44.jpg,data/welding,not_welding,39,2,0.6929,0.5259,welding,0.5259,0.0168,1.0,0.0972
9728,97.948,42.786,0.0,179.0,0.0,6.0,106.0,112.0,116.0,147.0,177.0,179.0,71.327,53.286,0.0,255.0,2.0,7.0,30.0,59.0,102.0,172.0,255.0,255.0,123.44,59.615,1.0,255.0,20.0,39.0,78.0,116.0,166.0,233.0,255.0,255.0,0.271998,0.031044,0.010999,welding_0008_18-35-44_p3,0008_18-35-44.jpg,data/welding/0008_18-35-44.jpg,data/welding,not_welding,39,3,0.6538,0.7296,welding,0.7296,0.0439,1.0,0.2083
10488,92.762,47.954,0.0,179.0,1.0,9.0,35.0,112.0,117.0,167.0,177.0,179.0,70.737,49.517,0.0,255.0,2.0,9.0,35.0,61.0,95.0,161.0,255.0,255.0,127.983,57.455,5.0,255.0,25.0,46.0,86.0,119.0,164.0,236.0,255.0,255.0,0.262109,0.040809,0.01373,welding_0008_18-35-44_p4,0008_18-35-44.jpg,data/welding/0008_18-35-44.jpg,data/welding,not_welding,39,4,0.6338,0.8927,welding,0.8927,0.0657,1.0,0.3056
11760,102.446,54.044,0.0,179.0,0.0,0.0,70.0,116.0,133.0,173.0,177.0,179.0,64.943,76.654,0.0,255.0,0.0,2.0,7.0,29.0,98.0,255.0,255.0,255.0,127.293,71.766,0.0,255.0,2.0,12.0,66.0,130.0,193.0,231.0,255.0,255.0,0.384184,0.042177,0.018707,welding_0008_18-35-44_p5,0008_18-35-44.jpg,data/welding/0008_18-35-44.jpg,data/welding,not_welding,39,5,0.5669,0.9877,welding,0.9877,0.0784,1.0,0.0972
16128,78.345,57.264,0.0,179.0,0.0,6.0,21.0,63.0,125.0,165.0,173.0,177.0,26.992,30.164,0.0,255.0,0.0,4.0,12.0,20.0,31.0,90.0,157.73,255.0,148.082,56.271,0.0,255.0,23.0,43.35,112.0,146.0,192.0,226.0,255.0,255.0,0.448413,0.039497,0.017175,welding_0009_17-38-18_p0,0009_17-38-18.jpg,data/welding/0009_17-38-18.jpg,data/welding,not_welding,40,0,0.894,0.8325,welding,0.8325,0.0577,1.0,0.0972
8624,69.641,50.872,0.0,179.0,0.0,5.0,20.0,66.0,103.0,170.0,177.0,177.377,21.172,24.139,0.0,255.0,0.0,3.0,9.0,15.0,25.0,63.0,128.77,255.0,152.971,50.866,2.0,255.0,28.0,55.0,118.0,168.0,190.0,222.0,247.0,255.0,0.548701,0.008581,0.001276,welding_0009_17-38-18_p1,0009_17-38-18.jpg,data/welding/0009_17-38-18.jpg,data/welding,not_welding,40,1,0.8193,1.0,welding,1.0,0.0897,1.0,0.0
16560,90.652,56.772,0.0,179.0,0.0,5.0,36.0,93.0,145.0,170.0,177.0,179.0,25.874,33.42,0.0,255.0,0.0,4.0,10.0,17.0,26.0,83.0,207.0,255.0,136.056,54.183,0.0,255.0,12.0,35.0,98.0,148.0,178.0,215.0,244.0,255.0,0.378684,0.015821,0.004589,welding_0009_17-38-18_p2,0009_17-38-18.jpg,data/welding/0009_17-38-18.jpg,data/welding,not_welding,40,2,0.8169,0.5302,welding,0.5302,0.0174,1.0,0.0
12800,55.557,55.793,0.0,179.0,0.0,0.0,14.0,35.0,73.0,176.0,178.0,179.0,42.503,58.857,0.0,255.0,0.0,4.0,12.0,20.0,38.0,209.0,255.0,255.0,145.843,62.302,1.0,255.0,4.0,23.0,109.0,170.0,185.0,223.0,255.0,255.0,0.579844,0.048906,0.013672,welding_0009_17-38-18_p3,0009_17-38-18.jpg,data/welding/0009_17-38-18.jpg,data/welding,not_welding,40,3,0.6494,0.8084,welding,0.8084,0.0545,1.0,0.1111
7592,90.292,56.782,0.0,179.0,0.0,6.0,26.0,112.0,125.0,172.0,178.0,179.0,79.619,63.229,0.0,255.0,4.0,12.0,27.0,61.0,117.0,221.45,255.0,255.0,108.727,66.541,0.0,255.0,6.0,21.0,53.0,91.0,174.0,219.0,242.0,255.0,0.288725,0.053346,0.005927,welding_0009_17-38-23_p0,0009_17-38-23.jpg,data/welding/0009_17-38-23.jpg,data/welding,not_welding,41,0,0.8179,0.6242,welding,0.6242,0.0299,1.0,0.0
8448,106.811,51.382,0.0,179.0,1.0,9.0,110.0,118.0,136.0,172.0,177.0,179.0,80.188,55.395,0.0,255.0,7.0,15.0,39.0,68.0,109.0,196.0,255.0,255.0,117.88,57.929,5.0,255.0,18.0,34.35,76.0,108.0,152.0,228.0,255.0,255.0,0.226799,0.036577,0.012547,welding_0009_17-38-23_p1,0009_17-38-23.jpg,data/welding/0009_17-38-23.jpg,data/welding,not_welding,41,1,0.8066,0.9922,welding,0.9922,0.079,1.0,0.3056
3200,101.433,45.357,0.0,179.0,0.0,6.0,92.75,111.0,122.0,170.0,177.0,178.0,70.598,67.959,0.0,255.0,0.0,6.0,23.0,47.0,94.0,255.0,255.0,255.0,98.158,68.086,0.0,255.0,4.0,12.0,44.0,79.0,148.0,230.05,255.0,255.0,0.217188,0.03625,0.012188,welding_0009_17-38-23_p2,0009_17-38-23.jpg,data/welding/0009_17-38-23.jpg,data/welding,not_welding,41,2,0.7559,1.0,welding,1.0,0.1648,1.0,0.0
9472,104.426,50.542,0.0,179.0,0.0,6.0,103.0,120.0,129.0,170.0,177.0,179.0,54.462,56.665,0.0,255.0,0.0,5.0,15.0,33.0,76.0,180.0,255.0,255.0,120.978,66.172,0.0,255.0,7.0,19.0,65.0,119.0,180.0,219.0,240.0,255.0,0.352513,0.038535,0.005068,welding_0009_17-38-23_p3,0009_17-38-23.jpg,data/welding/0009_17-38-23.jpg,data/welding,not_welding,41,3,0.7461,0.8082,welding,0.8082,0.0544,1.0,0.0972
23280,110.059,14.856,0.0,173.0,30.0,90.0,107.0,112.0,117.0,122.0,133.0,165.0,62.966,46.625,0.0,255.0,1.0,7.0,23.0,51.0,97.0,146.0,174.0,245.0,170.783,60.54,5.0,255.0,28.0,63.0,128.0,172.0,222.0,255.0,255.0,255.0,0.571692,0.0,0.0,welding_0009_17-38-23_p4,0009_17-38-23.jpg,data/welding/0009_17-38-23.jpg,data/welding,welding,41,4,0.7358,0.8671,welding,0.8671,0.0623,1.0,0.0
2460,109.252,41.36,0.0,179.0,2.0,15.0,93.0,120.0,127.0,165.0,174.0,179.0,69.322,62.578,0.0,255.0,3.0,6.0,23.0,51.0,93.0,227.05,255.0,255.0,105.834,75.927,2.0,255.0,4.0,16.0,47.0,80.0,160.25,254.0,255.0,255.0,0.250813,0.028049,0.013415,welding_0009_17-38-23_p5,0009_17-38-23.jpg,data/welding/0009_17-38-23.jpg,data/welding,not_welding,41,5,0.7344,0.8116,welding,0.8116,0.0549,1.0,0.0
2852,106.431,65.775,0.0,179.0,0.0,5.0,17.0,132.0,164.0,174.0,178.0,179.0,88.156,61.546,0.0,255.0,10.51,20.0,43.0,69.0,118.25,237.0,255.0,255.0,120.775,62.147,7.0,255.0,12.0,28.0,75.0,114.0,161.0,236.45,255.0,255.0,0.25561,0.07784,0.029102,welding_0009_17-38-23_p6,0009_17-38-23.jpg,data/welding/0009_17-38-23.jpg,data/welding,not_welding,41,6,0.7026,0.8497,welding,0.8497,0.06,1.0,0.2917
2408,88.896,44.666,0.0,179.0,0.0,11.0,50.0,96.0,116.0,160.0,173.0,177.0,39.335,52.522,0.0,255.0,0.0,2.0,8.0,19.0,48.0,153.0,255.0,255.0,136.865,77.835,0.0,255.0,4.0,19.0,65.0,134.0,208.0,255.0,255.0,255.0,0.425249,0.016611,0.000415,welding_0009_17-38-23_p7,0009_17-38-23.jpg,data/welding/0009_17-38-23.jpg,data/welding,not_welding,41,7,0.6953,0.6102,welding,0.6102,0.028,1.0,0.0
3952,103.825,47.67,0.0,179.0,0.0,5.0,98.0,114.0,126.0,172.0,178.0,179.0,87.384,70.495,0.0,255.0,0.0,8.0,31.0,69.0,121.0,255.0,255.0,255.0,87.238,61.275,0.0,255.0,3.0,11.0,41.0,69.0,126.0,204.0,255.0,255.0,0.164221,0.040739,0.012652,welding_0009_17-38-23_p8,0009_17-38-23.jpg,data/welding/0009_17-38-23.jpg,data/welding,not_welding,41,8,0.6719,0.7675,welding,0.7675,0.0621,0.754,0.0
8232,111.389,47.747,0.0,179.0,0.31,8.0,111.0,119.0,135.0,172.0,177.0,179.0,76.492,59.846,0.0,255.0,7.0,16.0,31.0,58.0,106.0,213.0,255.0,255.0,122.759,61.37,1.0,255.0,12.0,29.0,77.0,116.0,166.0,237.0,255.0,255.0,0.281706,0.056973,0.021137,welding_0009_17-38-23_p9,0009_17-38-23.jpg,data/welding/0009_17-38-23.jpg,data/welding,not_welding,41,9,0.5708,0.6938,welding,0.6938,0.0392,1.0,0.3056
2256,82.954,51.729,0.0,179.0,0.0,0.0,26.0,96.0,120.0,159.0,174.0,179.0,44.286,57.113,0.0,255.0,0.0,1.0,8.0,20.0,59.0,176.5,255.0,255.0,145.322,75.938,0.0,255.0,7.0,27.75,75.0,145.5,216.0,255.0,255.0,255.0,0.453014,0.091755,0.04078,welding_0009_17-38-23_p10,0009_17-38-23.jpg,data/welding/0009_17-38-23.jpg,data/welding,not_welding,41,10,0.5591,0.6299,welding,0.6299,0.0414,0.7977,0.0
16380,110.697,55.02,0.0,179.0,0.0,0.0,83.0,125.0,156.0,174.0,177.0,178.0,57.268,79.392,0.0,255.0,0.0,3.0,10.0,23.0,54.0,255.0,255.0,255.0,101.276,64.144,0.0,255.0,1.0,2.0,46.0,116.0,149.0,192.0,253.21,255.0,0.175336,0.023138,0.008791,welding_0009_18-06-32_p0,0009_18-06-32.jpg,data/welding/0009_18-06-32.jpg,data/welding,not_welding,42,0,0.9111,0.6129,welding,0.6129,0.0284,1.0,0.0
7800,88.91,54.926,0.0,179.0,0.0,6.0,27.0,109.0,132.0,166.0,174.0,178.0,38.422,50.161,0.0,255.0,0.0,5.0,13.0,22.0,38.0,146.0,255.0,255.0,131.148,65.598,0.0,255.0,5.0,21.0,81.0,134.0,190.0,224.0,254.0,255.0,0.399615,0.050128,0.00359,welding_0009_18-06-32_p1,0009_18-06-32.jpg,data/welding/0009_18-06-32.jpg,data/welding,not_welding,42,1,0.8496,0.8654,welding,0.8654,0.0621,1.0,0.0
14336,102.205,55.583,0.0,179.0,0.0,0.0,60.0,113.0,140.0,174.0,177.0,178.0,67.665,76.258,0.0,255.0,0.0,4.0,14.0,28.0,109.0,255.0,255.0,255.0,108.022,63.771,0.0,255.0,1.0,2.0,55.0,123.0,152.0,200.0,255.0,255.0,0.191546,0.029367,0.012905,welding_0009_18-06-32_p2,0009_18-06-32.jpg,data/welding/0009_18-06-32.jpg,data/welding,not_welding,42,2,0.8438,0.6475,welding,0.6475,0.033,1.0,0.0
9384,38.87,46.739,0.0,179.0,0.0,4.0,15.0,23.0,35.0,176.0,178.0,179.0,48.93,54.321,0.0,255.0,9.0,15.0,21.0,28.0,45.0,193.0,255.0,255.0,175.79,57.856,0.0,255.0,11.0,44.0,161.0,198.0,208.0,244.0,255.0,255.0,0.755222,0.077579,0.025149,welding_0009_18-06-32_p3,0009_18-06-32.jpg,data/welding/0009_18-06-32.jpg,data/welding,not_welding,42,3,0.8296,0.9343,welding,0.9343,0.0712,1.0,0.2361
1664,94.535,20.542,0.0,173.0,30.0,55.0,89.0,98.0,105.0,120.0,141.0,173.0,64.638,66.085,0.0,255.0,3.0,6.0,17.0,36.0,93.0,223.0,255.0,255.0,169.543,65.689,5.0,255.0,12.0,45.15,119.0,192.0,219.0,253.85,255.0,255.0,0.643029,0.0,0.0,welding_0009_18-06-32_p4,0009_18-06-32.jpg,data/welding/0009_18-06-32.jpg,data/welding,not_welding,42,4,0.6377,0.4541,welding,0.4541,0.0072,1.0,0.0
8112,73.419,67.322,0.0,179.0,0.0,0.0,11.0,35.0,135.0,174.0,177.0,179.0,46.569,65.441,0.0,255.0,0.0,0.0,8.0,19.0,53.0,255.0,255.0,255.0,115.438,69.535,0.0,255.0,3.0,9.0,54.0,113.0,184.0,214.0,235.89,255.0,0.341839,0.043762,0.005424,welding_0009_18-06-32_p5,0009_18-06-32.jpg,data/welding/0009_18-06-32.jpg,data/welding,not_welding,42,5,0.606,1.0,welding,1.0,0.127,1.0,0.0972
3036,74.99,48.418,0.0,177.0,0.0,0.0,23.0,96.0,113.0,145.0,170.0,177.0,40.203,60.969,0.0,255.0,0.0,1.0,6.0,15.0,46.0,208.0,255.0,255.0,163.487,80.188,1.0,255.0,5.0,20.0,97.0,179.0,245.0,255.0,255.0,255.0,0.577734,0.083333,0.024704,welding_0009_18-06-32_p6,0009_18-06-32.jpg,data/welding/0009_18-06-32.jpg,data/welding,not_welding,42,6,0.5776,1.0,welding,1.0,0.107,1.0,0.3194
7296,52.429,34.27,0.0,179.0,0.95,12.0,26.0,42.0,74.0,119.0,145.0,176.0,43.797,54.796,0.0,255.0,2.0,6.0,13.0,21.0,51.0,177.0,255.0,255.0,179.767,70.622,0.0,255.0,9.95,36.0,133.0,210.0,232.0,255.0,255.0,255.0,0.701343,0.076891,0.010417,welding_0009_18-19-59_p0,0009_18-19-59.jpg,data/welding/0009_18-19-59.jpg,data/welding,not_welding,43,0,0.8984,0.4786,welding,0.4786,0.0105,1.0,0.0
17596,113.891,6.587,5.0,170.0,95.0,105.0,111.0,114.0,118.0,122.0,128.0,150.0,66.664,37.648,1.0,255.0,13.0,24.0,39.0,55.0,90.0,140.0,181.0,255.0,156.793,50.406,8.0,255.0,38.0,67.0,125.0,160.0,184.0,249.0,255.0,255.0,0.512446,0.0,0.0,welding_0009_18-19-59_p1,0009_18-19-59.jpg,data/welding/0009_18-19-59.jpg,data/welding,welding,43,1,0.8193,1.0,welding,1.0,0.1773,1.0,0.0
13824,108.328,40.498,0.0,179.0,0.0,9.0,108.0,115.0,122.0,166.0,177.0,179.0,77.8,51.83,0.0,255.0,3.0,9.0,38.0,67.0,113.0,168.0,233.0,255.0,136.384,51.797,6.0,255.0,29.0,52.0,102.0,132.0,172.0,231.0,255.0,255.0,0.329933,0.031756,0.014829,welding_0009_18-19-59_p2,0009_18-19-59.jpg,data/welding/0009_18-19-59.jpg,data/welding,not_welding,43,2,0.8066,0.78,welding,0.78,0.0507,1.0,0.3194
9240,115.433,25.834,0.0,179.0,4.39,97.0,113.0,116.0,120.0,150.0,174.0,178.0,83.478,47.735,0.0,255.0,6.0,17.0,44.0,79.0,116.0,166.0,211.0,255.0,141.257,58.428,9.0,255.0,23.0,40.0,100.0,140.0,190.0,231.0,255.0,255.0,0.403788,0.002814,0.001732,welding_0009_18-19-59_p3,0009_18-19-59.jpg,data/welding/0009_18-19-59.jpg,data/welding,not_welding,43,3,0.6372,0.6756,welding,0.6756,0.0367,1.0,0.0
2352,63.898,29.097,0.0,120.0,30.0,34.0,39.0,51.0,96.0,114.0,116.0,120.0,28.291,42.82,0.0,255.0,3.0,5.55,10.0,16.0,25.0,96.9,255.0,255.0,168.207,76.213,1.0,255.0,4.0,23.0,102.0,201.0,227.0,254.0,255.0,255.0,0.637755,0.0,0.0,welding_0009_18-19-59_p4,0009_18-19-59.jpg,data/welding/0009_18-19-59.jpg,data/welding,not_welding,43,4,0.5757,0.5164,welding,0.5164,0.0155,1.0,0.0
14144,90.178,55.456,0.0,179.0,0.0,3.0,30.0,113.0,130.0,171.0,176.0,179.0,71.077,76.825,0.0,255.0,0.0,4.0,15.0,39.0,96.0,255.0,255.0,255.0,117.373,80.844,0.0,255.0,2.0,7.0,44.0,107.0,187.0,255.0,255.0,255.0,0.346295,0.051965,0.015059,welding_0009_18-35-45_p0,0009_18-35-45.jpg,data/welding/0009_18-35-45.jpg,data/welding,not_welding,44,0,0.8589,0.5061,welding,0.5061,0.0141,1.0,0.1944
38236,103.301,37.798,0.0,179.0,0.0,6.0,103.0,114.0,124.0,141.0,165.0,175.0,53.426,62.978,0.0,255.0,0.0,2.0,12.0,28.0,70.0,223.0,255.0,255.0,103.78,78.135,0.0,255.0,1.0,5.0,27.0,96.0,172.0,232.0,255.0,255.0,0.296919,0.005728,0.000523,welding_0009_18-35-45_p1,0009_18-35-45.jpg,data/welding/0009_18-35-45.jpg,data/welding,not_welding,44,1,0.8477,1.0,welding,1.0,0.0959,1.0,0.0
10720,90.645,51.22,0.0,179.0,0.0,10.0,30.0,112.0,120.0,167.0,176.0,179.0,65.523,53.436,0.0,255.0,1.0,8.0,28.0,51.5,85.0,179.0,255.0,255.0,120.969,63.037,1.0,255.0,15.0,32.0,72.0,111.0,166.0,237.0,255.0,255.0,0.266884,0.049907,0.014739,welding_0009_18-35-45_p2,0009_18-35-45.jpg,data/welding/0009_18-35-45.jpg,data/welding,not_welding,44,2,0.7417,0.8436,welding,0.8436,0.0591,1.0,0.2222
10140,98.334,44.774,0.0,179.0,0.0,7.0,104.0,113.0,120.0,160.0,177.0,179.0,67.05,58.936,0.0,255.0,0.0,4.0,23.0,52.0,93.0,198.0,255.0,255.0,117.965,64.119,1.0,255.0,10.0,26.0,68.0,109.0,165.25,234.0,255.0,255.0,0.272288,0.028895,0.010651,welding_0009_18-35-45_p3,0009_18-35-45.jpg,data/welding/0009_18-35-45.jpg,data/welding,not_welding,44,3,0.7217,0.7443,welding,0.7443,0.0459,1.0,0.1944
15040,50.567,55.591,0.0,179.0,0.0,0.0,17.0,29.0,44.0,170.0,177.0,179.0,65.461,78.347,0.0,255.0,0.0,6.0,19.0,29.0,66.25,255.0,255.0,255.0,142.994,83.457,0.0,255.0,1.0,6.0,64.0,152.0,222.0,252.0,255.0,255.0,0.481449,0.091689,0.008245,welding_0009_18-35-45_p4,0009_18-35-45.jpg,data/welding/0009_18-35-45.jpg,data/welding,not_welding,44,4,0.5923,0.5905,welding,0.5905,0.0254,1.0,0.0
18360,80.591,57.442,0.0,179.0,0.0,4.0,25.0,66.0,132.0,172.0,177.0,179.0,35.589,49.457,0.0,255.0,0.0,4.0,10.0,17.0,36.0,136.0,255.0,255.0,135.542,58.83,0.0,255.0,7.0,26.0,91.0,149.0,180.0,220.0,244.0,255.0,0.406754,0.044826,0.006808,welding_0010_17-38-19_p0,0010_17-38-19.jpg,data/welding/0010_17-38-19.jpg,data/welding,not_welding,45,0,0.8457,0.9658,welding,0.9658,0.0754,1.0,0.0
10176,70.282,51.024,0.0,179.0,0.0,0.0,19.0,75.0,106.0,170.0,175.0,177.0,23.353,31.892,0.0,255.0,0.0,3.0,8.0,15.0,23.0,77.0,182.0,255.0,148.756,55.188,1.0,255.0,16.0,45.0,109.0,162.0,189.0,227.0,248.0,255.0,0.513856,0.011105,0.000983,welding_0010_17-38-19_p1,0010_17-38-19.jpg,data/welding/0010_17-38-19.jpg,data/welding,not_welding,45,1,0.8223,1.0,welding,1.0,0.0891,1.0,0.0
8192,106.819,51.358,0.0,179.0,1.0,8.0,108.0,117.0,136.0,173.0,177.0,179.0,75.44,50.187,0.0,255.0,8.0,15.0,38.0,65.0,100.0,172.0,255.0,255.0,116.35,57.453,4.0,255.0,20.0,37.0,74.0,103.0,151.0,228.45,255.0,255.0,0.220215,0.036865,0.013672,welding_0010_17-38-24_p0,0010_17-38-24.jpg,data/welding/0010_17-38-24.jpg,data/welding,not_welding,46,0,0.8403,0.9457,welding,0.9457,0.0728,1.0,0.3194
21660,109.066,14.34,0.0,173.0,42.0,90.0,107.0,112.0,116.0,121.0,132.0,150.0,63.941,48.501,0.0,255.0,1.0,7.0,24.0,49.0,99.0,148.0,195.0,255.0,172.044,61.618,2.0,255.0,23.0,61.0,131.0,172.0,225.0,255.0,255.0,255.0,0.580517,0.0,0.0,welding_0010_17-38-24_p1,0010_17-38-24.jpg,data/welding/0010_17-38-24.jpg,data/welding,welding,46,1,0.7944,0.4443,welding,0.4443,0.0059,1.0,0.0
3528,110.597,35.296,0.0,179.0,0.0,21.0,101.0,118.0,125.0,166.0,174.0,177.0,66.934,54.182,0.0,255.0,3.0,7.0,23.0,60.0,88.0,180.0,255.0,255.0,108.901,72.934,0.0,255.0,8.0,24.0,56.0,80.0,165.0,254.0,255.0,255.0,0.257653,0.02466,0.014172,welding_0010_17-38-24_p2,0010_17-38-24.jpg,data/welding/0010_17-38-24.jpg,data/welding,not_welding,46,2,0.7852,0.5276,welding,0.5276,0.017,1.0,0.0
2752,70.539,48.899,0.0,179.0,0.0,0.0,20.0,76.5,103.0,159.0,175.0,178.249,40.813,54.227,0.0,255.0,0.0,2.0,8.0,20.0,51.0,165.0,255.0,255.0,145.682,76.376,1.0,255.0,4.51,21.0,82.0,153.0,209.0,255.0,255.0,255.0,0.482558,0.049419,0.00218,welding_0010_17-38-24_p3,0010_17-38-24.jpg,data/welding/0010_17-38-24.jpg,data/welding,not_welding,46,3,0.7739,0.7202,welding,0.7202,0.0427,1.0,0.0
3800,104.709,34.343,0.0,179.0,0.0,11.0,103.0,111.0,122.0,144.0,174.0,177.0,65.134,58.948,0.0,255.0,3.0,8.0,25.0,50.0,81.0,219.0,255.0,255.0,105.721,71.762,0.0,255.0,5.0,17.0,51.0,82.5,161.0,249.0,255.0,255.0,0.255263,0.026579,0.008684,welding_0010_17-38-24_p4,0010_17-38-24.jpg,data/welding/0010_17-38-24.jpg,data/welding,not_welding,46,4,0.7568,1.0,welding,1.0,0.1012,1.0,0.0
2236,64.679,52.346,0.0,179.0,0.0,0.0,16.0,66.0,98.0,165.0,177.0,179.0,52.272,65.614,0.0,255.0,0.0,1.0,10.0,21.0,72.0,214.25,255.0,255.0,147.356,74.692,0.0,255.0,6.0,25.0,87.0,153.0,210.0,255.0,255.0,255.0,0.476297,0.140877,0.048301,welding_0010_17-38-24_p5,0010_17-38-24.jpg,data/welding/0010_17-38-24.jpg,data/welding,not_welding,46,5,0.7178,0.7639,welding,0.7639,0.0485,1.0,0.0
5856,92.149,59.403,0.0,179.0,0.0,4.0,18.0,115.0,128.0,173.0,179.0,179.0,83.224,58.098,0.0,255.0,4.0,12.0,40.0,70.0,114.0,213.0,255.0,255.0,97.4,62.026,0.0,255.0,7.0,25.0,51.0,79.0,132.0,221.0,252.0,255.0,0.196892,0.066598,0.005123,welding_0010_17-38-24_p6,0010_17-38-24.jpg,data/welding/0010_17-38-24.jpg,data/welding,not_welding,46,6,0.6899,0.7349,welding,0.7349,0.0447,1.0,0.0
10752,96.366,53.531,0.0,179.0,0.0,5.0,42.0,116.0,127.0,170.0,177.0,179.0,46.317,48.525,0.0,255.0,2.0,5.0,14.0,27.0,65.0,143.0,255.0,255.0,120.564,62.95,0.0,255.0,7.0,19.0,66.0,124.0,174.0,212.0,237.49,255.0,0.332496,0.042225,0.004743,welding_0010_17-38-24_p7,0010_17-38-24.jpg,data/welding/0010_17-38-24.jpg,data/welding,not_welding,46,7,0.6709,0.5681,welding,0.5681,0.0224,1.0,0.0972
9856,103.093,52.584,0.0,179.0,0.0,5.0,103.0,117.0,130.0,174.0,179.0,179.0,70.869,56.194,0.0,255.0,6.0,13.0,30.0,53.0,97.0,190.25,255.0,255.0,127.994,64.075,0.0,255.0,13.0,32.0,76.0,123.0,180.0,239.0,255.0,255.0,0.346084,0.063413,0.026684,welding_0010_17-38-24_p8,0010_17-38-24.jpg,data/welding/0010_17-38-24.jpg,data/welding,not_welding,46,8,0.6616,0.6408,welding,0.6408,0.0321,1.0,0.3056
5200,100.321,45.928,0.0,179.0,0.0,4.0,100.0,112.0,122.0,171.0,178.0,179.0,75.555,63.531,0.0,255.0,3.0,8.0,31.0,58.0,99.25,255.0,255.0,255.0,94.966,66.007,0.0,255.0,5.0,15.0,44.0,76.0,136.0,229.05,255.0,255.0,0.203462,0.034423,0.010769,welding_0010_17-38-24_p9,0010_17-38-24.jpg,data/welding/0010_17-38-24.jpg,data/welding,not_welding,46,9,0.627,1.0,welding,1.0,0.1018,1.0,0.0
2852,107.379,65.114,0.0,179.0,0.0,5.0,19.0,132.0,164.0,175.0,178.0,179.0,80.708,56.921,3.0,255.0,9.0,18.0,39.0,64.0,106.0,208.0,255.0,255.0,120.817,59.145,4.0,255.0,18.0,35.0,80.0,110.0,157.0,234.45,255.0,255.0,0.245091,0.071879,0.028401,welding_0010_17-38-24_p10,0010_17-38-24.jpg,data/welding/0010_17-38-24.jpg,data/welding,not_welding,46,10,0.5879,0.8326,welding,0.8326,0.0577,1.0,0.3194
16380,111.918,53.591,0.0,179.0,0.0,0.0,96.0,125.0,156.0,174.0,177.0,178.0,58.251,80.202,0.0,255.0,0.0,4.0,11.0,24.0,55.0,255.0,255.0,255.0,101.395,64.269,0.0,255.0,1.0,2.0,46.0,116.0,149.0,192.0,254.0,255.0,0.177228,0.022894,0.008852,welding_0010_18-06-32_p0,0010_18-06-32.jpg,data/welding/0010_18-06-32.jpg,data/welding,not_welding,47,0,0.9097,0.6129,welding,0.6129,0.0284,1.0,0.0972
11832,45.18,55.11,0.0,179.0,0.0,3.0,15.0,23.0,40.0,177.0,178.0,179.0,49.279,56.579,0.0,255.0,7.0,14.0,21.0,28.0,44.0,204.0,255.0,255.0,174.116,59.791,0.0,255.0,5.0,35.0,162.0,197.0,208.0,240.0,255.0,255.0,0.758367,0.069219,0.019354,welding_0010_18-06-32_p1,0010_18-06-32.jpg,data/welding/0010_18-06-32.jpg,data/welding,not_welding,47,1,0.8325,0.8897,welding,0.8897,0.0653,1.0,0.3194
14336,105.059,54.525,0.0,179.0,0.0,0.0,83.0,114.0,140.0,174.0,177.0,178.0,69.709,78.169,0.0,255.0,0.0,4.0,14.0,28.0,113.0,255.0,255.0,255.0,108.222,63.907,0.0,255.0,1.0,2.0,55.0,124.0,152.0,200.0,255.0,255.0,0.197266,0.028809,0.011998,welding_0010_18-06-32_p2,0010_18-06-32.jpg,data/welding/0010_18-06-32.jpg,data/welding,not_welding,47,2,0.8242,0.6475,welding,0.6475,0.033,1.0,0.0
6944,107.287,48.528,0.0,179.0,0.0,8.15,92.0,120.0,141.0,169.0,177.0,179.0,35.995,46.695,0.0,255.0,2.0,6.0,14.0,21.0,35.0,128.0,255.0,255.0,127.853,66.48,1.0,255.0,5.0,22.0,80.0,119.0,184.0,235.0,255.0,255.0,0.360743,0.020017,0.002736,welding_0010_18-06-32_p3,0010_18-06-32.jpg,data/welding/0010_18-06-32.jpg,data/welding,not_welding,47,3,0.7529,0.6355,welding,0.6355,0.0314,1.0,0.0
7020,63.636,66.535,0.0,179.0,0.0,0.0,11.0,23.0,132.0,173.0,177.0,179.0,46.812,62.106,0.0,255.0,0.0,3.0,10.0,21.0,52.0,226.05,255.0,255.0,121.863,75.144,0.0,255.0,2.0,12.0,52.0,115.0,199.0,222.0,238.81,255.0,0.411254,0.066097,0.005271,welding_0010_18-06-32_p4,0010_18-06-32.jpg,data/welding/0010_18-06-32.jpg,data/welding,not_welding,47,4,0.6123,1.0,welding,1.0,0.1392,1.0,0.0
8640,70.16,64.497,0.0,179.0,0.0,0.0,13.0,32.0,130.0,173.0,177.0,179.0,51.915,72.326,0.0,255.0,0.0,2.0,8.0,19.0,58.0,255.0,255.0,255.0,113.77,73.502,0.0,255.0,1.39,6.0,46.0,108.0,188.0,218.0,235.0,255.0,0.35162,0.048958,0.004282,welding_0010_18-06-32_p5,0010_18-06-32.jpg,data/welding/0010_18-06-32.jpg,data/welding,not_welding,47,5,0.5947,1.0,welding,1.0,0.1315,1.0,0.0972
2584,73.714,47.576,0.0,179.0,0.0,6.0,22.0,90.0,111.0,150.0,170.17,177.0,46.837,66.013,0.0,255.0,0.0,1.0,7.0,18.0,58.0,245.0,255.0,255.0,160.6,81.705,0.0,255.0,4.0,18.0,90.0,177.0,244.0,255.0,255.0,255.0,0.55418,0.104489,0.028638,welding_0010_18-06-32_p6,0010_18-06-32.jpg,data/welding/0010_18-06-32.jpg,data/welding,not_welding,47,6,0.5688,0.9239,welding,0.9239,0.0699,1.0,0.2917
8208,54.702,36.27,0.0,179.0,1.0,12.0,26.0,42.0,77.0,119.0,167.86,177.0,39.634,48.468,0.0,255.0,2.0,6.0,13.0,21.0,47.0,137.0,255.0,255.0,181.887,70.154,0.0,255.0,10.0,44.35,131.0,211.0,233.0,255.0,255.0,255.0,0.701145,0.058114,0.006457,welding_0010_18-19-59_p0,0010_18-19-59.jpg,data/welding/0010_18-19-59.jpg,data/welding,not_welding,48,0,0.894,0.4393,welding,0.4393,0.0052,1.0,0.0
12960,107.146,42.092,0.0,179.0,1.0,9.0,109.0,116.0,123.0,165.0,176.0,179.0,73.18,47.048,0.0,255.0,4.0,12.0,36.0,63.0,106.0,152.0,211.41,255.0,134.386,51.666,6.0,255.0,29.0,56.0,98.0,128.0,168.0,236.0,255.0,255.0,0.29892,0.029398,0.012114,welding_0010_18-19-59_p1,0010_18-19-59.jpg,data/welding/0010_18-19-59.jpg,data/welding,not_welding,48,1,0.8242,0.8253,welding,0.8253,0.0567,1.0,0.3194
18600,112.893,15.136,0.0,177.0,30.0,102.0,110.0,114.0,118.0,127.0,142.0,170.0,61.171,41.646,0.0,255.0,7.0,17.0,33.0,46.0,81.0,145.0,188.01,255.0,142.571,44.058,1.0,255.0,29.0,58.0,118.0,150.0,168.0,215.0,240.0,255.0,0.355108,5.4e-05,0.0,welding_0010_18-19-59_p2,0010_18-19-59.jpg,data/welding/0010_18-19-59.jpg,data/welding,not_welding,48,2,0.792,1.0,welding,1.0,0.125,1.0,0.0
2464,53.662,21.579,0.0,120.0,30.0,35.0,40.0,48.0,56.0,110.0,115.0,120.0,22.289,33.325,0.0,255.0,3.0,4.0,8.0,14.0,19.0,79.7,175.0,255.0,169.376,75.285,1.0,255.0,12.63,24.0,103.0,198.0,229.0,252.0,255.0,255.0,0.647727,0.0,0.0,welding_0010_18-19-59_p3,0010_18-19-59.jpg,data/welding/0010_18-19-59.jpg,data/welding,not_welding,48,3,0.6245,0.5339,welding,0.5339,0.0179,1.0,0.0
2660,65.839,51.435,0.0,179.0,0.0,0.0,30.0,51.0,87.75,171.0,176.0,178.341,43.752,49.249,0.0,255.0,0.0,0.0,13.0,23.0,59.0,154.05,210.41,255.0,147.789,68.324,2.0,255.0,17.0,32.0,94.0,153.0,197.0,255.0,255.0,255.0,0.474436,0.058647,0.002632,welding_0010_18-19-59_p4,0010_18-19-59.jpg,data/welding/0010_18-19-59.jpg,data/welding,not_welding,48,4,0.5645,0.8807,welding,0.8807,0.0641,1.0,0.0
29988,46.998,45.629,0.0,179.0,0.0,5.0,26.0,34.0,38.0,163.0,175.0,179.0,47.565,61.124,0.0,255.0,2.0,8.0,18.0,26.0,38.0,255.0,255.0,255.0,160.102,75.514,0.0,255.0,2.0,13.0,103.0,179.0,222.0,250.0,255.0,255.0,0.620348,0.048119,0.004335,welding_0010_18-35-46_p0,0010_18-35-46.jpg,data/welding/0010_18-35-46.jpg,data/welding,not_welding,49,0,0.9097,0.7729,welding,0.7729,0.0497,1.0,0.3889
13728,91.721,54.068,0.0,179.0,0.0,4.0,30.0,114.0,130.0,168.65,174.0,179.0,70.823,74.973,0.0,255.0,0.0,4.0,16.0,41.0,98.0,255.0,255.0,255.0,120.117,80.304,0.0,255.0,2.0,7.0,47.0,113.0,189.0,255.0,255.0,255.0,0.352637,0.049242,0.014714,welding_0010_18-35-46_p1,0010_18-35-46.jpg,data/welding/0010_18-35-46.jpg,data/welding,not_welding,49,1,0.8667,0.6005,welding,0.6005,0.0267,1.0,0.2083
8960,80.436,54.697,0.0,179.0,0.0,4.0,21.0,107.0,120.0,169.0,177.0,179.0,67.852,58.449,0.0,255.0,2.0,10.0,28.0,49.0,88.0,211.05,255.0,255.0,114.831,66.653,0.0,255.0,9.0,23.0,61.0,102.0,162.0,238.0,255.0,255.0,0.255357,0.06529,0.017188,welding_0010_18-35-46_p2,0010_18-35-46.jpg,data/welding/0010_18-35-46.jpg,data/welding,not_welding,49,2,0.6069,0.906,welding,0.906,0.0675,1.0,0.1944
